ID,line,path,eva_nr,category,station,state,city,zip,long,lat,arrival_plan,departure_plan,arrival_change,departure_change,arrival_delay_m,departure_delay_m,info,arrival_delay_check,departure_delay_check
1573967790757085557-2407072312-14,20,Stolberg(Rheinl)Hbf Gl.44|Eschweiler-St.Jöris|Alsdorf Poststraße|Alsdorf-Mariadorf|Alsdorf-Kellersberg|Alsdorf-Annapark|Alsdorf-Busch|Herzogenrath-August-Schmidt-Platz|Herzogenrath-Alt-Merkstein|Herzogenrath|Kohlscheid|Aachen West|Aachen Schanz,8000001,2,Aachen Hbf,Nordrhein-Westfalen,Aachen,52064,6.091499,50.7678,2024-07-08T00:00:00,2024-07-08T00:01:00,2024-07-08T00:03:00,2024-07-08T00:04:00,3,3,,on_time,on_time
349781417030375472-2407080017-1,18,,8000001,2,Aachen Hbf,Nordrhein-Westfalen,Aachen,52064,6.091499,50.7678,,2024-07-08T00:17:00,,,0,0,,on_time,on_time
7157250219775883918-2407072120-25,1,Hamm(Westf)Hbf|Kamen|Kamen-Methler|Dortmund-Kurl|Dortmund-Scharnhorst|Dortmund Hbf|Bochum Hbf|Wattenscheid|Essen Hbf|Mülheim(Ruhr)Hbf|Duisburg Hbf|Düsseldorf Flughafen|Düsseldorf Hbf|Düsseldorf-Benrath|Leverkusen Mitte|Köln-Mülheim|Köln Messe/Deutz|Köln Hbf|Köln-Ehrenfeld|Horrem|Düren|Langerwehe|Eschweiler Hbf|Stolberg(Rheinl)Hbf,8000406,4,Aachen-Rothe Erde,Nordrhein-Westfalen,Aachen,52066,6.116475,50.770202,2024-07-08T00:03:00,2024-07-08T00:04:00,2024-07-08T00:03:00,2024-07-08T00:04:00,0,0,,on_time,on_time
349781417030375472-2407080017-2,18,Aachen Hbf,8000404,5,Aachen West,Nordrhein-Westfalen,Aachen,52072,6.070715,50.78036,2024-07-08T00:20:00,2024-07-08T00:21:00,,,0,0,,on_time,on_time
1983158592123451570-2407080010-3,33,Herzogenrath|Kohlscheid,8000404,5,Aachen West,Nordrhein-Westfalen,Aachen,52072,6.070715,50.78036,2024-07-08T00:20:00,2024-07-08T00:21:00,2024-07-08T00:20:00,2024-07-08T00:21:00,0,0,,on_time,on_time
-5293934437045765939-2407080023-2,4,Herzogenrath,8000404,5,Aachen West,Nordrhein-Westfalen,Aachen,52072,6.070715,50.78036,2024-07-08T00:30:00,2024-07-08T00:31:00,2024-07-08T00:30:00,2024-07-08T00:31:00,0,0,Bauarbeiten. (Quelle: zuginfo.nrw),on_time,on_time
6845762881043426854-2407072357-6,RB33,Lindern|Geilenkirchen|Übach-Palenberg|Herzogenrath|Kohlscheid,8000404,5,Aachen West,Nordrhein-Westfalen,Aachen,52072,6.070715,50.78036,2024-07-08T00:58:00,2024-07-08T00:58:00,,,0,0,,on_time,on_time
-2100556839975301087-2407072307-13,18,Liège-Guillemins|Bressoux|Vise|Eijsden|Maastricht Randwyck|Maastricht|Meerssen|Valkenburg(NL)|Heerlen|Landgraaf|Eygelshoven Markt|Herzogenrath,8000404,5,Aachen West,Nordrhein-Westfalen,Aachen,52072,6.070715,50.78036,2024-07-08T00:37:00,2024-07-08T00:41:00,2024-07-08T00:37:00,2024-07-08T00:41:00,0,0,,on_time,on_time
-7696913984968518161-2407080037-1,13,,8000002,3,Aalen Hbf,Baden-Württemberg,Aalen,73430,10.096271,48.841013,,2024-07-08T00:37:00,,2024-07-08T00:37:00,0,0,Information,on_time,on_time
-6027587483204218492-2407080013-4,8,Bremen Hbf|Bremen-Sebaldsbrück|Bremen-Mahndorf,8000413,4,Achim,Niedersachsen,Achim,28832,9.030447,53.01599,2024-07-08T00:27:00,2024-07-08T00:27:00,2024-07-08T01:16:00,2024-07-08T01:17:00,49,50,,delay,delay
-7723223610149163054-2407072310-9,69,Münster(Westf)Hbf|Münster-Hiltrup|Rinkerode|Drensteinfurt|Mersch(Westf)|Hamm-Bockum-Hövel|Hamm(Westf)Hbf|Hamm-Heessen,8000441,4,Ahlen (Westf),Nordrhein-Westfalen,Ahlen,59227,7.895488,51.761062,2024-07-08T00:15:00,2024-07-08T00:16:00,2024-07-08T00:15:00,2024-07-08T00:16:00,0,0,,on_time,on_time
5729393359484274537-2407080007-8,69,Bielefeld Hbf|Bielefeld-Brackwede|Isselhorst-Avenwedde|Gütersloh Hbf|Rheda-Wiedenbrück|Oelde|Beckum-Neubeckum,8000441,4,Ahlen (Westf),Nordrhein-Westfalen,Ahlen,59227,7.895488,51.761062,2024-07-08T00:39:00,2024-07-08T00:39:00,2024-07-08T00:39:00,2024-07-08T00:39:00,0,0,,on_time,on_time
1640260421649276864-2407080004-5,7,Hannover Hbf|Hannover-Kleefeld|Hannover Karl-Wiechert-Allee|Hannover Anderten-Misburg,8000443,5,Ahlten (Han),Niedersachsen,Lehrte,31275,9.904613,52.376062,2024-07-08T00:16:00,2024-07-08T00:16:00,2024-07-08T00:24:00,2024-07-08T00:24:00,8,8,Information,delay,delay
8352762151701721590-2407080034-5,3,Hannover Hbf|Hannover-Kleefeld|Hannover Karl-Wiechert-Allee|Hannover Anderten-Misburg,8000443,5,Ahlten (Han),Niedersachsen,Lehrte,31275,9.904613,52.376062,2024-07-08T00:46:00,2024-07-08T00:46:00,2024-07-08T00:46:00,2024-07-08T00:46:00,0,0,Information,on_time,on_time
-1113872591615872448-2407072343-6,3,Hildesheim Hbf|Harsum|Algermissen|Sehnde|Lehrte,8000443,5,Ahlten (Han),Niedersachsen,Lehrte,31275,9.904613,52.376062,2024-07-08T00:10:00,2024-07-08T00:11:00,2024-07-08T00:10:00,2024-07-08T00:11:00,0,0,Information,on_time,on_time
7148083203553802700-2407072356-5,RB81,Hamburg Hasselbrook|Hamburg Wandsbeker Chaussee|Hamburg-Tonndorf|Hamburg-Rahlstedt,8000446,4,Ahrensburg,Schleswig-Holstein,Ahrensburg,22926,10.236206,53.669171,2024-07-08T00:34:00,2024-07-08T00:34:00,,,0,0,Information,on_time,on_time
5507673346685034119-2407072356-5,RB81,Hamburg Hasselbrook|Hamburg Wandsbeker Chaussee|Hamburg-Tonndorf|Hamburg-Rahlstedt,8000446,4,Ahrensburg,Schleswig-Holstein,Ahrensburg,22926,10.236206,53.669171,2024-07-08T00:34:00,2024-07-08T00:34:00,,,0,0,Information,on_time,on_time
-6105012072686197130-2407080016-3,RB81,Bargteheide|Ahrensburg-Gartenholz,8000446,4,Ahrensburg,Schleswig-Holstein,Ahrensburg,22926,10.236206,53.669171,2024-07-08T00:39:00,2024-07-08T00:39:00,,,0,0,Information,on_time,on_time
7734805089613574578-2407072359-7,RB13,Augsburg Hbf|Augsburg Haunstetterstraße|Augsburg-Hochzoll|Friedberg(Augsburg)|Dasing|Obergriesbach,8000452,5,Aichach,Bayern,Aichach,86551,11.122721,48.461117,2024-07-08T00:24:00,2024-07-08T00:25:00,2024-07-08T00:24:00,2024-07-08T00:25:00,0,0,,on_time,on_time
-8761881508899340400-2407080008-6,2,Nauen|Brieselang|Finkenkrug|Falkensee|Seegefeld,8080040,5,Albrechtshof,Berlin,Berlin,13591,13.128917,52.549396,2024-07-08T00:28:00,2024-07-08T00:29:00,2024-07-08T00:28:00,2024-07-08T00:29:00,0,0,,on_time,on_time
6182068753204726904-2407072344-10,8,Flughafen BER|Berlin Ostkreuz|Berlin Ostbahnhof|Berlin Alexanderplatz|Berlin Friedrichstraße|Berlin Hbf|Berlin Zoologischer Garten|Berlin-Charlottenburg|Berlin-Spandau,8080040,5,Albrechtshof,Berlin,Berlin,13591,13.128917,52.549396,2024-07-08T00:39:00,2024-07-08T00:40:00,2024-07-08T00:40:00,2024-07-08T00:41:00,1,1,,on_time,on_time
-5328965667779335365-2407072203-17,2,Cottbus Hbf|Kolkwitz|Vetschau|Raddusch|Lübbenau(Spreewald)|Lübben(Spreewald)|Brand Tropical Islands|Königs Wusterhausen|Berlin Ostkreuz|Berlin Ostbahnhof|Berlin Alexanderplatz|Berlin Friedrichstraße|Berlin Hbf|Berlin Zoologischer Garten|Berlin-Charlottenburg|Berlin-Spandau,8080040,5,Albrechtshof,Berlin,Berlin,13591,13.128917,52.549396,2024-07-08T00:00:00,2024-07-08T00:01:00,2024-07-08T00:04:00,2024-07-08T00:05:00,4,4,,on_time,on_time
-5194156004862660093-2407072125-28,8,Wismar|Dorf Mecklenburg|Bad Kleinen|Lübstorf|Schwerin Hbf|Schwerin Mitte|Schwerin Süd|Holthusen|Sülstorf|Rastow|Lüblow(Meckl)|Ludwigslust|Grabow(Meckl)|Karstädt|Wittenberge|Bad Wilsnack|Glöwen|Breddin|Neustadt(Dosse)|Friesack(Mark)|Paulinenaue|Nauen|Falkensee|Berlin-Spandau|Berlin Zoologischer Garten|Berlin Hbf|Berlin Friedrichstraße,8011155,3,Alexanderplatz,Berlin,Berlin,10179,13.410961,52.521481,2024-07-08T00:47:00,2024-07-08T00:48:00,2024-07-08T00:47:00,2024-07-08T00:48:00,0,0,,on_time,on_time
-8761881508899340400-2407080008-12,2,Nauen|Brieselang|Finkenkrug|Falkensee|Seegefeld|Albrechtshof|Berlin-Spandau|Berlin-Charlottenburg|Berlin Zoologischer Garten|Berlin Hbf|Berlin Friedrichstraße,8011155,3,Alexanderplatz,Berlin,Berlin,10179,13.410961,52.521481,2024-07-08T00:59:00,2024-07-08T01:00:00,2024-07-08T00:59:00,2024-07-08T01:00:00,0,0,,on_time,on_time
2001635860734548872-2407072324-13,1,Frankfurt(Oder)|Frankfurt(Oder)-Rosengarten|Pillgram|Jacobsdorf(Mark)|Briesen(Mark)|Berkenbrück|Fürstenwalde(Spree)|Hangelsberg|Fangschleuse|Erkner|Berlin Ostkreuz|Berlin Ostbahnhof,8011155,3,Alexanderplatz,Berlin,Berlin,10179,13.410961,52.521481,2024-07-08T00:33:00,2024-07-08T00:34:00,2024-07-08T00:35:00,2024-07-08T00:36:00,2,2,,on_time,on_time
6182068753204726904-2407072344-4,8,Flughafen BER|Berlin Ostkreuz|Berlin Ostbahnhof,8011155,3,Alexanderplatz,Berlin,Berlin,10179,13.410961,52.521481,2024-07-08T00:09:00,2024-07-08T00:10:00,2024-07-08T00:11:00,2024-07-08T00:12:00,2,2,,on_time,on_time
7251022928272275067-2407072206-20,1,Magdeburg Hbf|Magdeburg-Neustadt|Burg(Magdeburg)|Güsen(b Genthin)|Genthin|Wusterwitz|Kirchmöser|Brandenburg Hbf|Götz|Groß Kreutz|Werder(Havel)|Potsdam Park Sanssouci|Potsdam Charlottenhof|Potsdam Hbf|Berlin-Wannsee|Berlin-Charlottenburg|Berlin Zoologischer Garten|Berlin Hbf|Berlin Friedrichstraße,8011155,3,Alexanderplatz,Berlin,Berlin,10179,13.410961,52.521481,2024-07-08T00:04:00,2024-07-08T00:05:00,2024-07-08T00:04:00,2024-07-08T00:05:00,0,0,,on_time,on_time
6252347552889792227-2407072336-6,RE2,Hannover Hbf|Sarstedt|Nordstemmen|Elze(Han)|Banteln,8000483,4,Alfeld (Leine),Niedersachsen,Alfeld,31061,9.817779,51.981417,2024-07-08T00:09:00,2024-07-08T00:10:00,2024-07-08T00:24:00,2024-07-08T00:25:00,15,15,,delay,delay
1097110016422901566-2407072336-7,2,Villingen(Schwarzw)|Donaueschingen|Geisingen|Immendingen|Singen(Hohentwiel)|Radolfzell,8000496,5,Allensbach,Baden-Württemberg,Allensbach,78476,9.068852,47.714464,2024-07-08T00:32:00,2024-07-08T00:32:00,2024-07-08T00:34:00,2024-07-08T00:35:00,2,3,Information,on_time,on_time
8092363418274949423-2407072350-6,1,Kirchheim(Teck)|Kirchheim(Teck)-Ötlingen|Wendlingen(Neckar)|Wernau(Neckar)|Plochingen,8000508,3,Altbach,Baden-Württemberg,Altbach,73776,9.382384,48.720393,2024-07-08T00:10:00,2024-07-08T00:10:00,2024-07-08T00:10:00,2024-07-08T00:11:00,0,1,Information,on_time,on_time
1617964573784399284-2407072316-24,1,Herrenberg|Nufringen|Gärtringen|Ehningen(b Böblingen)|Hulb|Böblingen|Goldberg(Württ)|Stuttgart-Rohr|Stuttgart-Vaihingen|Stuttgart-Österfeld|Stuttgart Universität|Stuttgart Schwabstr.|Stuttgart Feuersee|Stuttgart Stadtmitte|Stuttgart Hbf (tief)|Stuttgart-Bad Cannstatt|Stuttgart Neckarpark|Stuttgart-Untertürkheim|Stuttgart-Obertürkheim|Esslingen-Mettingen|Esslingen(Neckar)|Oberesslingen|Esslingen-Zell,8000508,3,Altbach,Baden-Württemberg,Altbach,73776,9.382384,48.720393,2024-07-08T00:19:00,2024-07-08T00:19:00,2024-07-08T00:20:00,2024-07-08T00:21:00,1,2,Information,on_time,on_time
4035296386850578453-2407072346-24,1,Herrenberg|Nufringen|Gärtringen|Ehningen(b Böblingen)|Hulb|Böblingen|Goldberg(Württ)|Stuttgart-Rohr|Stuttgart-Vaihingen|Stuttgart-Österfeld|Stuttgart Universität|Stuttgart Schwabstr.|Stuttgart Feuersee|Stuttgart Stadtmitte|Stuttgart Hbf (tief)|Stuttgart-Bad Cannstatt|Stuttgart Neckarpark|Stuttgart-Untertürkheim|Stuttgart-Obertürkheim|Esslingen-Mettingen|Esslingen(Neckar)|Oberesslingen|Esslingen-Zell,8000508,3,Altbach,Baden-Württemberg,Altbach,73776,9.382384,48.720393,2024-07-08T00:49:00,2024-07-08T00:49:00,2024-07-08T00:49:00,2024-07-08T00:50:00,0,1,Information,on_time,on_time
-8775031481172421761-2407080020-6,1,Kirchheim(Teck)|Kirchheim(Teck)-Ötlingen|Wendlingen(Neckar)|Wernau(Neckar)|Plochingen,8000508,3,Altbach,Baden-Württemberg,Altbach,73776,9.382384,48.720393,2024-07-08T00:40:00,2024-07-08T00:40:00,2024-07-08T00:40:00,2024-07-08T00:41:00,0,1,Information,on_time,on_time
-3390013903921837926-2407080013-4,1,Hamburg Airport|Hamburg-Ohlsdorf|Hamburg Rübenkamp,8000512,4,Alte Wöhr,Hamburg,Hamburg,22307,10.035415,53.59793,2024-07-08T00:22:00,2024-07-08T00:22:00,,,0,0,,on_time,on_time
-3521475736976801889-2407080008-7,1,Hamburg-Poppenbüttel|Hamburg-Wellingsbüttel|Hamburg Hoheneichen|Hamburg Kornweg(Klein Borstel)|Hamburg-Ohlsdorf|Hamburg Rübenkamp,8000512,4,Alte Wöhr,Hamburg,Hamburg,22307,10.035415,53.59793,2024-07-08T00:22:00,2024-07-08T00:22:00,,,0,0,,on_time,on_time
-5006626778859705318-2407072348-7,1,Hamburg-Poppenbüttel|Hamburg-Wellingsbüttel|Hamburg Hoheneichen|Hamburg Kornweg(Klein Borstel)|Hamburg-Ohlsdorf|Hamburg Rübenkamp,8000512,4,Alte Wöhr,Hamburg,Hamburg,22307,10.035415,53.59793,2024-07-08T00:02:00,2024-07-08T00:02:00,2024-07-08T00:06:00,2024-07-08T00:06:00,4,4,,on_time,on_time
-5416266371209213922-2407072323-24,1,Wedel(Holst)|Hamburg-Rissen|Hamburg-Sülldorf|Hamburg-Iserbrook|Hamburg-Blankenese|Hamburg Hochkamp|Hamburg Klein Flottbek|Hamburg-Othmarschen|Hamburg-Bahrenfeld|Hamburg-Ottensen|Hamburg-Altona(S)|Hamburg Königstraße|Hamburg Reeperbahn|Hamburg Landungsbrücken|Hamburg Stadthausbrücke|Hamburg Jungfernstieg|Hamburg Hbf (S-Bahn)|Hamburg Berliner Tor|Hamburg Landwehr|Hamburg Hasselbrook|Hamburg Wandsbeker Chaussee|Hamburg Friedrichsberg|Hamburg-Barmbek,8000512,4,Alte Wöhr,Hamburg,Hamburg,22307,10.035415,53.59793,2024-07-08T00:19:00,2024-07-08T00:19:00,2024-07-08T00:19:00,2024-07-08T00:19:00,0,0,,on_time,on_time
-2177588258474375206-2407080023-15,5,Hamburg Elbgaustraße|Hamburg-Eidelstedt|Hamburg-Stellingen|Hamburg-Langenfelde|Hamburg Holstenstraße|Hamburg-Sternschanze|Hamburg Dammtor|Hamburg Hbf (S-Bahn)|Hamburg Berliner Tor|Hamburg Landwehr|Hamburg Hasselbrook|Hamburg Wandsbeker Chaussee|Hamburg Friedrichsberg|Hamburg-Barmbek,8000512,4,Alte Wöhr,Hamburg,Hamburg,22307,10.035415,53.59793,2024-07-08T00:57:00,2024-07-08T00:57:00,,,0,0,,on_time,on_time
3534916180088668718-2407080003-24,1,Wedel(Holst)|Hamburg-Rissen|Hamburg-Sülldorf|Hamburg-Iserbrook|Hamburg-Blankenese|Hamburg Hochkamp|Hamburg Klein Flottbek|Hamburg-Othmarschen|Hamburg-Bahrenfeld|Hamburg-Ottensen|Hamburg-Altona(S)|Hamburg Königstraße|Hamburg Reeperbahn|Hamburg Landungsbrücken|Hamburg Stadthausbrücke|Hamburg Jungfernstieg|Hamburg Hbf (S-Bahn)|Hamburg Berliner Tor|Hamburg Landwehr|Hamburg Hasselbrook|Hamburg Wandsbeker Chaussee|Hamburg Friedrichsberg|Hamburg-Barmbek,8000512,4,Alte Wöhr,Hamburg,Hamburg,22307,10.035415,53.59793,2024-07-08T00:59:00,2024-07-08T00:59:00,,,0,0,,on_time,on_time
3945870737082109061-2407072353-4,1,Hamburg Airport|Hamburg-Ohlsdorf|Hamburg Rübenkamp,8000512,4,Alte Wöhr,Hamburg,Hamburg,22307,10.035415,53.59793,2024-07-08T00:02:00,2024-07-08T00:02:00,2024-07-08T00:06:00,2024-07-08T00:06:00,4,4,,on_time,on_time
-1093508172194817351-2407072343-24,1,Wedel(Holst)|Hamburg-Rissen|Hamburg-Sülldorf|Hamburg-Iserbrook|Hamburg-Blankenese|Hamburg Hochkamp|Hamburg Klein Flottbek|Hamburg-Othmarschen|Hamburg-Bahrenfeld|Hamburg-Ottensen|Hamburg-Altona(S)|Hamburg Königstraße|Hamburg Reeperbahn|Hamburg Landungsbrücken|Hamburg Stadthausbrücke|Hamburg Jungfernstieg|Hamburg Hbf (S-Bahn)|Hamburg Berliner Tor|Hamburg Landwehr|Hamburg Hasselbrook|Hamburg Wandsbeker Chaussee|Hamburg Friedrichsberg|Hamburg-Barmbek,8000512,4,Alte Wöhr,Hamburg,Hamburg,22307,10.035415,53.59793,2024-07-08T00:39:00,2024-07-08T00:39:00,2024-07-08T00:39:00,2024-07-08T00:39:00,0,0,,on_time,on_time
-1457274040898548571-2407072336-4,RB84,Höxter-Ottbergen|Brakel(Höxter)|Bad Driburg(Westf),8000004,3,Altenbeken,Nordrhein-Westfalen,Altenbeken,33184,8.943319,51.766433,2024-07-08T00:28:00,2024-07-08T00:28:00,,,0,0,,on_time,on_time
2992031615454778636-2407072348-5,S5,"Bahnhof B176, Neukieritzsch|Deutzen Markt|Regis-Breitingen|Treben-Lehma",8010003,5,Altenburg,Thüringen,Altenburg,4600,12.444019,50.996648,2024-07-08T00:25:00,2024-07-08T00:26:00,2024-07-08T00:39:00,2024-07-08T00:39:00,14,13,,delay,delay
-5109043856199033040-2407072315-10,RB91,Hagen Hbf|Hohenlimburg|Letmathe|Altena(Westf)|Werdohl|Plettenberg|Finnentrop|Lennestadt-Grevenbrück|Lennestadt-Meggen,8000532,4,Lennestadt-Altenhundem,Nordrhein-Westfalen,Lennestadt,57368,8.071517,51.104132,2024-07-08T00:19:00,2024-07-08T00:19:00,2024-07-08T00:36:00,2024-07-08T00:36:00,17,17,,delay,delay
1974895317199967519-2407072348-10,45,Berlin Südkreuz (S)|Berlin-Tempelhof|Berlin Hermannstraße|Berlin-Neukölln|Berlin Köllnische Heide|Berlin Baumschulenweg|Berlin-Schöneweide (S)|Berlin-Johannisthal|Berlin-Adlershof,8089054,4,Altglienicke,Berlin,Berlin,12524,13.558753,52.407299,2024-07-08T00:13:00,2024-07-08T00:13:00,2024-07-08T00:13:00,2024-07-08T00:13:00,0,0,,on_time,on_time
3360893944022444050-2407072338-26,9,Berlin-Spandau (S)|Berlin-Stresow|Berlin-Pichelsberg|Berlin Olympiastadion|Berlin Heerstraße|Berlin Messe Süd (Eichkamp)|Berlin Westkreuz|Berlin Charlottenburg (S)|Berlin Savignyplatz|Berlin Zoologischer Garten (S)|Berlin-Tiergarten|Berlin Bellevue|Berlin Hbf (S-Bahn)|Berlin Friedrichstraße (S)|Berlin Hackescher Markt|Berlin Alexanderplatz (S)|Berlin Jannowitzbrücke|Berlin Ostbahnhof (S)|Berlin Warschauer Straße|Berlin Treptower Park|Berlin Plänterwald|Berlin Baumschulenweg|Berlin-Schöneweide (S)|Berlin-Johannisthal|Berlin-Adlershof,8089054,4,Altglienicke,Berlin,Berlin,12524,13.558753,52.407299,2024-07-08T00:42:00,2024-07-08T00:43:00,2024-07-08T00:42:00,2024-07-08T00:43:00,0,0,,on_time,on_time
8754252874419393638-2407072349-5,9,Flughafen BER (S-Bahn)|Waßmannsdorf|Schönefeld(bei Berlin)|Berlin Grünbergallee,8089054,4,Altglienicke,Berlin,Berlin,12524,13.558753,52.407299,2024-07-08T00:03:00,2024-07-08T00:03:00,2024-07-08T00:03:00,2024-07-08T00:03:00,0,0,,on_time,on_time
6809920023340627969-2407080009-5,9,Flughafen BER (S-Bahn)|Waßmannsdorf|Schönefeld(bei Berlin)|Berlin Grünbergallee,8089054,4,Altglienicke,Berlin,Berlin,12524,13.558753,52.407299,2024-07-08T00:23:00,2024-07-08T00:23:00,2024-07-08T00:23:00,2024-07-08T00:23:00,0,0,,on_time,on_time
8444775672791196589-2407072357-5,45,Flughafen BER (S-Bahn)|Waßmannsdorf|Schönefeld(bei Berlin)|Berlin Grünbergallee,8089054,4,Altglienicke,Berlin,Berlin,12524,13.558753,52.407299,2024-07-08T00:10:00,2024-07-08T00:11:00,2024-07-08T00:10:00,2024-07-08T00:11:00,0,0,,on_time,on_time
-8927383541084970752-2407072318-26,9,Berlin-Spandau (S)|Berlin-Stresow|Berlin-Pichelsberg|Berlin Olympiastadion|Berlin Heerstraße|Berlin Messe Süd (Eichkamp)|Berlin Westkreuz|Berlin Charlottenburg (S)|Berlin Savignyplatz|Berlin Zoologischer Garten (S)|Berlin-Tiergarten|Berlin Bellevue|Berlin Hbf (S-Bahn)|Berlin Friedrichstraße (S)|Berlin Hackescher Markt|Berlin Alexanderplatz (S)|Berlin Jannowitzbrücke|Berlin Ostbahnhof (S)|Berlin Warschauer Straße|Berlin Treptower Park|Berlin Plänterwald|Berlin Baumschulenweg|Berlin-Schöneweide (S)|Berlin-Johannisthal|Berlin-Adlershof,8089054,4,Altglienicke,Berlin,Berlin,12524,13.558753,52.407299,2024-07-08T00:22:00,2024-07-08T00:23:00,2024-07-08T00:22:00,2024-07-08T00:23:00,0,0,,on_time,on_time
8253464076549036480-2407080029-5,9,Flughafen BER (S-Bahn)|Waßmannsdorf|Schönefeld(bei Berlin)|Berlin Grünbergallee,8089054,4,Altglienicke,Berlin,Berlin,12524,13.558753,52.407299,2024-07-08T00:43:00,2024-07-08T00:43:00,,,0,0,,on_time,on_time
-227463373182075391-2407072258-26,9,Berlin-Spandau (S)|Berlin-Stresow|Berlin-Pichelsberg|Berlin Olympiastadion|Berlin Heerstraße|Berlin Messe Süd (Eichkamp)|Berlin Westkreuz|Berlin Charlottenburg (S)|Berlin Savignyplatz|Berlin Zoologischer Garten (S)|Berlin-Tiergarten|Berlin Bellevue|Berlin Hbf (S-Bahn)|Berlin Friedrichstraße (S)|Berlin Hackescher Markt|Berlin Alexanderplatz (S)|Berlin Jannowitzbrücke|Berlin Ostbahnhof (S)|Berlin Warschauer Straße|Berlin Treptower Park|Berlin Plänterwald|Berlin Baumschulenweg|Berlin-Schöneweide (S)|Berlin-Johannisthal|Berlin-Adlershof,8089054,4,Altglienicke,Berlin,Berlin,12524,13.558753,52.407299,2024-07-08T00:02:00,2024-07-08T00:03:00,2024-07-08T00:04:00,2024-07-08T00:04:00,2,1,,on_time,on_time
3564208461273482936-2407080017-5,45,Flughafen BER (S-Bahn)|Waßmannsdorf|Schönefeld(bei Berlin)|Berlin Grünbergallee,8089054,4,Altglienicke,Berlin,Berlin,12524,13.558753,52.407299,2024-07-08T00:30:00,2024-07-08T00:31:00,2024-07-08T00:30:00,2024-07-08T00:31:00,0,0,,on_time,on_time
-1621672876699348789-2407080006-5,9,München Hbf|München-Pasing|Mammendorf|Haspelmoor,8000545,5,Althegnenberg,Bayern,Althegnenberg,82278,11.063003,48.236374,2024-07-08T00:32:00,2024-07-08T00:33:00,2024-07-08T00:32:00,2024-07-08T00:33:00,0,0,,on_time,on_time
179162183929136680-2407072219-24,9,Ulm Hbf|Neu-Ulm|Nersingen|Leipheim|Günzburg|Offingen|Mindelaltheim|Burgau(Schwab)|Jettingen|Freihalden|Dinkelscherben|Kutzenhausen|Gessertshausen|Diedorf(Schwab)|Westheim(Schwab)|Neusäß|Augsburg-Oberhausen|Augsburg Hbf|Augsburg Haunstetterstraße|Augsburg-Hochzoll|Kissing|Mering-St Afra|Mering,8000545,5,Althegnenberg,Bayern,Althegnenberg,82278,11.063003,48.236374,2024-07-08T00:10:00,2024-07-08T00:10:00,2024-07-08T00:10:00,2024-07-08T00:10:00,0,0,,on_time,on_time
-4543259130159730694-2407080010-2,40,Schwandorf,8000566,5,Amberg,Bayern,Amberg,92224,11.862902,49.447616,2024-07-08T00:24:00,2024-07-08T00:25:00,2024-07-08T00:24:00,2024-07-08T00:25:00,0,0,,on_time,on_time
-2613597036987682746-2407072345-7,40,Nürnberg Hbf|Hersbruck(r Pegnitz)|Hartmannshof|Etzelwang|Neukirchen(b Sulzb)|Sulzbach-Rosenberg,8000566,5,Amberg,Bayern,Amberg,92224,11.862902,49.447616,2024-07-08T00:34:00,2024-07-08T00:35:00,2024-07-08T00:34:00,2024-07-08T00:35:00,0,0,,on_time,on_time
-3880380850482353172-2407072328-9,40,München Hbf|München Ost|Markt Schwaben|Hörlkofen|Walpertskirchen|Thann-Matzbach|Dorfen Bahnhof|Schwindegg,8000576,5,Ampfing,Bayern,Ampfing,84539,12.410919,48.253949,2024-07-08T00:31:00,2024-07-08T00:31:00,2024-07-08T00:33:00,2024-07-08T00:34:00,2,3,,on_time,on_time
-8294488612689916544-2407072229-21,26,Köln/Bonn Flughafen|Köln Messe/Deutz|Köln Hbf|Köln West|Köln Süd|Hürth-Kalscheuren|Brühl|Sechtem|Roisdorf|Bonn Hbf|Bonn UN Campus|Bonn-Bad Godesberg|Bonn-Mehlem|Rolandseck|Oberwinter|Remagen|Sinzig(Rhein)|Bad Breisig|Brohl|Namedy,8000331,3,Andernach,Rheinland-Pfalz,Andernach,56626,7.404839,50.434542,2024-07-08T00:08:00,2024-07-08T00:09:00,2024-07-08T00:11:00,2024-07-08T00:12:00,3,3,,on_time,on_time
5078737997455806676-2407072302-26,26,Mainz Hbf|Mainz-Mombach|Budenheim|Uhlerborn|Heidesheim(Rheinhess)|Ingelheim|Gau Algesheim|Bingen-Gaulsheim|Bingen(Rhein) Stadt|Bingen(Rhein) Hbf|Trechtingshausen|Niederheimbach|Bacharach|Oberwesel|St Goar|Boppard-Hirzenach|Boppard-Bad Salzig|Boppard Hbf|Spay|Rhens|Koblenz Hbf|Koblenz Stadtmitte|Koblenz-Lützel|Mülheim-Kärlich|Weißenthurm,8000331,3,Andernach,Rheinland-Pfalz,Andernach,56626,7.404839,50.434542,2024-07-08T00:47:00,2024-07-08T00:48:00,2024-07-08T00:48:00,2024-07-08T00:49:00,1,1,Bauarbeiten. (Quelle: zuginfo.nrw),on_time,on_time
1640260421649276864-2407080004-4,7,Hannover Hbf|Hannover-Kleefeld|Hannover Karl-Wiechert-Allee,8000578,5,Anderten-Misburg,Niedersachsen,Hannover-Anderten,30559,9.861109,52.369161,2024-07-08T00:13:00,2024-07-08T00:13:00,2024-07-08T00:21:00,2024-07-08T00:21:00,8,8,Information,delay,delay
8352762151701721590-2407080034-4,3,Hannover Hbf|Hannover-Kleefeld|Hannover Karl-Wiechert-Allee,8000578,5,Anderten-Misburg,Niedersachsen,Hannover-Anderten,30559,9.861109,52.369161,2024-07-08T00:43:00,2024-07-08T00:43:00,2024-07-08T00:43:00,2024-07-08T00:43:00,0,0,Information,on_time,on_time
-1113872591615872448-2407072343-7,3,Hildesheim Hbf|Harsum|Algermissen|Sehnde|Lehrte|Ahlten,8000578,5,Anderten-Misburg,Niedersachsen,Hannover-Anderten,30559,9.861109,52.369161,2024-07-08T00:14:00,2024-07-08T00:14:00,2024-07-08T00:14:00,2024-07-08T00:14:00,0,0,Information,on_time,on_time
2117934828130981348-2407072340-11,3,Angermünde|Wilmersdorf(Angerm)|Warnitz(Uckermark)|Seehausen(Uckermark)|Prenzlau|Nechlin|Pasewalk|Jatznick|Ferdinandshof|Ducherow,8011044,5,Anklam,Mecklenburg-Vorpommern,Anklam,17389,13.701827,53.856102,2024-07-08T00:56:00,2024-07-08T00:57:00,2024-07-08T00:56:00,2024-07-08T00:57:00,0,0,,on_time,on_time
3019202154709505854-2407080038-3,33,Mönchengladbach Hbf|Viersen,8000584,5,Anrath,Nordrhein-Westfalen,Willich,47877,6.45023,51.285536,2024-07-08T00:49:00,2024-07-08T00:50:00,,,0,0,Bauarbeiten. (Quelle: zuginfo.nrw),on_time,on_time
-2982859918294871248-2407072335-11,33,Duisburg Hbf|Duisburg-Hochfeld Süd|Rheinhausen Ost|Rheinhausen|Krefeld-Hohenbudberg Chempark|Krefeld-Uerdingen|Krefeld-Linn|Krefeld-Oppum|Krefeld Hbf|Forsthaus,8000584,5,Anrath,Nordrhein-Westfalen,Willich,47877,6.45023,51.285536,2024-07-08T00:07:00,2024-07-08T00:08:00,2024-07-08T00:08:00,2024-07-08T00:09:00,1,1,Bauarbeiten. (Quelle: zuginfo.nrw),on_time,on_time
-260201455100667482-2407080014-1,4,,8000009,3,Ansbach,Bayern,Ansbach,91522,10.578239,49.298032,,2024-07-08T00:14:00,,2024-07-08T00:14:00,0,0,,on_time,on_time
5936763616756446203-2407072309-18,20,Leipzig Hbf|Leipzig-Möckern|Leipzig-Leutzsch|Leipzig-Rückmarsdorf|Leipzig-Miltitz|Markranstädt|Großlehna|Kötzschau|Bad Dürrenberg|Großkorbetha|Weißenfels|Leißling|Naumburg(Saale)Hbf|Bad Kösen|Großheringen|Bad Sulza|Niedertrebra,8011051,4,Apolda,Thüringen,Apolda,99510,11.526136,51.03094,2024-07-08T00:30:00,2024-07-08T00:31:00,2024-07-08T00:30:00,2024-07-08T00:31:00,0,0,,on_time,on_time
2347053826992548858-2407080007-4,42,Münster(Westf)Hbf|Münster-Albachten|Senden-Bösensell,8000595,4,Nottuln-Appelhülsen,Nordrhein-Westfalen,Nottuln-Appelhülsen,48301,7.426334,51.892139,2024-07-08T00:20:00,2024-07-08T00:20:00,2024-07-08T00:20:00,2024-07-08T00:20:00,0,0,,on_time,on_time
-7811368954226795941-2407072306-15,2,Düsseldorf Hbf|Düsseldorf Flughafen|Duisburg Hbf|Mülheim(Ruhr)Hbf|Essen Hbf|Gelsenkirchen Hbf|Wanne-Eickel Hbf|Recklinghausen Süd|Recklinghausen Hbf|Marl-Sinsen|Haltern am See|Sythen|Dülmen|Buldern,8000595,4,Nottuln-Appelhülsen,Nordrhein-Westfalen,Nottuln-Appelhülsen,48301,7.426334,51.892139,2024-07-08T00:37:00,2024-07-08T00:38:00,2024-07-08T00:37:00,2024-07-08T00:38:00,0,0,,on_time,on_time
477558261709148762-2407080010-9,31,Mainz Hbf|Mainz Waggonfabrik|Mainz-Gonsenheim|Mainz-Marienborn|Klein Winternheim-Ober Olm|Nieder Olm|Saulheim|Wörrstadt,8000602,5,Armsheim,Rheinland-Pfalz,Armsheim,55288,8.074113,49.808372,2024-07-08T00:45:00,2024-07-08T00:45:00,2024-07-08T00:45:00,2024-07-08T00:45:00,0,0,,on_time,on_time
-7482504967361172310-2407080021-1,57,,8000605,4,Arnsberg (Westf),Nordrhein-Westfalen,Arnsberg,59821,8.067965,51.405662,,2024-07-08T00:21:00,,2024-07-08T00:21:00,0,0,Bauarbeiten. (Quelle: zuginfo.nrw),on_time,on_time
-6420897253859089585-2407072350-6,RB60,Dresden Hbf|Dresden Mitte|Dresden-Neustadt|Dresden-Klotzsche|Radeberg,8010006,5,Arnsdorf (b Dresden),Sachsen,Arnsdorf,1477,13.982212,51.092807,2024-07-08T00:14:00,2024-07-08T00:14:00,2024-07-08T00:18:00,2024-07-08T00:18:00,4,4,,on_time,on_time
1202483610931944812-2407072318-16,RB60,Görlitz|Görlitz-Rauschwalde|Gersdorf(Görlitz)|Reichenbach(Oberlausitz)|Zoblitz|Löbau(Sachs)|Breitendorf|Pommritz|Kubschütz|Bautzen|Seitschen|Demitz-Thumitz|Bischofswerda|Weickersdorf(Sachs)|Großharthau,8010006,5,Arnsdorf (b Dresden),Sachsen,Arnsdorf,1477,13.982212,51.092807,2024-07-08T00:44:00,2024-07-08T00:45:00,2024-07-08T00:44:00,2024-07-08T00:45:00,0,0,,on_time,on_time
3699460996554102396-2407072350-6,RB61,Dresden Hbf|Dresden Mitte|Dresden-Neustadt|Dresden-Klotzsche|Radeberg,8010006,5,Arnsdorf (b Dresden),Sachsen,Arnsdorf,1477,13.982212,51.092807,2024-07-08T00:14:00,2024-07-08T00:14:00,2024-07-08T00:18:00,2024-07-08T00:18:00,4,4,,on_time,on_time
2492143918486028416-2407072351-14,RB61,Ebersbach(Sachs)|Neusalza-Spremberg|Taubenheim(Spree)|Sohland|Schirgiswalde-Kirschau|Wilthen|Neukirch(Lausitz)Ost|Neukirch(Lausitz)West|Putzkau|Schmölln(Ol)|Bischofswerda|Weickersdorf(Sachs)|Großharthau,8010006,5,Arnsdorf (b Dresden),Sachsen,Arnsdorf,1477,13.982212,51.092807,2024-07-08T00:44:00,2024-07-08T00:45:00,2024-07-08T00:44:00,2024-07-08T00:45:00,0,0,,on_time,on_time
-354358819527274421-2407080003-6,44,Erfurt Hbf|Erfurt-Bischleben|Neudietendorf|Sülzenbrücken|Haarhausen,8010007,4,Arnstadt Hbf,Thüringen,Arnstadt,99310,10.948262,50.841939,2024-07-08T00:23:00,2024-07-08T00:24:00,2024-07-08T00:23:00,2024-07-08T00:24:00,0,0,,on_time,on_time
6411876671020775734-2407080003-6,46,Erfurt Hbf|Erfurt-Bischleben|Neudietendorf|Sülzenbrücken|Haarhausen,8010007,4,Arnstadt Hbf,Thüringen,Arnstadt,99310,10.948262,50.841939,2024-07-08T00:23:00,2024-07-08T00:24:00,2024-07-08T00:23:00,2024-07-08T00:24:00,0,0,,on_time,on_time
9117006994590991223-2407072236-16,54,Würzburg Hbf|Würzburg-Zell|Veitshöchheim|Thüngersheim|Retzbach-Zellingen|Himmelstadt|Karlstadt(Main)|Wernfeld|Gemünden(Main)|Langenprozelten|Lohr Bahnhof|Partenstein|Heigenbrücken|Laufach|Hösbach,8000010,2,Aschaffenburg Hbf,Bayern,Aschaffenburg,63739,9.143697,49.980557,2024-07-08T00:22:00,2024-07-08T00:24:00,2024-07-08T00:26:00,2024-07-08T00:27:00,4,3,,on_time,on_time
-527291053674496399-2407080005-5,RB84,Kiel Hbf|Kiel-Elmschenhagen|Raisdorf|Preetz,8000011,5,Ascheberg (Holst),Schleswig-Holstein,Ascheberg (Holstein),24326,10.339481,54.148462,2024-07-08T00:37:00,2024-07-08T00:38:00,2024-07-08T00:37:00,2024-07-08T00:38:00,0,0,,on_time,on_time
6109077175066149143-2407072328-8,RB84,Lübeck Hbf|Bad Schwartau|Pansdorf|Pönitz(Holst)|Eutin|Bad Malente-Gremsmühlen|Plön,8000011,5,Ascheberg (Holst),Schleswig-Holstein,Ascheberg (Holstein),24326,10.339481,54.148462,2024-07-08T00:19:00,2024-07-08T00:20:00,2024-07-08T00:19:00,2024-07-08T00:20:00,0,0,,on_time,on_time
-8623493443822830758-2407080006-6,RE83,Lübeck Hbf|Bad Schwartau|Eutin|Bad Malente-Gremsmühlen|Plön,8000011,5,Ascheberg (Holst),Schleswig-Holstein,Ascheberg (Holstein),24326,10.339481,54.148462,2024-07-08T00:49:00,2024-07-08T00:50:00,2024-07-08T00:49:00,2024-07-08T00:50:00,0,0,,on_time,on_time
4137780767720878431-2407072343-4,RE83,Kiel Hbf|Raisdorf|Preetz,8000011,5,Ascheberg (Holst),Schleswig-Holstein,Ascheberg (Holstein),24326,10.339481,54.148462,2024-07-08T00:07:00,2024-07-08T00:08:00,2024-07-08T00:08:00,2024-07-08T00:09:00,1,1,,on_time,on_time
-3867961652283034517-2407080023-6,44,Bernburg Hbf|Ilberstedt|Güsten|Giersleben|Schierstedt,8010009,4,Aschersleben Pbf,Sachsen-Anhalt,Aschersleben,6449,11.465689,51.757122,2024-07-08T00:46:00,2024-07-08T00:47:00,2024-07-08T00:46:00,2024-07-08T00:47:00,0,0,,on_time,on_time
4760651137475633059-2407072359-8,RB31,Uelzen|Bad Bevensen|Bienenbüttel|Lüneburg|Bardowick|Radbruch|Winsen(Luhe),8000627,5,Ashausen,Niedersachsen,Stelle,21435,10.145564,53.368693,2024-07-08T00:40:00,2024-07-08T00:40:00,2024-07-08T00:40:00,2024-07-08T00:40:00,0,0,,on_time,on_time
6460993900723984023-2407072333-6,RB31,Hamburg Hbf|Hamburg-Harburg|Meckelfeld|Maschen|Stelle,8000627,5,Ashausen,Niedersachsen,Stelle,21435,10.145564,53.368693,2024-07-08T00:02:00,2024-07-08T00:02:00,2024-07-08T00:13:00,2024-07-08T00:13:00,11,11,,delay,delay
-3066283384668269754-2407072352-10,5,Stuttgart Schwabstr.|Stuttgart Feuersee|Stuttgart Stadtmitte|Stuttgart Hbf (tief)|Stuttgart Nord|Stuttgart-Feuerbach|Stuttgart-Zuffenhausen|Kornwestheim Pbf|Ludwigsburg,8000630,4,Asperg,Baden-Württemberg,Asperg,71679,9.147797,48.907359,2024-07-08T00:17:00,2024-07-08T00:17:00,2024-07-08T00:17:00,2024-07-08T00:17:00,0,0,Information,on_time,on_time
8164387048971779418-2407080007-3,5,Bietigheim-Bissingen|Tamm(Württ),8000630,4,Asperg,Baden-Württemberg,Asperg,71679,9.147797,48.907359,2024-07-08T00:12:00,2024-07-08T00:13:00,2024-07-08T00:12:00,2024-07-08T00:13:00,0,0,Information,on_time,on_time
-276896031776243712-2407072351-4,RE5,München Hbf Gl.5-10|München Ost|Grafing Bahnhof,8000634,5,Aßling (Oberbay),Bayern,Aßling,85617,11.993518,47.989491,2024-07-08T00:21:00,2024-07-08T00:21:00,2024-07-08T00:23:00,2024-07-08T00:23:00,2,2,,on_time,on_time
2931906224447066494-2407072250-14,RE5,Salzburg Hbf|Salzburg Mülln-Altstadt|Freilassing|Teisendorf|Traunstein|Bergen(Oberbay)|Übersee|Bernau a Chiemsee|Prien am Chiemsee|Bad Endorf|Rosenheim|Großkarolinenfeld|Ostermünchen,8000634,5,Aßling (Oberbay),Bayern,Aßling,85617,11.993518,47.989491,2024-07-08T00:26:00,2024-07-08T00:27:00,2024-07-08T00:26:00,2024-07-08T00:27:00,0,0,,on_time,on_time
-1308595689782672773-2407080000-7,2,Blankenfelde (S)|Mahlow|Berlin-Lichtenrade|Berlin Schichauweg|Berlin Buckower Chaussee|Berlin-Marienfelde,8089003,4,Attilastraße,Berlin,Berlin,12105,13.360951,52.447681,2024-07-08T00:20:00,2024-07-08T00:21:00,2024-07-08T00:20:00,2024-07-08T00:21:00,0,0,,on_time,on_time
3983164985221343074-2407072340-7,2,Blankenfelde (S)|Mahlow|Berlin-Lichtenrade|Berlin Schichauweg|Berlin Buckower Chaussee|Berlin-Marienfelde,8089003,4,Attilastraße,Berlin,Berlin,12105,13.360951,52.447681,2024-07-08T00:00:00,2024-07-08T00:01:00,2024-07-08T00:02:00,2024-07-08T00:02:00,2,1,,on_time,on_time
-2963774187440278538-2407072323-22,2,Bernau (S)|Bernau-Friedenstal|Zepernick(Bernau)|Röntgental|Berlin-Buch|Berlin-Karow|Berlin-Blankenburg|Berlin-Pankow-Heinersdorf|Berlin-Pankow|Berlin Bornholmer Str.|Berlin Gesundbrunnen(S)|Berlin Humboldthain|Berlin Nordbahnhof|Berlin Oranienburger Straße|Berlin Friedrichstraße (S)|Berlin Brandenburger Tor|Berlin Potsdamer Platz (S)|Berlin Anhalter Bf|Berlin Yorckstr.(S2)|Berlin Südkreuz (S)|Berlin Priesterweg,8089003,4,Attilastraße,Berlin,Berlin,12105,13.360951,52.447681,2024-07-08T00:14:00,2024-07-08T00:15:00,2024-07-08T00:16:00,2024-07-08T00:16:00,2,1,,on_time,on_time
-5738915798531129536-2407072343-22,2,Bernau (S)|Bernau-Friedenstal|Zepernick(Bernau)|Röntgental|Berlin-Buch|Berlin-Karow|Berlin-Blankenburg|Berlin-Pankow-Heinersdorf|Berlin-Pankow|Berlin Bornholmer Str.|Berlin Gesundbrunnen(S)|Berlin Humboldthain|Berlin Nordbahnhof|Berlin Oranienburger Straße|Berlin Friedrichstraße (S)|Berlin Brandenburger Tor|Berlin Potsdamer Platz (S)|Berlin Anhalter Bf|Berlin Yorckstr.(S2)|Berlin Südkreuz (S)|Berlin Priesterweg,8089003,4,Attilastraße,Berlin,Berlin,12105,13.360951,52.447681,2024-07-08T00:34:00,2024-07-08T00:35:00,2024-07-08T00:34:00,2024-07-08T00:35:00,0,0,,on_time,on_time
-5950091281616137024-2407080020-7,2,Blankenfelde (S)|Mahlow|Berlin-Lichtenrade|Berlin Schichauweg|Berlin Buckower Chaussee|Berlin-Marienfelde,8089003,4,Attilastraße,Berlin,Berlin,12105,13.360951,52.447681,2024-07-08T00:40:00,2024-07-08T00:41:00,,,0,0,,on_time,on_time
-8301379295245375921-2407080003-22,2,Bernau (S)|Bernau-Friedenstal|Zepernick(Bernau)|Röntgental|Berlin-Buch|Berlin-Karow|Berlin-Blankenburg|Berlin-Pankow-Heinersdorf|Berlin-Pankow|Berlin Bornholmer Str.|Berlin Gesundbrunnen(S)|Berlin Humboldthain|Berlin Nordbahnhof|Berlin Oranienburger Straße|Berlin Friedrichstraße (S)|Berlin Brandenburger Tor|Berlin Potsdamer Platz (S)|Berlin Anhalter Bf|Berlin Yorckstr.(S2)|Berlin Südkreuz (S)|Berlin Priesterweg,8089003,4,Attilastraße,Berlin,Berlin,12105,13.360951,52.447681,2024-07-08T00:54:00,2024-07-08T00:55:00,2024-07-08T00:54:00,2024-07-08T00:55:00,0,0,,on_time,on_time
-1764616001057382001-2407072323-10,9,Köln Hbf|Köln Messe/Deutz|Porz(Rhein)|Troisdorf|Siegburg/Bonn|Hennef(Sieg)|Eitorf|Herchen|Schladern(Sieg),8000012,3,Au (Sieg),Nordrhein-Westfalen,Windeck,51570,7.656537,50.773765,2024-07-08T00:15:00,2024-07-08T00:16:00,2024-07-08T00:16:00,2024-07-08T00:17:00,1,1,Information. (Quelle: zuginfo.nrw),on_time,on_time
6747395917083058256-2407072346-19,27,Riegel-Malterdingen|Köndringen|Teningen-Mundingen|Emmendingen|Kollmarsreute|Denzlingen|Gundelfingen(Breisgau)|Freiburg-Zähringen|Freiburg-Herdern|Freiburg(Breisgau) Hbf|Freiburg-St Georgen|Ebringen|Schallstadt|Norsingen|Bad Krozingen|Heitersheim|Buggingen|Müllheim(Baden),8000657,5,Auggen,Baden-Württemberg,Auggen,79424,7.586788,47.789949,2024-07-08T00:54:00,2024-07-08T00:55:00,2024-07-08T00:55:00,2024-07-08T00:55:00,1,0,,on_time,on_time
-2524541331675730230-2407072353-11,27,Basel Bad Bf|Weil am Rhein|Haltingen|Eimeldingen|Efringen-Kirchen|Istein|Kleinkems|Rheinweiler|Bad Bellingen|Schliengen,8000657,5,Auggen,Baden-Württemberg,Auggen,79424,7.586788,47.789949,2024-07-08T00:24:00,2024-07-08T00:25:00,2024-07-08T00:24:00,2024-07-08T00:25:00,0,0,,on_time,on_time
4818429524705393843-2407072302-21,27,Orschweier|Ringsheim/Europa-Park|Herbolzheim(Breisg)|Kenzingen|Riegel-Malterdingen|Köndringen|Teningen-Mundingen|Emmendingen|Kollmarsreute|Denzlingen|Gundelfingen(Breisgau)|Freiburg(Breisgau) Hbf|Freiburg-St Georgen|Ebringen|Schallstadt|Norsingen|Bad Krozingen|Heitersheim|Buggingen|Müllheim(Baden),8000657,5,Auggen,Baden-Württemberg,Auggen,79424,7.586788,47.789949,2024-07-08T00:10:00,2024-07-08T00:11:00,2024-07-08T00:17:00,2024-07-08T00:17:00,7,6,,delay,delay
7734805089613574578-2407072359-2,RB13,Augsburg Hbf,8000658,3,Augsburg Haunstetterstraße,Bayern,Augsburg,86161,10.900985,48.355285,2024-07-08T00:01:00,2024-07-08T00:02:00,2024-07-08T00:03:00,2024-07-08T00:03:00,2,1,,on_time,on_time
-1621672876699348789-2407080006-10,9,München Hbf|München-Pasing|Mammendorf|Haspelmoor|Althegnenberg|Mering|Mering-St Afra|Kissing|Augsburg-Hochzoll,8000658,3,Augsburg Haunstetterstraße,Bayern,Augsburg,86161,10.900985,48.355285,2024-07-08T00:50:00,2024-07-08T00:50:00,2024-07-08T00:50:00,2024-07-08T00:50:00,0,0,,on_time,on_time
-1132115514607203488-2407072315-18,RB67,Weilheim(Oberbay)|Raisting|Dießen|St Alban|Riederau|Utting|Schondorf(Bay)|St Ottilien|Geltendorf|Walleshausen|Egling|Schmiechen(Schwab)|Merching|Mering|Mering-St Afra|Kissing|Augsburg-Hochzoll,8000658,3,Augsburg Haunstetterstraße,Bayern,Augsburg,86161,10.900985,48.355285,2024-07-08T00:35:00,2024-07-08T00:36:00,2024-07-08T00:35:00,2024-07-08T00:36:00,0,0,,on_time,on_time
6449613228243482585-2407072353-3,RB67,Augsburg-Oberhausen|Augsburg Hbf,8000658,3,Augsburg Haunstetterstraße,Bayern,Augsburg,86161,10.900985,48.355285,2024-07-08T00:01:00,2024-07-08T00:01:00,2024-07-08T00:03:00,2024-07-08T00:03:00,2,2,,on_time,on_time
1647016829303373226-2407072308-10,RB13,Ingolstadt Hbf|Brunnen(Oberbay)|Schrobenhausen|Radersdorf|Aichach|Obergriesbach|Dasing|Friedberg(Augsburg)|Augsburg-Hochzoll,8000658,3,Augsburg Haunstetterstraße,Bayern,Augsburg,86161,10.900985,48.355285,2024-07-08T00:05:00,2024-07-08T00:05:00,2024-07-08T00:06:00,2024-07-08T00:06:00,1,1,,on_time,on_time
-8506992454186612126-2407072346-8,RB69,Lagerlechfeld|Graben(Lechfeld)Gewerbepark|Oberottmarshausen|Bobingen|Inningen|Augsburg Messe|Augsburg Morellstr.,8000013,1,Augsburg Hbf,Bayern,Augsburg,86150,10.88557,48.365441,2024-07-08T00:13:00,2024-07-08T00:14:00,2024-07-08T00:13:00,2024-07-08T00:14:00,0,0,,on_time,on_time
6526500943120584903-2407080001-1,87,,8000013,1,Augsburg Hbf,Bayern,Augsburg,86150,10.88557,48.365441,,2024-07-08T00:01:00,,2024-07-08T00:01:00,0,0,,on_time,on_time
-1132115514607203488-2407072315-19,RB67,Weilheim(Oberbay)|Raisting|Dießen|St Alban|Riederau|Utting|Schondorf(Bay)|St Ottilien|Geltendorf|Walleshausen|Egling|Schmiechen(Schwab)|Merching|Mering|Mering-St Afra|Kissing|Augsburg-Hochzoll|Augsburg Haunstetterstraße,8000013,1,Augsburg Hbf,Bayern,Augsburg,86150,10.88557,48.365441,2024-07-08T00:39:00,2024-07-08T00:41:00,2024-07-08T00:39:00,2024-07-08T00:41:00,0,0,,on_time,on_time
-6711944245409804133-2407080018-1,RB77,,8000013,1,Augsburg Hbf,Bayern,Augsburg,86150,10.88557,48.365441,,2024-07-08T00:18:00,,2024-07-08T00:18:00,0,0,,on_time,on_time
7734805089613574578-2407072359-3,RB13,Augsburg Hbf|Augsburg Haunstetterstraße,8000661,3,Augsburg-Hochzoll,Bayern,Augsburg,86163,10.943376,48.352977,2024-07-08T00:05:00,2024-07-08T00:06:00,2024-07-08T00:06:00,2024-07-08T00:07:00,1,1,,on_time,on_time
-1621672876699348789-2407080006-9,9,München Hbf|München-Pasing|Mammendorf|Haspelmoor|Althegnenberg|Mering|Mering-St Afra|Kissing,8000661,3,Augsburg-Hochzoll,Bayern,Augsburg,86163,10.943376,48.352977,2024-07-08T00:47:00,2024-07-08T00:47:00,2024-07-08T00:47:00,2024-07-08T00:47:00,0,0,,on_time,on_time
-1132115514607203488-2407072315-17,RB67,Weilheim(Oberbay)|Raisting|Dießen|St Alban|Riederau|Utting|Schondorf(Bay)|St Ottilien|Geltendorf|Walleshausen|Egling|Schmiechen(Schwab)|Merching|Mering|Mering-St Afra|Kissing,8000661,3,Augsburg-Hochzoll,Bayern,Augsburg,86163,10.943376,48.352977,2024-07-08T00:32:00,2024-07-08T00:33:00,2024-07-08T00:32:00,2024-07-08T00:33:00,0,0,,on_time,on_time
6449613228243482585-2407072353-4,RB67,Augsburg-Oberhausen|Augsburg Hbf|Augsburg Haunstetterstraße,8000661,3,Augsburg-Hochzoll,Bayern,Augsburg,86163,10.943376,48.352977,2024-07-08T00:04:00,2024-07-08T00:05:00,2024-07-08T00:06:00,2024-07-08T00:07:00,2,2,,on_time,on_time
1647016829303373226-2407072308-9,RB13,Ingolstadt Hbf|Brunnen(Oberbay)|Schrobenhausen|Radersdorf|Aichach|Obergriesbach|Dasing|Friedberg(Augsburg),8000661,3,Augsburg-Hochzoll,Bayern,Augsburg,86163,10.943376,48.352977,2024-07-08T00:01:00,2024-07-08T00:01:00,2024-07-08T00:01:00,2024-07-08T00:02:00,0,1,,on_time,on_time
6526500943120584903-2407080001-2,87,Augsburg Hbf,8000662,4,Augsburg-Oberhausen,Bayern,Augsburg,86154,10.872533,48.380772,2024-07-08T00:03:00,2024-07-08T00:04:00,2024-07-08T00:03:00,2024-07-08T00:04:00,0,0,,on_time,on_time
-8498467652613556647-2407072326-11,87,Donauwörth|Bäumenheim|Mertingen Bahnhof|Nordendorf|Westendorf|Meitingen|Herbertshofen|Langweid(Lech)|Gablingen|Gersthofen,8000662,4,Augsburg-Oberhausen,Bayern,Augsburg,86154,10.872533,48.380772,2024-07-08T00:01:00,2024-07-08T00:02:00,2024-07-08T00:01:00,2024-07-08T00:02:00,0,0,,on_time,on_time
-1864719989850494098-2407080018-5,5,Ulm Hbf|Laupheim West|Biberach(Riß)|Bad Schussenried,8000014,4,Aulendorf,Baden-Württemberg,Aulendorf,88326,9.644046,47.953052,2024-07-08T00:59:00,2024-07-08T01:00:00,2024-07-08T00:59:00,2024-07-08T01:00:00,0,0,,on_time,on_time
-1351324616938075364-2407072337-4,3,Friedrichshafen Stadt|Meckenbeuren|Ravensburg,8000014,4,Aulendorf,Baden-Württemberg,Aulendorf,88326,9.644046,47.953052,2024-07-08T00:05:00,2024-07-08T00:08:00,2024-07-08T00:27:00,2024-07-08T00:28:00,22,20,,delay,delay
-4134203509296320161-2407080006-1,2,,8000669,4,Aumühle,Schleswig-Holstein,Aumühle,21521,10.314672,53.529853,,2024-07-08T00:06:00,,,0,0,,on_time,on_time
9163971608865104531-2407072329-6,RB33,Mönchengladbach Hbf|Rheydt Hbf|Wickrath|Herrath|Erkelenz,8000677,4,Hückelhoven-Baal,Nordrhein-Westfalen,Hückelhoven-Baal,41836,6.27280712,51.0329743,2024-07-08T00:22:00,2024-07-08T00:22:00,,,0,0,,on_time,on_time
-1789291156889335682-2407072358-4,RE4,Mönchengladbach Hbf|Rheydt Hbf|Erkelenz,8000677,4,Hückelhoven-Baal,Nordrhein-Westfalen,Hückelhoven-Baal,41836,6.27280712,51.0329743,2024-07-08T00:48:00,2024-07-08T00:48:00,,,0,0,,on_time,on_time
-8045179484884037898-2407072302-6,RB33,Herzogenrath|Übach-Palenberg|Geilenkirchen|Lindern|Brachelen,8000677,4,Hückelhoven-Baal,Nordrhein-Westfalen,Hückelhoven-Baal,41836,6.27280712,51.0329743,2024-07-08T00:01:00,2024-07-08T00:01:00,,,0,0,,on_time,on_time
-5116200977454988467-2407072331-28,7,Ahrensfelde (S)|Berlin Mehrower Allee|Berlin Raoul-Wallenberg-Str.|Berlin-Marzahn|Berlin Poelchaustr.|Berlin Springpfuhl|Berlin-Friedrichsfelde Ost|Berlin-Lichtenberg (S)|Berlin Nöldnerplatz|Berlin Ostkreuz (S)|Berlin Warschauer Straße|Berlin Ostbahnhof (S)|Berlin Jannowitzbrücke|Berlin Alexanderplatz (S)|Berlin Hackescher Markt|Berlin Friedrichstraße (S)|Berlin Hbf (S-Bahn)|Berlin Bellevue|Berlin-Tiergarten|Berlin Zoologischer Garten (S)|Berlin Savignyplatz|Berlin Charlottenburg (S)|Berlin Westkreuz|Berlin-Grunewald|Berlin-Nikolassee|Berlin-Wannsee (S)|Potsdam Griebnitzsee (S),8080070,4,Babelsberg,Brandenburg,Potsdam,14482,13.092871,52.391391,2024-07-08T00:40:00,2024-07-08T00:40:00,2024-07-08T00:40:00,2024-07-08T00:40:00,0,0,,on_time,on_time
-4974155122273476899-2407072251-28,7,Ahrensfelde (S)|Berlin Mehrower Allee|Berlin Raoul-Wallenberg-Str.|Berlin-Marzahn|Berlin Poelchaustr.|Berlin Springpfuhl|Berlin-Friedrichsfelde Ost|Berlin-Lichtenberg (S)|Berlin Nöldnerplatz|Berlin Ostkreuz (S)|Berlin Warschauer Straße|Berlin Ostbahnhof (S)|Berlin Jannowitzbrücke|Berlin Alexanderplatz (S)|Berlin Hackescher Markt|Berlin Friedrichstraße (S)|Berlin Hbf (S-Bahn)|Berlin Bellevue|Berlin-Tiergarten|Berlin Zoologischer Garten (S)|Berlin Savignyplatz|Berlin Charlottenburg (S)|Berlin Westkreuz|Berlin-Grunewald|Berlin-Nikolassee|Berlin-Wannsee (S)|Potsdam Griebnitzsee (S),8080070,4,Babelsberg,Brandenburg,Potsdam,14482,13.092871,52.391391,2024-07-08T00:00:00,2024-07-08T00:00:00,2024-07-08T00:05:00,2024-07-08T00:05:00,5,5,,on_time,on_time
-2159877480966285483-2407080001-2,7,Potsdam Hbf (S),8080070,4,Babelsberg,Brandenburg,Potsdam,14482,13.092871,52.391391,2024-07-08T00:04:00,2024-07-08T00:04:00,2024-07-08T00:04:00,2024-07-08T00:04:00,0,0,,on_time,on_time
398857489194859952-2407080041-2,7,Potsdam Hbf (S),8080070,4,Babelsberg,Brandenburg,Potsdam,14482,13.092871,52.391391,2024-07-08T00:44:00,2024-07-08T00:44:00,,,0,0,,on_time,on_time
6786112085151129871-2407072311-28,7,Ahrensfelde (S)|Berlin Mehrower Allee|Berlin Raoul-Wallenberg-Str.|Berlin-Marzahn|Berlin Poelchaustr.|Berlin Springpfuhl|Berlin-Friedrichsfelde Ost|Berlin-Lichtenberg (S)|Berlin Nöldnerplatz|Berlin Ostkreuz (S)|Berlin Warschauer Straße|Berlin Ostbahnhof (S)|Berlin Jannowitzbrücke|Berlin Alexanderplatz (S)|Berlin Hackescher Markt|Berlin Friedrichstraße (S)|Berlin Hbf (S-Bahn)|Berlin Bellevue|Berlin-Tiergarten|Berlin Zoologischer Garten (S)|Berlin Savignyplatz|Berlin Charlottenburg (S)|Berlin Westkreuz|Berlin-Grunewald|Berlin-Nikolassee|Berlin-Wannsee (S)|Potsdam Griebnitzsee (S),8080070,4,Babelsberg,Brandenburg,Potsdam,14482,13.092871,52.391391,2024-07-08T00:20:00,2024-07-08T00:20:00,2024-07-08T00:20:00,,0,0,,on_time,on_time
-7320758964149291748-2407080021-2,7,Potsdam Hbf (S),8080070,4,Babelsberg,Brandenburg,Potsdam,14482,13.092871,52.391391,2024-07-08T00:24:00,2024-07-08T00:24:00,,,0,0,,on_time,on_time
125166261613250160-2407072236-17,RB75,Wiesbaden Hbf|Mainz Hbf|Mainz Römisches Theater|Mainz-Gustavsburg|Mainz-Bischofsheim|Nauheim(b Gr.Gerau)|Groß Gerau|Klein Gerau|Weiterstadt|Darmstadt Hbf|Darmstadt Nord|Darmstadt-Kranichstein|Messel|Dieburg|Altheim(Hess)|Hergershausen,8000015,5,Babenhausen (Hess),Hessen,Babenhausen,64832,8.957182,49.957963,2024-07-07T23:58:00,2024-07-08T00:00:00,2024-07-08T00:04:00,2024-07-08T00:06:00,6,6,,delay,delay
-973252442035435426-2407072316-9,RE85,Frankfurt(Main)Hbf|Frankfurt(Main)Süd|Offenbach(Main)Hbf|Hanau Hbf|Hanau Klein-Auheim|Hainburg Hainstadt|Seligenstadt(Hess)|Mainhausen Zellhausen,8000015,5,Babenhausen (Hess),Hessen,Babenhausen,64832,8.957182,49.957963,2024-07-07T23:56:00,2024-07-08T00:01:00,2024-07-08T00:09:00,2024-07-08T00:10:00,13,9,,delay,delay
-6748349582798644325-2407072344-9,RB58,Holzkirchen|Kreuzstraße|Westerham|Feldolling|Bruckmühl|Heufeldmühle|Hinrichssegen|Heufeld,8000690,5,Bad Aibling,Bayern,Bad Aibling,83043,12.004157,47.862028,2024-07-08T00:18:00,2024-07-08T00:18:00,2024-07-08T00:18:00,2024-07-08T00:18:00,0,0,,on_time,on_time
4760651137475633059-2407072359-2,RB31,Uelzen,8000935,5,Bad Bevensen,Niedersachsen,Bad Bevensen,29549,10.574141,53.078247,2024-07-08T00:07:00,2024-07-08T00:07:00,2024-07-08T00:07:00,2024-07-08T00:07:00,0,0,,on_time,on_time
6460993900723984023-2407072333-12,RB31,Hamburg Hbf|Hamburg-Harburg|Meckelfeld|Maschen|Stelle|Ashausen|Winsen(Luhe)|Radbruch|Bardowick|Lüneburg|Bienenbüttel,8000935,5,Bad Bevensen,Niedersachsen,Bad Bevensen,29549,10.574141,53.078247,2024-07-08T00:37:00,2024-07-08T00:37:00,2024-07-08T00:44:00,2024-07-08T00:44:00,7,7,,delay,delay
5078737997455806676-2407072302-29,26,Mainz Hbf|Mainz-Mombach|Budenheim|Uhlerborn|Heidesheim(Rheinhess)|Ingelheim|Gau Algesheim|Bingen-Gaulsheim|Bingen(Rhein) Stadt|Bingen(Rhein) Hbf|Trechtingshausen|Niederheimbach|Bacharach|Oberwesel|St Goar|Boppard-Hirzenach|Boppard-Bad Salzig|Boppard Hbf|Spay|Rhens|Koblenz Hbf|Koblenz Stadtmitte|Koblenz-Lützel|Mülheim-Kärlich|Weißenthurm|Andernach|Namedy|Brohl,8000694,5,Bad Breisig,Rheinland-Pfalz,Bad Breisig,53498,7.304564,50.504218,2024-07-08T00:58:00,2024-07-08T00:58:00,2024-07-08T00:59:00,2024-07-08T00:59:00,1,1,Bauarbeiten. (Quelle: zuginfo.nrw),on_time,on_time
6236530130243353826-2407072329-7,22,Frankfurt(Main)Hbf|Frankfurt-Höchst|Hofheim(Taunus)|Niedernhausen(Taunus)|Idstein(Taunus)|Wörsdorf,8001322,5,Bad Camberg,Hessen,Bad Camberg,65520,8.255036,50.296433,2024-07-08T00:15:00,2024-07-08T00:16:00,2024-07-08T00:15:00,2024-07-08T00:16:00,0,0,,on_time,on_time
-276896031776243712-2407072351-8,RE5,München Hbf Gl.5-10|München Ost|Grafing Bahnhof|Aßling(Oberbay)|Ostermünchen|Großkarolinenfeld|Rosenheim,8001787,4,Bad Endorf (Oberbay),Bayern,Bad Endorf,83093,12.301558,47.905066,2024-07-08T00:48:00,2024-07-08T00:49:00,2024-07-08T00:49:00,2024-07-08T00:50:00,1,1,,on_time,on_time
-4788908943953123436-2407072336-11,18,Osterburken|Adelsheim Ost|Sennfeld|Roigheim|Möckmühl|Züttlingen|Siglingen|Neudenau|Herbolzheim(Jagst)|Untergriesheim,8000017,3,Bad Friedrichshall Hbf,Baden-Württemberg,Bad Friedrichshall,74177,9.199771,49.231571,2024-07-08T00:14:00,2024-07-08T00:16:00,2024-07-08T00:14:00,2024-07-08T00:16:00,0,0,,on_time,on_time
-5615667881522004218-2407072333-33,41,Öhringen-Cappel|Öhringen Hbf|Öhringen West|Bitzfeld|Bretzfeld|Scheppach|Wieslensdorf|Eschenau(b Heilbronn)|Affaltrach|Willsbach|Sülzbach Schule|Sülzbach|Ellhofen|Weinsberg/Ellhofen Gewerbegebiet|Weinsberg|Weinsberg West|Heilbronn Trappensee|Heilbronn Pfühlpark|Heilbronn Finanzamt|Heilbronn Friedensplatz|Heilbronn Harmonie|Heilbronn Harmonie/Kunsthalle|Heilbronn Theater|Heilbronn Technisches Schulzentrum|Heilbronn Industrieplatz|Heilbronn Hans-Rießer-Straße|Heilbronn Kaufland|Neckarsulm Süd|Neckarsulm|Neckarsulm Mitte|Neckarsulm Nord|Bad Friedrichshall-Kochendorf,8000017,3,Bad Friedrichshall Hbf,Baden-Württemberg,Bad Friedrichshall,74177,9.199771,49.231571,2024-07-08T00:47:00,2024-07-08T00:48:00,2024-07-08T00:47:00,2024-07-08T00:48:00,0,0,,on_time,on_time
1804730020822672480-2407080012-11,42,Sinsheim(Elsenz) Hbf|Sinsheim Museum/Arena|Steinsfurt|Grombach|Babstadt|Bad Rappenau|Bad Rappenau Kurpark|Bad Wimpfen-Hohenstadt|Bad Wimpfen|Bad Wimpfen Im Tal,8000017,3,Bad Friedrichshall Hbf,Baden-Württemberg,Bad Friedrichshall,74177,9.199771,49.231571,2024-07-08T00:43:00,2024-07-08T00:44:00,2024-07-08T00:43:00,2024-07-08T00:44:00,0,0,,on_time,on_time
8706177205460685358-2407080020-8,41,Mosbach(Baden)|Mosbach West|Mosbach-Neckarelz|Neckarzimmern|Haßmersheim|Gundelsheim(Neckar)|Offenau,8000017,3,Bad Friedrichshall Hbf,Baden-Württemberg,Bad Friedrichshall,74177,9.199771,49.231571,2024-07-08T00:47:00,2024-07-08T00:48:00,2024-07-08T00:47:00,2024-07-08T00:48:00,0,0,,on_time,on_time
-3115433283334869644-2407072349-16,42,Heilbronn Pfühlpark|Heilbronn Finanzamt|Heilbronn Friedensplatz|Heilbronn Harmonie|Heilbronn Harmonie/Kunsthalle|Heilbronn Theater|Heilbronn Technisches Schulzentrum|Heilbronn Industrieplatz|Heilbronn Hans-Rießer-Straße|Heilbronn Kaufland|Neckarsulm Süd|Neckarsulm|Neckarsulm Mitte|Neckarsulm Nord|Bad Friedrichshall-Kochendorf,8000017,3,Bad Friedrichshall Hbf,Baden-Württemberg,Bad Friedrichshall,74177,9.199771,49.231571,2024-07-08T00:19:00,2024-07-08T00:20:00,2024-07-08T00:19:00,2024-07-08T00:20:00,0,0,,on_time,on_time
8425980936755347637-2407072226-17,50,Frankfurt(Main)Hbf|Frankfurt(Main)Süd|Offenbach(Main)Hbf|Hanau Hbf|Langenselbold|Gelnhausen|Wächtersbach|Bad Soden-Salmünster|Steinau(Straße)|Schlüchtern|Flieden|Neuhof(Kr Fulda)|Fulda|Hünfeld|Burghaun(Hünfeld)|Haunetal-Neukirchen,8000020,3,Bad Hersfeld,Hessen,Bad Hersfeld,36251,9.716182,50.869632,2024-07-08T00:26:00,2024-07-08T00:27:00,2024-07-08T00:26:00,2024-07-08T00:27:00,0,0,,on_time,on_time
-4686410822040988513-2407072343-15,5,Frankfurt(Main)Süd|Frankfurt(M)Lokalbahnhof|Frankfurt(M)Ostendstraße|Frankfurt(M)Konstablerwache|Frankfurt(M)Hauptwache|Frankfurt(M)Taunusanlage|Frankfurt Hbf (tief)|Frankfurt(M)Galluswarte|Frankfurt(Main)Messe|Frankfurt(Main)West|Frankfurt-Rödelheim|Oberursel-Weißkirchen/Steinbach|Oberursel-Stierstadt|Oberursel(Taunus),8000712,3,Bad Homburg,Hessen,Bad Homburg,61352,8.620624,50.219904,2024-07-08T00:15:00,2024-07-08T00:15:00,2024-07-08T00:15:00,2024-07-08T00:16:00,0,1,,on_time,on_time
202241916997165577-2407080008-3,5,Friedrichsdorf(Taunus)|Seulberg,8000712,3,Bad Homburg,Hessen,Bad Homburg,61352,8.620624,50.219904,2024-07-08T00:14:00,2024-07-08T00:15:00,2024-07-08T00:14:00,2024-07-08T00:15:00,0,0,,on_time,on_time
1792013974074419930-2407080013-15,5,Frankfurt(Main)Süd|Frankfurt(M)Lokalbahnhof|Frankfurt(M)Ostendstraße|Frankfurt(M)Konstablerwache|Frankfurt(M)Hauptwache|Frankfurt(M)Taunusanlage|Frankfurt Hbf (tief)|Frankfurt(M)Galluswarte|Frankfurt(Main)Messe|Frankfurt(Main)West|Frankfurt-Rödelheim|Oberursel-Weißkirchen/Steinbach|Oberursel-Stierstadt|Oberursel(Taunus),8000712,3,Bad Homburg,Hessen,Bad Homburg,61352,8.620624,50.219904,2024-07-08T00:45:00,2024-07-08T00:45:00,2024-07-08T00:45:00,2024-07-08T00:45:00,0,0,,on_time,on_time
-5636949787636575951-2407080038-3,5,Friedrichsdorf(Taunus)|Seulberg,8000712,3,Bad Homburg,Hessen,Bad Homburg,61352,8.620624,50.219904,2024-07-08T00:44:00,2024-07-08T00:45:00,,,0,0,,on_time,on_time
-8201239740332878229-2407080041-4,8,Niederdollendorf|Königswinter|Rhöndorf,8000713,5,Bad Honnef (Rhein),Nordrhein-Westfalen,Bad Honnef,53604,7.219533,50.639772,2024-07-08T00:50:00,2024-07-08T00:51:00,,,0,0,,on_time,on_time
7667020879958335316-2407080018-4,27,Niederdollendorf|Königswinter|Rhöndorf,8000713,5,Bad Honnef (Rhein),Nordrhein-Westfalen,Bad Honnef,53604,7.219533,50.639772,2024-07-08T00:26:00,2024-07-08T00:26:00,2024-07-08T00:26:00,2024-07-08T00:26:00,0,0,Bauarbeiten. (Quelle: zuginfo.nrw),on_time,on_time
75589494625710201-2407080011-7,27,Rheinbrohl|Bad Hönningen|Leubsdorf(Rhein)|Linz(Rhein)|Erpel(Rhein)|Unkel,8000713,5,Bad Honnef (Rhein),Nordrhein-Westfalen,Bad Honnef,53604,7.219533,50.639772,2024-07-08T00:31:00,2024-07-08T00:32:00,2024-07-08T00:31:00,2024-07-08T00:32:00,0,0,Bauarbeiten. (Quelle: zuginfo.nrw),on_time,on_time
-6748942984235284913-2407072313-6,1,Rostock Hbf|Schwaan|Bützow|Blankenberg(Meckl)|Ventschow,8010018,4,Bad Kleinen,Mecklenburg-Vorpommern,Bad Kleinen,23996,11.466925,53.766974,2024-07-07T23:59:00,2024-07-08T00:00:00,2024-07-08T00:00:00,2024-07-08T00:01:00,1,1,,on_time,on_time
-1815896018063012568-2407072044-29,8,Flughafen BER|Berlin Ostkreuz|Berlin Ostbahnhof|Berlin Alexanderplatz|Berlin Friedrichstraße|Berlin Hbf|Berlin Zoologischer Garten|Berlin-Spandau|Falkensee|Nauen|Paulinenaue|Friesack(Mark)|Neustadt(Dosse)|Breddin|Glöwen|Bad Wilsnack|Wittenberge|Karstädt|Grabow(Meckl)|Ludwigslust|Lüblow(Meckl)|Rastow|Sülstorf|Holthusen|Schwerin Süd|Schwerin Mitte|Schwerin Hbf|Lübstorf,8010018,4,Bad Kleinen,Mecklenburg-Vorpommern,Bad Kleinen,23996,11.466925,53.766974,2024-07-08T00:17:00,2024-07-08T00:32:00,2024-07-08T00:20:00,2024-07-08T00:32:00,3,0,,on_time,on_time
7916679846390981986-2407072254-14,1,Hamburg Hbf|Hamburg-Bergedorf|Schwarzenbek|Müssen|Büchen|Schwanheide|Boizenburg(Elbe)|Brahlstorf|Pritzier|Hagenow Land|Schwerin Süd|Schwerin Mitte|Schwerin Hbf,8010018,4,Bad Kleinen,Mecklenburg-Vorpommern,Bad Kleinen,23996,11.466925,53.766974,2024-07-08T00:28:00,2024-07-08T00:29:00,2024-07-08T00:29:00,2024-07-08T00:30:00,1,1,,on_time,on_time
5936763616756446203-2407072309-14,20,Leipzig Hbf|Leipzig-Möckern|Leipzig-Leutzsch|Leipzig-Rückmarsdorf|Leipzig-Miltitz|Markranstädt|Großlehna|Kötzschau|Bad Dürrenberg|Großkorbetha|Weißenfels|Leißling|Naumburg(Saale)Hbf,8010019,5,Bad Kösen,Sachsen-Anhalt,Bad Kösen,6628,11.718274,51.130742,2024-07-08T00:14:00,2024-07-08T00:14:00,2024-07-08T00:14:00,2024-07-08T00:14:00,0,0,,on_time,on_time
-7650127162511748456-2407072324-11,25,Halle(Saale)Hbf|Halle-Ammendorf|Schkopau|Merseburg Hbf|Leuna Werke Nord|Leuna Werke Süd|Großkorbetha|Weißenfels|Leißling|Naumburg(Saale)Hbf,8010019,5,Bad Kösen,Sachsen-Anhalt,Bad Kösen,6628,11.718274,51.130742,2024-07-08T00:10:00,2024-07-08T00:10:00,2024-07-08T00:14:00,2024-07-08T00:14:00,4,4,,on_time,on_time
-4606285433910813340-2407072317-10,20,Erfurt Hbf|Vieselbach|Hopfgarten(Weimar)|Weimar|Oßmannstedt|Apolda|Niedertrebra|Bad Sulza|Großheringen,8010019,5,Bad Kösen,Sachsen-Anhalt,Bad Kösen,6628,11.718274,51.130742,2024-07-08T00:10:00,2024-07-08T00:11:00,2024-07-08T00:10:00,2024-07-08T00:11:00,0,0,,on_time,on_time
2741997306877341621-2407080001-1,33,,8000021,3,Bad Kreuznach,Rheinland-Pfalz,Bad Kreuznach,55543,7.866435,49.842399,,2024-07-08T00:01:00,,2024-07-08T00:05:00,0,4,,on_time,on_time
6747395917083058256-2407072346-15,27,Riegel-Malterdingen|Köndringen|Teningen-Mundingen|Emmendingen|Kollmarsreute|Denzlingen|Gundelfingen(Breisgau)|Freiburg-Zähringen|Freiburg-Herdern|Freiburg(Breisgau) Hbf|Freiburg-St Georgen|Ebringen|Schallstadt|Norsingen,8000718,4,Bad Krozingen,Baden-Württemberg,Bad Krozingen,79189,7.697632,47.919721,2024-07-08T00:40:00,2024-07-08T00:41:00,2024-07-08T00:41:00,2024-07-08T00:42:00,1,1,,on_time,on_time
-4575573062764389616-2407080006-1,S3,,8000718,4,Bad Krozingen,Baden-Württemberg,Bad Krozingen,79189,7.697632,47.919721,,2024-07-08T00:06:00,,,0,0,,on_time,on_time
-2524541331675730230-2407072353-15,27,Basel Bad Bf|Weil am Rhein|Haltingen|Eimeldingen|Efringen-Kirchen|Istein|Kleinkems|Rheinweiler|Bad Bellingen|Schliengen|Auggen|Müllheim(Baden)|Buggingen|Heitersheim,8000718,4,Bad Krozingen,Baden-Württemberg,Bad Krozingen,79189,7.697632,47.919721,2024-07-08T00:38:00,2024-07-08T00:38:00,2024-07-08T00:38:00,2024-07-08T00:38:00,0,0,,on_time,on_time
8575858415775127007-2407080012-12,113,Leipzig Hbf|Leipzig-Paunsdorf|Leipzig Werkstättenstraße|Leipzig-Mölkau|Leipzig-Holzhausen|Leipzig-Liebertwolkwitz|Großpösna|Oberholz|Belgershain|Otterwisch|Lauterbach-Steinbach,8011077,5,Bad Lausick,Sachsen,Bad Lausick,4651,12.648695,51.143803,2024-07-08T00:48:00,2024-07-08T00:49:00,2024-07-08T00:49:00,2024-07-08T00:50:00,1,1,,on_time,on_time
-5093398198460463372-2407072337-3,6,Leipzig Hbf|Leipzig-Liebertwolkwitz,8011077,5,Bad Lausick,Sachsen,Bad Lausick,4651,12.648695,51.143803,2024-07-07T23:59:00,2024-07-08T00:00:00,2024-07-07T23:59:00,,0,0,,on_time,on_time
7810579579456268310-2407072336-15,5,Hannover Flughafen|Langenhagen Pferdemarkt|Langenhagen Mitte|Hannover-Vinnhorst|Hannover-Ledeburg|Hannover-Nordstadt|Hannover Hbf|Hannover Bismarckstr.|Hannover-Linden/Fischerhof|Weetzen|Holtensen/Linderte|Bennigsen|Völksen/Eldagsen|Springe,8000725,5,Bad Münder (Deister),Niedersachsen,Bad Münder am Deister,31848,9.468062,52.178192,2024-07-08T00:32:00,2024-07-08T00:32:00,2024-07-08T01:02:00,2024-07-08T01:02:00,30,30,Information,delay,delay
-7484560138445987642-2407080005-4,5,Bad Pyrmont|Emmerthal|Hameln,8000725,5,Bad Münder (Deister),Niedersachsen,Bad Münder am Deister,31848,9.468062,52.178192,2024-07-08T00:27:00,2024-07-08T00:27:00,2024-07-08T00:48:00,2024-07-08T00:48:00,21,21,Information,delay,delay
8045261376517871128-2407072333-15,1,Hannover Hbf|Hannover Bismarckstr.|Hannover-Linden/Fischerhof|Hannover-Bornum|Empelde|Ronnenberg|Weetzen|Lemmie|Wennigsen(Deister)|Egestorf(Deister)|Kirchdorf(Deister)|Barsinghausen|Winninghausen|Bantorf,8000022,5,Bad Nenndorf,Niedersachsen,Bad Nenndorf,31542,9.378603,52.343735,2024-07-08T00:17:00,2024-07-08T00:17:00,2024-07-08T00:17:00,2024-07-08T00:17:00,0,0,,on_time,on_time
3332797177951381353-2407080030-3,78,Minden(Westf)|Porta Westfalica,8000732,3,Bad Oeynhausen,Nordrhein-Westfalen,Bad Oeynhausen,32545,8.796523,52.205398,2024-07-08T00:41:00,2024-07-08T00:42:00,2024-07-08T00:41:00,2024-07-08T00:42:00,0,0,,on_time,on_time
4456518626465571419-2407072220-14,RE60,Braunschweig Hbf|Vechelde|Peine|Vöhrum|Hämelerwald|Lehrte|Hannover Hbf|Wunstorf|Haste|Stadthagen|Bückeburg|Minden(Westf)|Porta Westfalica,8000732,3,Bad Oeynhausen,Nordrhein-Westfalen,Bad Oeynhausen,32545,8.796523,52.205398,2024-07-08T00:03:00,2024-07-08T00:04:00,2024-07-08T01:07:00,2024-07-08T01:08:00,64,64,,delay,delay
8851609766021506028-2407080032-1,8,,8000023,2,Bad Oldesloe,Schleswig-Holstein,Bad Oldesloe,23843,10.3825414,53.8053902,,2024-07-08T00:32:00,,2024-07-08T00:32:00,0,0,Information,on_time,on_time
-3043552913202181349-2407080030-1,RE8,,8000023,2,Bad Oldesloe,Schleswig-Holstein,Bad Oldesloe,23843,10.3825414,53.8053902,,2024-07-08T00:30:00,,,0,0,Information,on_time,on_time
8544628079565111238-2407080036-1,RB81,,8000023,2,Bad Oldesloe,Schleswig-Holstein,Bad Oldesloe,23843,10.3825414,53.8053902,,2024-07-08T00:36:00,,,0,0,,on_time,on_time
-9218606938380474169-2407080006-2,RE8,Hamburg Hbf ZOB,8000023,2,Bad Oldesloe,Schleswig-Holstein,Bad Oldesloe,23843,10.3825414,53.8053902,2024-07-08T00:51:00,2024-07-08T00:51:00,,,0,0,Information,on_time,on_time
-2625096755140702225-2407080006-2,RE8,Hamburg Hbf ZOB,8000023,2,Bad Oldesloe,Schleswig-Holstein,Bad Oldesloe,23843,10.3825414,53.8053902,2024-07-08T00:51:00,2024-07-08T00:51:00,,,0,0,Information,on_time,on_time
6295078544403122093-2407080005-1,80,,8000023,2,Bad Oldesloe,Schleswig-Holstein,Bad Oldesloe,23843,10.3825414,53.8053902,,2024-07-08T00:05:00,,2024-07-08T00:05:00,0,0,Information,on_time,on_time
3281200869230105527-2407080037-1,RB82,,8000023,2,Bad Oldesloe,Schleswig-Holstein,Bad Oldesloe,23843,10.3825414,53.8053902,,2024-07-08T00:37:00,,2024-07-08T00:37:00,0,0,,on_time,on_time
-7484560138445987642-2407080005-1,5,,8000735,5,Bad Pyrmont,Niedersachsen,Bad Pyrmont,31812,9.272719,51.974233,,2024-07-08T00:05:00,,2024-07-08T00:28:00,0,23,Information,on_time,delay
1804730020822672480-2407080012-6,42,Sinsheim(Elsenz) Hbf|Sinsheim Museum/Arena|Steinsfurt|Grombach|Babstadt,8000736,5,Bad Rappenau,Baden-Württemberg,Bad Rappenau,74906,9.101529,49.237765,2024-07-08T00:30:00,2024-07-08T00:31:00,2024-07-08T00:30:00,2024-07-08T00:31:00,0,0,,on_time,on_time
-3115433283334869644-2407072349-21,42,Heilbronn Pfühlpark|Heilbronn Finanzamt|Heilbronn Friedensplatz|Heilbronn Harmonie|Heilbronn Harmonie/Kunsthalle|Heilbronn Theater|Heilbronn Technisches Schulzentrum|Heilbronn Industrieplatz|Heilbronn Hans-Rießer-Straße|Heilbronn Kaufland|Neckarsulm Süd|Neckarsulm|Neckarsulm Mitte|Neckarsulm Nord|Bad Friedrichshall-Kochendorf|Bad Friedrichshall Hbf|Bad Wimpfen Im Tal|Bad Wimpfen|Bad Wimpfen-Hohenstadt|Bad Rappenau Kurpark,8000736,5,Bad Rappenau,Baden-Württemberg,Bad Rappenau,74906,9.101529,49.237765,2024-07-08T00:31:00,2024-07-08T00:32:00,2024-07-08T00:31:00,2024-07-08T00:32:00,0,0,,on_time,on_time
-1074334927553570331-2407072353-9,30,Basel Bad Bf|Grenzach|Wyhlen|Herten(Baden)|Rheinfelden(Baden)|Beuggen|Schwörstadt|Wehr-Brennet,8005255,5,Bad Säckingen,Baden-Württemberg,Bad Säckingen,79713,7.94863,47.555857,2024-07-08T00:23:00,2024-07-08T00:24:00,2024-07-08T00:23:00,2024-07-08T00:24:00,0,0,,on_time,on_time
5078737997455806676-2407072302-17,26,Mainz Hbf|Mainz-Mombach|Budenheim|Uhlerborn|Heidesheim(Rheinhess)|Ingelheim|Gau Algesheim|Bingen-Gaulsheim|Bingen(Rhein) Stadt|Bingen(Rhein) Hbf|Trechtingshausen|Niederheimbach|Bacharach|Oberwesel|St Goar|Boppard-Hirzenach,8000742,5,Boppard-Bad Salzig,Rheinland-Pfalz,Boppard,56154,7.635481,50.205251,2024-07-08T00:07:00,2024-07-08T00:07:00,2024-07-08T00:09:00,2024-07-08T00:09:00,2,2,Bauarbeiten. (Quelle: zuginfo.nrw),on_time,on_time
4180856850390013622-2407080015-1,1,,8010022,3,Bad Schandau,Sachsen,Bad Schandau,1814,14.1375375,50.9192886,,2024-07-08T00:15:00,,2024-07-08T00:15:00,0,0,,on_time,on_time
-8949090213117616639-2407080011-6,2,Karlsruhe Hbf|Karlsruhe-Durlach|Bruchsal|Ubstadt-Weiher|Stettfeld-Weiher,8003533,4,Bad Schönborn Süd,Baden-Württemberg,Bad Schönborn,76669,8.641924,49.200001,2024-07-08T00:35:00,2024-07-08T00:36:00,2024-07-08T00:36:00,2024-07-08T00:36:00,1,0,,on_time,on_time
8434158149748317121-2407072335-10,RS21,Ulm Hbf|Ulm-Donautal|Erbach(Württ)|Laupheim West|Laupheim Stadt|Schemmerberg|Warthausen|Biberach(Riß)|Biberach(Riß) Süd,8000746,5,Bad Schussenried,Baden-Württemberg,Bad Schussenried,88427,9.668497,47.994033,2024-07-08T00:30:00,2024-07-08T00:31:00,2024-07-08T00:30:00,2024-07-08T00:31:00,0,0,,on_time,on_time
-1864719989850494098-2407080018-4,5,Ulm Hbf|Laupheim West|Biberach(Riß),8000746,5,Bad Schussenried,Baden-Württemberg,Bad Schussenried,88427,9.668497,47.994033,2024-07-08T00:54:00,2024-07-08T00:55:00,2024-07-08T00:54:00,2024-07-08T00:55:00,0,0,,on_time,on_time
-1351324616938075364-2407072337-5,3,Friedrichshafen Stadt|Meckenbeuren|Ravensburg|Aulendorf,8000746,5,Bad Schussenried,Baden-Württemberg,Bad Schussenried,88427,9.668497,47.994033,2024-07-08T00:11:00,2024-07-08T00:12:00,2024-07-08T00:31:00,2024-07-08T00:31:00,20,19,,delay,delay
6101974026278522376-2407080012-2,85,Lübeck Hbf,8000749,5,Bad Schwartau,Schleswig-Holstein,Bad Schwartau,23611,10.702722,53.916276,2024-07-08T00:17:00,2024-07-08T00:18:00,2024-07-08T00:17:00,2024-07-08T00:18:00,0,0,,on_time,on_time
-119862226176940783-2407080028-2,RB84,Lübeck Hbf,8000749,5,Bad Schwartau,Schleswig-Holstein,Bad Schwartau,23611,10.702722,53.916276,2024-07-08T00:33:00,2024-07-08T00:33:00,2024-07-08T00:33:00,2024-07-08T00:33:00,0,0,,on_time,on_time
-4176365478334145798-2407080015-6,85,Neustadt(Holst)|Sierksdorf|Haffkrug|Scharbeutz|Timmendorfer Strand,8000749,5,Bad Schwartau,Schleswig-Holstein,Bad Schwartau,23611,10.702722,53.916276,2024-07-08T00:41:00,2024-07-08T00:42:00,2024-07-08T00:41:00,2024-07-08T00:42:00,0,0,,on_time,on_time
275774863783201005-2407072305-11,RB84,Kiel Hbf|Kiel-Elmschenhagen|Raisdorf|Preetz|Ascheberg(Holst)|Plön|Bad Malente-Gremsmühlen|Eutin|Pönitz(Holst)|Pansdorf,8000749,5,Bad Schwartau,Schleswig-Holstein,Bad Schwartau,23611,10.702722,53.916276,2024-07-08T00:25:00,2024-07-08T00:25:00,2024-07-08T00:25:00,2024-07-08T00:25:00,0,0,,on_time,on_time
-8623493443822830758-2407080006-2,RE83,Lübeck Hbf,8000749,5,Bad Schwartau,Schleswig-Holstein,Bad Schwartau,23611,10.702722,53.916276,2024-07-08T00:11:00,2024-07-08T00:12:00,2024-07-08T00:11:00,2024-07-08T00:12:00,0,0,,on_time,on_time
4137780767720878431-2407072343-8,RE83,Kiel Hbf|Raisdorf|Preetz|Ascheberg(Holst)|Plön|Bad Malente-Gremsmühlen|Eutin,8000749,5,Bad Schwartau,Schleswig-Holstein,Bad Schwartau,23611,10.702722,53.916276,2024-07-08T00:47:00,2024-07-08T00:47:00,2024-07-08T00:47:00,2024-07-08T00:47:00,0,0,,on_time,on_time
-4589067064676484320-2407080050-1,3,,8000752,5,Bad Soden (Taunus),Hessen,Bad Soden (Taunus),65812,8.50442648,50.1429607,,2024-07-08T00:50:00,,,0,0,,on_time,on_time
3694847374972602447-2407080020-1,3,,8000752,5,Bad Soden (Taunus),Hessen,Bad Soden (Taunus),65812,8.50442648,50.1429607,,2024-07-08T00:20:00,,2024-07-08T00:20:00,0,0,,on_time,on_time
-6611325982784550294-2407080015-7,6,Friedberg(Hess)|Bruchenbrücken|Nieder Wöllstadt|Okarben|Groß Karben|Dortelweil,8000760,3,Bad Vilbel,Hessen,Bad Vilbel,61118,8.73946,50.188677,2024-07-08T00:33:00,2024-07-08T00:34:00,2024-07-08T00:34:00,2024-07-08T00:35:00,1,1,,on_time,on_time
3060463630199030135-2407072353-15,6,Frankfurt(Main)Süd|Frankfurt(M)Lokalbahnhof|Frankfurt(M)Ostendstraße|Frankfurt(M)Konstablerwache|Frankfurt(M)Hauptwache|Frankfurt(M)Taunusanlage|Frankfurt Hbf (tief)|Frankfurt(M)Galluswarte|Frankfurt(Main)Messe|Frankfurt(Main)West|Frankfurt-Eschersheim|Frankfurt-Frankfurter Berg|Frankfurt-Berkersheim|Bad Vilbel Süd,8000760,3,Bad Vilbel,Hessen,Bad Vilbel,61118,8.73946,50.188677,2024-07-08T00:32:00,2024-07-08T00:35:00,2024-07-08T00:32:00,2024-07-08T00:35:00,0,0,,on_time,on_time
8929972609231063802-2407072344-7,6,Friedberg(Hess)|Bruchenbrücken|Nieder Wöllstadt|Okarben|Groß Karben|Dortelweil,8000760,3,Bad Vilbel,Hessen,Bad Vilbel,61118,8.73946,50.188677,2024-07-08T00:06:00,2024-07-08T00:08:00,2024-07-08T00:07:00,2024-07-08T00:08:00,1,0,,on_time,on_time
-6611325982784550294-2407080015-8,6,Friedberg(Hess)|Bruchenbrücken|Nieder Wöllstadt|Okarben|Groß Karben|Dortelweil|Bad Vilbel,8000761,5,Bad Vilbel Süd,Hessen,Bad Vilbel,61118,8.733477,50.178696,2024-07-08T00:36:00,2024-07-08T00:37:00,2024-07-08T00:36:00,2024-07-08T00:37:00,0,0,,on_time,on_time
3060463630199030135-2407072353-14,6,Frankfurt(Main)Süd|Frankfurt(M)Lokalbahnhof|Frankfurt(M)Ostendstraße|Frankfurt(M)Konstablerwache|Frankfurt(M)Hauptwache|Frankfurt(M)Taunusanlage|Frankfurt Hbf (tief)|Frankfurt(M)Galluswarte|Frankfurt(Main)Messe|Frankfurt(Main)West|Frankfurt-Eschersheim|Frankfurt-Frankfurter Berg|Frankfurt-Berkersheim,8000761,5,Bad Vilbel Süd,Hessen,Bad Vilbel,61118,8.733477,50.178696,2024-07-08T00:30:00,2024-07-08T00:30:00,2024-07-08T00:30:00,2024-07-08T00:30:00,0,0,,on_time,on_time
8929972609231063802-2407072344-8,6,Friedberg(Hess)|Bruchenbrücken|Nieder Wöllstadt|Okarben|Groß Karben|Dortelweil|Bad Vilbel,8000761,5,Bad Vilbel Süd,Hessen,Bad Vilbel,61118,8.733477,50.178696,2024-07-08T00:09:00,2024-07-08T00:10:00,2024-07-08T00:09:00,2024-07-08T00:10:00,0,0,,on_time,on_time
3731645877869987353-2407072320-10,1,Hannover Hbf|Wunstorf|Neustadt am Rübenberge|Nienburg(Weser)|Eystrup|Dörverden|Verden(Aller)|Langwedel|Etelsen,8000773,5,Baden (Kr Verden),Niedersachsen,Achim,28832,9.081261,53.007872,2024-07-08T00:29:00,2024-07-08T00:29:00,2024-07-08T00:29:00,2024-07-08T00:29:00,0,0,,on_time,on_time
-6027587483204218492-2407080013-5,8,Bremen Hbf|Bremen-Sebaldsbrück|Bremen-Mahndorf|Achim,8000773,5,Baden (Kr Verden),Niedersachsen,Achim,28832,9.081261,53.007872,2024-07-08T00:31:00,2024-07-08T00:31:00,2024-07-08T01:20:00,2024-07-08T01:20:00,49,49,,delay,delay
5206920481857362754-2407080011-5,44,Bühl(Baden)|Baden-Baden Rebland|Sinzheim|Sinzheim Nord,8000774,3,Baden-Baden,Baden-Württemberg,Baden-Baden,76532,8.190831,48.790327,2024-07-08T00:22:00,2024-07-08T00:23:00,2024-07-08T00:22:00,2024-07-08T00:23:00,0,0,,on_time,on_time
9144496902521920974-2407080030-10,44,Karlsruhe Hbf|Ettlingen West|Bruchhausen(b Ettlingen)|Malsch|Malsch Süd|Muggensturm Badesee|Muggensturm|Rastatt|Baden-Baden Haueneberstein,8000774,3,Baden-Baden,Baden-Württemberg,Baden-Baden,76532,8.190831,48.790327,2024-07-08T00:59:00,2024-07-08T01:00:00,2024-07-08T01:00:00,2024-07-08T01:01:00,1,1,,on_time,on_time
-267926644212326984-2407080006-7,7,Karlsruhe Hbf|Ettlingen West|Bruchhausen(b Ettlingen)|Malsch|Muggensturm|Rastatt,8000774,3,Baden-Baden,Baden-Württemberg,Baden-Baden,76532,8.190831,48.790327,2024-07-08T00:32:00,2024-07-08T00:33:00,2024-07-08T00:33:00,2024-07-08T00:34:00,1,1,Information,on_time,on_time
-3390013903921837926-2407080013-19,1,Hamburg Airport|Hamburg-Ohlsdorf|Hamburg Rübenkamp|Hamburg Alte Wöhr|Hamburg-Barmbek|Hamburg Friedrichsberg|Hamburg Wandsbeker Chaussee|Hamburg Hasselbrook|Hamburg Landwehr|Hamburg Berliner Tor|Hamburg Hbf (S-Bahn)|Hamburg Jungfernstieg|Hamburg Stadthausbrücke|Hamburg Landungsbrücken|Hamburg Reeperbahn|Hamburg Königstraße|Hamburg-Altona(S)|Hamburg-Ottensen,8000780,4,Bahrenfeld,Hamburg,Hamburg,22761,9.910778,53.56006,2024-07-08T00:55:00,2024-07-08T00:55:00,,,0,0,,on_time,on_time
-3521475736976801889-2407080008-22,1,Hamburg-Poppenbüttel|Hamburg-Wellingsbüttel|Hamburg Hoheneichen|Hamburg Kornweg(Klein Borstel)|Hamburg-Ohlsdorf|Hamburg Rübenkamp|Hamburg Alte Wöhr|Hamburg-Barmbek|Hamburg Friedrichsberg|Hamburg Wandsbeker Chaussee|Hamburg Hasselbrook|Hamburg Landwehr|Hamburg Berliner Tor|Hamburg Hbf (S-Bahn)|Hamburg Jungfernstieg|Hamburg Stadthausbrücke|Hamburg Landungsbrücken|Hamburg Reeperbahn|Hamburg Königstraße|Hamburg-Altona(S)|Hamburg-Ottensen,8000780,4,Bahrenfeld,Hamburg,Hamburg,22761,9.910778,53.56006,2024-07-08T00:55:00,2024-07-08T00:55:00,,,0,0,,on_time,on_time
-5006626778859705318-2407072348-22,1,Hamburg-Poppenbüttel|Hamburg-Wellingsbüttel|Hamburg Hoheneichen|Hamburg Kornweg(Klein Borstel)|Hamburg-Ohlsdorf|Hamburg Rübenkamp|Hamburg Alte Wöhr|Hamburg-Barmbek|Hamburg Friedrichsberg|Hamburg Wandsbeker Chaussee|Hamburg Hasselbrook|Hamburg Landwehr|Hamburg Berliner Tor|Hamburg Hbf (S-Bahn)|Hamburg Jungfernstieg|Hamburg Stadthausbrücke|Hamburg Landungsbrücken|Hamburg Reeperbahn|Hamburg Königstraße|Hamburg-Altona(S)|Hamburg-Ottensen,8000780,4,Bahrenfeld,Hamburg,Hamburg,22761,9.910778,53.56006,2024-07-08T00:35:00,2024-07-08T00:35:00,2024-07-08T00:35:00,2024-07-08T00:35:00,0,0,,on_time,on_time
-9007562312501070911-2407072333-19,1,Hamburg Airport|Hamburg-Ohlsdorf|Hamburg Rübenkamp|Hamburg Alte Wöhr|Hamburg-Barmbek|Hamburg Friedrichsberg|Hamburg Wandsbeker Chaussee|Hamburg Hasselbrook|Hamburg Landwehr|Hamburg Berliner Tor|Hamburg Hbf (S-Bahn)|Hamburg Jungfernstieg|Hamburg Stadthausbrücke|Hamburg Landungsbrücken|Hamburg Reeperbahn|Hamburg Königstraße|Hamburg-Altona(S)|Hamburg-Ottensen,8000780,4,Bahrenfeld,Hamburg,Hamburg,22761,9.910778,53.56006,2024-07-08T00:15:00,2024-07-08T00:15:00,2024-07-08T00:20:00,2024-07-08T00:20:00,5,5,,on_time,on_time
-1178631155959872738-2407072328-22,1,Hamburg-Poppenbüttel|Hamburg-Wellingsbüttel|Hamburg Hoheneichen|Hamburg Kornweg(Klein Borstel)|Hamburg-Ohlsdorf|Hamburg Rübenkamp|Hamburg Alte Wöhr|Hamburg-Barmbek|Hamburg Friedrichsberg|Hamburg Wandsbeker Chaussee|Hamburg Hasselbrook|Hamburg Landwehr|Hamburg Berliner Tor|Hamburg Hbf (S-Bahn)|Hamburg Jungfernstieg|Hamburg Stadthausbrücke|Hamburg Landungsbrücken|Hamburg Reeperbahn|Hamburg Königstraße|Hamburg-Altona(S)|Hamburg-Ottensen,8000780,4,Bahrenfeld,Hamburg,Hamburg,22761,9.910778,53.56006,2024-07-08T00:15:00,2024-07-08T00:15:00,2024-07-08T00:20:00,2024-07-08T00:20:00,5,5,,on_time,on_time
3534916180088668718-2407080003-9,1,Wedel(Holst)|Hamburg-Rissen|Hamburg-Sülldorf|Hamburg-Iserbrook|Hamburg-Blankenese|Hamburg Hochkamp|Hamburg Klein Flottbek|Hamburg-Othmarschen,8000780,4,Bahrenfeld,Hamburg,Hamburg,22761,9.910778,53.56006,2024-07-08T00:26:00,2024-07-08T00:26:00,,,0,0,,on_time,on_time
3945870737082109061-2407072353-19,1,Hamburg Airport|Hamburg-Ohlsdorf|Hamburg Rübenkamp|Hamburg Alte Wöhr|Hamburg-Barmbek|Hamburg Friedrichsberg|Hamburg Wandsbeker Chaussee|Hamburg Hasselbrook|Hamburg Landwehr|Hamburg Berliner Tor|Hamburg Hbf (S-Bahn)|Hamburg Jungfernstieg|Hamburg Stadthausbrücke|Hamburg Landungsbrücken|Hamburg Reeperbahn|Hamburg Königstraße|Hamburg-Altona(S)|Hamburg-Ottensen,8000780,4,Bahrenfeld,Hamburg,Hamburg,22761,9.910778,53.56006,2024-07-08T00:35:00,2024-07-08T00:35:00,2024-07-08T00:35:00,2024-07-08T00:35:00,0,0,,on_time,on_time
-1093508172194817351-2407072343-9,1,Wedel(Holst)|Hamburg-Rissen|Hamburg-Sülldorf|Hamburg-Iserbrook|Hamburg-Blankenese|Hamburg Hochkamp|Hamburg Klein Flottbek|Hamburg-Othmarschen,8000780,4,Bahrenfeld,Hamburg,Hamburg,22761,9.910778,53.56006,2024-07-08T00:06:00,2024-07-08T00:06:00,2024-07-08T00:07:00,2024-07-08T00:08:00,1,2,,on_time,on_time
7939097330733785146-2407080007-8,1,Bamberg|Strullendorf|Hirschaid|Buttenheim|Eggolsheim|Forchheim(Oberfr)|Kersbach,8000783,5,Baiersdorf,Bayern,Baiersdorf,91083,11.036976,49.656147,2024-07-08T00:34:00,2024-07-08T00:35:00,2024-07-08T00:34:00,2024-07-08T00:35:00,0,0,Information,on_time,on_time
-5803476744876320087-2407072324-29,6,Tutzing|Feldafing|Possenhofen|Starnberg|Starnberg Nord|Gauting|Stockdorf|Planegg|Gräfelfing|Lochham|München-Westkreuz|München-Pasing|München-Laim|München Hirschgarten|München Donnersbergerbrücke|München Hackerbrücke|München Hbf (tief)|München Karlsplatz|München Marienplatz|München Isartor|München Rosenheimer Platz|München Ost|München Leuchtenbergring|München-Berg am Laim|München-Trudering|Gronsdorf|Haar|Vaterstetten,8000785,5,Baldham,Bayern,Vaterstetten,85598,11.78678,48.099256,2024-07-08T00:34:00,2024-07-08T00:34:00,2024-07-08T00:34:00,2024-07-08T00:34:00,0,0,Bauarbeiten,on_time,on_time
-4218379301611128710-2407080002-7,6,Ebersberg(Oberbay)|Grafing Stadt|Grafing Bahnhof|Kirchseeon|Eglharting|Zorneding,8000785,5,Baldham,Bayern,Vaterstetten,85598,11.78678,48.099256,2024-07-08T00:25:00,2024-07-08T00:26:00,2024-07-08T00:26:00,2024-07-08T00:26:00,1,0,Bauarbeiten,on_time,on_time
-528124429808142820-2407080010-6,28,Nürnberg Hbf|Fürth(Bay)Hbf|Erlangen|Forchheim(Oberfr)|Hirschaid,8000025,2,Bamberg,Bayern,Bamberg,96052,10.899489,49.900759,2024-07-08T00:53:00,2024-07-08T00:55:00,2024-07-08T00:53:00,2024-07-08T00:55:00,0,0,Information,on_time,on_time
7939097330733785146-2407080007-1,1,,8000025,2,Bamberg,Bayern,Bamberg,96052,10.899489,49.900759,,2024-07-08T00:07:00,,2024-07-08T00:07:00,0,0,Information,on_time,on_time
2404374188254084323-2407080040-1,EV,,8000025,2,Bamberg,Bayern,Bamberg,96052,10.899489,49.900759,,2024-07-08T00:40:00,,,0,0,,on_time,on_time
-1136129712349941290-2407080036-1,53,,8000025,2,Bamberg,Bayern,Bamberg,96052,10.899489,49.900759,,2024-07-08T00:36:00,,,0,0,,on_time,on_time
8045261376517871128-2407072333-14,1,Hannover Hbf|Hannover Bismarckstr.|Hannover-Linden/Fischerhof|Hannover-Bornum|Empelde|Ronnenberg|Weetzen|Lemmie|Wennigsen(Deister)|Egestorf(Deister)|Kirchdorf(Deister)|Barsinghausen|Winninghausen,8000797,5,Bantorf,Niedersachsen,Barsinghausen,30890,9.417771,52.332253,2024-07-08T00:13:00,2024-07-08T00:13:00,2024-07-08T00:13:00,2024-07-08T00:13:00,0,0,,on_time,on_time
5507673346685034119-2407072356-7,RB81,Hamburg Hasselbrook|Hamburg Wandsbeker Chaussee|Hamburg-Tonndorf|Hamburg-Rahlstedt|Ahrensburg|Ahrensburg-Gartenholz,8000804,4,Bargteheide,Schleswig-Holstein,Bargteheide,22941,10.269104,53.7282,2024-07-08T00:57:00,2024-07-08T00:57:00,,,0,0,Information,on_time,on_time
-6105012072686197130-2407080016-1,RB81,,8000804,4,Bargteheide,Schleswig-Holstein,Bargteheide,22941,10.269104,53.7282,,2024-07-08T00:16:00,,,0,0,Information,on_time,on_time
-3390013903921837926-2407080013-5,1,Hamburg Airport|Hamburg-Ohlsdorf|Hamburg Rübenkamp|Hamburg Alte Wöhr,8000805,4,Barmbek,Hamburg,Hamburg,22305,10.044164,53.587458,2024-07-08T00:24:00,2024-07-08T00:25:00,,,0,0,,on_time,on_time
-3521475736976801889-2407080008-8,1,Hamburg-Poppenbüttel|Hamburg-Wellingsbüttel|Hamburg Hoheneichen|Hamburg Kornweg(Klein Borstel)|Hamburg-Ohlsdorf|Hamburg Rübenkamp|Hamburg Alte Wöhr,8000805,4,Barmbek,Hamburg,Hamburg,22305,10.044164,53.587458,2024-07-08T00:24:00,2024-07-08T00:25:00,,,0,0,,on_time,on_time
-5006626778859705318-2407072348-8,1,Hamburg-Poppenbüttel|Hamburg-Wellingsbüttel|Hamburg Hoheneichen|Hamburg Kornweg(Klein Borstel)|Hamburg-Ohlsdorf|Hamburg Rübenkamp|Hamburg Alte Wöhr,8000805,4,Barmbek,Hamburg,Hamburg,22305,10.044164,53.587458,2024-07-08T00:04:00,2024-07-08T00:05:00,2024-07-08T00:08:00,2024-07-08T00:08:00,4,3,,on_time,on_time
-5416266371209213922-2407072323-23,1,Wedel(Holst)|Hamburg-Rissen|Hamburg-Sülldorf|Hamburg-Iserbrook|Hamburg-Blankenese|Hamburg Hochkamp|Hamburg Klein Flottbek|Hamburg-Othmarschen|Hamburg-Bahrenfeld|Hamburg-Ottensen|Hamburg-Altona(S)|Hamburg Königstraße|Hamburg Reeperbahn|Hamburg Landungsbrücken|Hamburg Stadthausbrücke|Hamburg Jungfernstieg|Hamburg Hbf (S-Bahn)|Hamburg Berliner Tor|Hamburg Landwehr|Hamburg Hasselbrook|Hamburg Wandsbeker Chaussee|Hamburg Friedrichsberg,8000805,4,Barmbek,Hamburg,Hamburg,22305,10.044164,53.587458,2024-07-08T00:17:00,2024-07-08T00:17:00,2024-07-08T00:17:00,2024-07-08T00:17:00,0,0,,on_time,on_time
-2177588258474375206-2407080023-14,5,Hamburg Elbgaustraße|Hamburg-Eidelstedt|Hamburg-Stellingen|Hamburg-Langenfelde|Hamburg Holstenstraße|Hamburg-Sternschanze|Hamburg Dammtor|Hamburg Hbf (S-Bahn)|Hamburg Berliner Tor|Hamburg Landwehr|Hamburg Hasselbrook|Hamburg Wandsbeker Chaussee|Hamburg Friedrichsberg,8000805,4,Barmbek,Hamburg,Hamburg,22305,10.044164,53.587458,2024-07-08T00:54:00,2024-07-08T00:55:00,,,0,0,,on_time,on_time
3534916180088668718-2407080003-23,1,Wedel(Holst)|Hamburg-Rissen|Hamburg-Sülldorf|Hamburg-Iserbrook|Hamburg-Blankenese|Hamburg Hochkamp|Hamburg Klein Flottbek|Hamburg-Othmarschen|Hamburg-Bahrenfeld|Hamburg-Ottensen|Hamburg-Altona(S)|Hamburg Königstraße|Hamburg Reeperbahn|Hamburg Landungsbrücken|Hamburg Stadthausbrücke|Hamburg Jungfernstieg|Hamburg Hbf (S-Bahn)|Hamburg Berliner Tor|Hamburg Landwehr|Hamburg Hasselbrook|Hamburg Wandsbeker Chaussee|Hamburg Friedrichsberg,8000805,4,Barmbek,Hamburg,Hamburg,22305,10.044164,53.587458,2024-07-08T00:57:00,2024-07-08T00:57:00,,,0,0,,on_time,on_time
3945870737082109061-2407072353-5,1,Hamburg Airport|Hamburg-Ohlsdorf|Hamburg Rübenkamp|Hamburg Alte Wöhr,8000805,4,Barmbek,Hamburg,Hamburg,22305,10.044164,53.587458,2024-07-08T00:04:00,2024-07-08T00:05:00,2024-07-08T00:08:00,2024-07-08T00:08:00,4,3,,on_time,on_time
-1093508172194817351-2407072343-23,1,Wedel(Holst)|Hamburg-Rissen|Hamburg-Sülldorf|Hamburg-Iserbrook|Hamburg-Blankenese|Hamburg Hochkamp|Hamburg Klein Flottbek|Hamburg-Othmarschen|Hamburg-Bahrenfeld|Hamburg-Ottensen|Hamburg-Altona(S)|Hamburg Königstraße|Hamburg Reeperbahn|Hamburg Landungsbrücken|Hamburg Stadthausbrücke|Hamburg Jungfernstieg|Hamburg Hbf (S-Bahn)|Hamburg Berliner Tor|Hamburg Landwehr|Hamburg Hasselbrook|Hamburg Wandsbeker Chaussee|Hamburg Friedrichsberg,8000805,4,Barmbek,Hamburg,Hamburg,22305,10.044164,53.587458,2024-07-08T00:37:00,2024-07-08T00:37:00,2024-07-08T00:37:00,2024-07-08T00:37:00,0,0,,on_time,on_time
-8932861447881842960-2407072327-5,9,Osnabrück Hbf|Bohmte|Lemförde|Diepholz,8000807,5,Barnstorf (Han),Niedersachsen,Barnstorf,49406,8.510462,52.707587,2024-07-08T00:06:00,2024-07-08T00:07:00,2024-07-08T00:06:00,2024-07-08T00:07:00,0,0,Information,on_time,on_time
8045261376517871128-2407072333-12,1,Hannover Hbf|Hannover Bismarckstr.|Hannover-Linden/Fischerhof|Hannover-Bornum|Empelde|Ronnenberg|Weetzen|Lemmie|Wennigsen(Deister)|Egestorf(Deister)|Kirchdorf(Deister),8000812,5,Barsinghausen,Niedersachsen,Barsinghausen,30890,9.467112,52.30489,2024-07-08T00:07:00,2024-07-08T00:07:00,2024-07-08T00:07:00,2024-07-08T00:07:00,0,0,,on_time,on_time
5357940876960815586-2407080010-8,RS2,Bremen Hbf|Bremen-Hemelingen|Dreye|Kirchweyhe|Barrien|Syke|Bramstedt(b Syke),8000354,4,Bassum,Niedersachsen,Bassum,27211,8.739924,52.847388,2024-07-08T00:39:00,2024-07-08T00:40:00,2024-07-08T00:39:00,2024-07-08T00:40:00,0,0,Information,on_time,on_time
-8932861447881842960-2407072327-7,9,Osnabrück Hbf|Bohmte|Lemförde|Diepholz|Barnstorf(Han)|Twistringen,8000354,4,Bassum,Niedersachsen,Bassum,27211,8.739924,52.847388,2024-07-08T00:20:00,2024-07-08T00:21:00,2024-07-08T00:20:00,2024-07-08T00:21:00,0,0,Information,on_time,on_time
1974895317199967519-2407072348-6,45,Berlin Südkreuz (S)|Berlin-Tempelhof|Berlin Hermannstraße|Berlin-Neukölln|Berlin Köllnische Heide,8089004,4,Baumschulenweg,Berlin,Berlin,12437,13.490097,52.467244,2024-07-08T00:00:00,2024-07-08T00:01:00,2024-07-08T00:00:00,2024-07-08T00:01:00,0,0,,on_time,on_time
3360893944022444050-2407072338-22,9,Berlin-Spandau (S)|Berlin-Stresow|Berlin-Pichelsberg|Berlin Olympiastadion|Berlin Heerstraße|Berlin Messe Süd (Eichkamp)|Berlin Westkreuz|Berlin Charlottenburg (S)|Berlin Savignyplatz|Berlin Zoologischer Garten (S)|Berlin-Tiergarten|Berlin Bellevue|Berlin Hbf (S-Bahn)|Berlin Friedrichstraße (S)|Berlin Hackescher Markt|Berlin Alexanderplatz (S)|Berlin Jannowitzbrücke|Berlin Ostbahnhof (S)|Berlin Warschauer Straße|Berlin Treptower Park|Berlin Plänterwald,8089004,4,Baumschulenweg,Berlin,Berlin,12437,13.490097,52.467244,2024-07-08T00:27:00,2024-07-08T00:30:00,2024-07-08T00:27:00,2024-07-08T00:30:00,0,0,,on_time,on_time
-8189148788276870459-2407072341-9,46,Königs Wusterhausen|Wildau|Zeuthen|Eichwalde|Berlin-Grünau|Berlin-Adlershof|Berlin-Johannisthal|Berlin-Schöneweide (S),8089004,4,Baumschulenweg,Berlin,Berlin,12437,13.490097,52.467244,2024-07-08T00:07:00,2024-07-08T00:08:00,,,0,0,,on_time,on_time
8754252874419393638-2407072349-9,9,Flughafen BER (S-Bahn)|Waßmannsdorf|Schönefeld(bei Berlin)|Berlin Grünbergallee|Berlin-Altglienicke|Berlin-Adlershof|Berlin-Johannisthal|Berlin-Schöneweide (S),8089004,4,Baumschulenweg,Berlin,Berlin,12437,13.490097,52.467244,2024-07-08T00:15:00,2024-07-08T00:16:00,2024-07-08T00:15:00,2024-07-08T00:16:00,0,0,,on_time,on_time
6809920023340627969-2407080009-9,9,Flughafen BER (S-Bahn)|Waßmannsdorf|Schönefeld(bei Berlin)|Berlin Grünbergallee|Berlin-Altglienicke|Berlin-Adlershof|Berlin-Johannisthal|Berlin-Schöneweide (S),8089004,4,Baumschulenweg,Berlin,Berlin,12437,13.490097,52.467244,2024-07-08T00:35:00,2024-07-08T00:36:00,2024-07-08T00:35:00,2024-07-08T00:36:00,0,0,,on_time,on_time
8444775672791196589-2407072357-9,45,Flughafen BER (S-Bahn)|Waßmannsdorf|Schönefeld(bei Berlin)|Berlin Grünbergallee|Berlin-Altglienicke|Berlin-Adlershof|Berlin-Johannisthal|Berlin-Schöneweide (S),8089004,4,Baumschulenweg,Berlin,Berlin,12437,13.490097,52.467244,2024-07-08T00:22:00,2024-07-08T00:23:00,2024-07-08T00:22:00,2024-07-08T00:23:00,0,0,,on_time,on_time
-499427496553395051-2407080025-14,8,Berlin-Blankenburg|Berlin-Pankow-Heinersdorf|Berlin-Pankow|Berlin Bornholmer Str.|Berlin Schönhauser Allee|Berlin Prenzlauer Allee|Berlin Greifswalder Str|Berlin Landsberger Allee|Berlin Storkower Str|Berlin Frankfurter Allee|Berlin Ostkreuz (S)|Berlin Treptower Park|Berlin Plänterwald,8089004,4,Baumschulenweg,Berlin,Berlin,12437,13.490097,52.467244,2024-07-08T00:55:00,2024-07-08T00:55:00,,,0,0,,on_time,on_time
4387045462730231935-2407072358-15,46,Berlin Westend|Berlin Messe Nord/ICC (Witzleben)|Berlin Westkreuz|Berlin-Halensee|Berlin Hohenzollerndamm|Berlin Heidelberger Platz|Berlin Bundesplatz|Berlin Innsbrucker Platz|Berlin-Schöneberg|Berlin Südkreuz (S)|Berlin-Tempelhof|Berlin Hermannstraße|Berlin-Neukölln|Berlin Köllnische Heide,8089004,4,Baumschulenweg,Berlin,Berlin,12437,13.490097,52.467244,2024-07-08T00:27:00,2024-07-08T00:28:00,2024-07-08T00:27:00,2024-07-08T00:28:00,0,0,,on_time,on_time
-7716129685769370088-2407080001-9,46,Königs Wusterhausen|Wildau|Zeuthen|Eichwalde|Berlin-Grünau|Berlin-Adlershof|Berlin-Johannisthal|Berlin-Schöneweide (S),8089004,4,Baumschulenweg,Berlin,Berlin,12437,13.490097,52.467244,2024-07-08T00:27:00,2024-07-08T00:28:00,2024-07-08T00:27:00,2024-07-08T00:28:00,0,0,,on_time,on_time
-8927383541084970752-2407072318-22,9,Berlin-Spandau (S)|Berlin-Stresow|Berlin-Pichelsberg|Berlin Olympiastadion|Berlin Heerstraße|Berlin Messe Süd (Eichkamp)|Berlin Westkreuz|Berlin Charlottenburg (S)|Berlin Savignyplatz|Berlin Zoologischer Garten (S)|Berlin-Tiergarten|Berlin Bellevue|Berlin Hbf (S-Bahn)|Berlin Friedrichstraße (S)|Berlin Hackescher Markt|Berlin Alexanderplatz (S)|Berlin Jannowitzbrücke|Berlin Ostbahnhof (S)|Berlin Warschauer Straße|Berlin Treptower Park|Berlin Plänterwald,8089004,4,Baumschulenweg,Berlin,Berlin,12437,13.490097,52.467244,2024-07-08T00:07:00,2024-07-08T00:10:00,2024-07-08T00:07:00,2024-07-08T00:10:00,0,0,,on_time,on_time
3419072004785619222-2407072358-22,9,Berlin-Spandau (S)|Berlin-Stresow|Berlin-Pichelsberg|Berlin Olympiastadion|Berlin Heerstraße|Berlin Messe Süd (Eichkamp)|Berlin Westkreuz|Berlin Charlottenburg (S)|Berlin Savignyplatz|Berlin Zoologischer Garten (S)|Berlin-Tiergarten|Berlin Bellevue|Berlin Hbf (S-Bahn)|Berlin Friedrichstraße (S)|Berlin Hackescher Markt|Berlin Alexanderplatz (S)|Berlin Jannowitzbrücke|Berlin Ostbahnhof (S)|Berlin Warschauer Straße|Berlin Treptower Park|Berlin Plänterwald,8089004,4,Baumschulenweg,Berlin,Berlin,12437,13.490097,52.467244,2024-07-08T00:47:00,2024-07-08T00:50:00,2024-07-08T00:47:00,2024-07-08T00:50:00,0,0,,on_time,on_time
4696287817138109395-2407080009-5,8,Berlin-Grünau|Berlin-Adlershof|Berlin-Johannisthal|Berlin-Schöneweide (S),8089004,4,Baumschulenweg,Berlin,Berlin,12437,13.490097,52.467244,2024-07-08T00:20:00,2024-07-08T00:20:00,2024-07-08T00:20:00,2024-07-08T00:20:00,0,0,,on_time,on_time
6514326782731112305-2407072338-15,46,Berlin Westend|Berlin Messe Nord/ICC (Witzleben)|Berlin Westkreuz|Berlin-Halensee|Berlin Hohenzollerndamm|Berlin Heidelberger Platz|Berlin Bundesplatz|Berlin Innsbrucker Platz|Berlin-Schöneberg|Berlin Südkreuz (S)|Berlin-Tempelhof|Berlin Hermannstraße|Berlin-Neukölln|Berlin Köllnische Heide,8089004,4,Baumschulenweg,Berlin,Berlin,12437,13.490097,52.467244,2024-07-08T00:07:00,2024-07-08T00:08:00,2024-07-08T00:07:00,2024-07-08T00:08:00,0,0,,on_time,on_time
6210496988613694272-2407080029-5,8,Berlin-Grünau|Berlin-Adlershof|Berlin-Johannisthal|Berlin-Schöneweide (S),8089004,4,Baumschulenweg,Berlin,Berlin,12437,13.490097,52.467244,2024-07-08T00:40:00,2024-07-08T00:40:00,,,0,0,,on_time,on_time
2396266568734110016-2407080021-9,46,Königs Wusterhausen|Wildau|Zeuthen|Eichwalde|Berlin-Grünau|Berlin-Adlershof|Berlin-Johannisthal|Berlin-Schöneweide (S),8089004,4,Baumschulenweg,Berlin,Berlin,12437,13.490097,52.467244,2024-07-08T00:47:00,2024-07-08T00:48:00,,,0,0,,on_time,on_time
-1871879830496714182-2407080008-6,45,Berlin Südkreuz (S)|Berlin-Tempelhof|Berlin Hermannstraße|Berlin-Neukölln|Berlin Köllnische Heide,8089004,4,Baumschulenweg,Berlin,Berlin,12437,13.490097,52.467244,2024-07-08T00:20:00,2024-07-08T00:21:00,2024-07-08T00:20:00,2024-07-08T00:21:00,0,0,,on_time,on_time
-8236367455607985793-2407080018-15,46,Berlin Westend|Berlin Messe Nord/ICC (Witzleben)|Berlin Westkreuz|Berlin-Halensee|Berlin Hohenzollerndamm|Berlin Heidelberger Platz|Berlin Bundesplatz|Berlin Innsbrucker Platz|Berlin-Schöneberg|Berlin Südkreuz (S)|Berlin-Tempelhof|Berlin Hermannstraße|Berlin-Neukölln|Berlin Köllnische Heide,8089004,4,Baumschulenweg,Berlin,Berlin,12437,13.490097,52.467244,2024-07-08T00:47:00,2024-07-08T00:48:00,2024-07-08T00:47:00,2024-07-08T00:48:00,0,0,,on_time,on_time
7453506468933069990-2407080005-14,8,Berlin-Blankenburg|Berlin-Pankow-Heinersdorf|Berlin-Pankow|Berlin Bornholmer Str.|Berlin Schönhauser Allee|Berlin Prenzlauer Allee|Berlin Greifswalder Str|Berlin Landsberger Allee|Berlin Storkower Str|Berlin Frankfurter Allee|Berlin Ostkreuz (S)|Berlin Treptower Park|Berlin Plänterwald,8089004,4,Baumschulenweg,Berlin,Berlin,12437,13.490097,52.467244,2024-07-08T00:35:00,2024-07-08T00:35:00,2024-07-08T00:35:00,2024-07-08T00:35:00,0,0,,on_time,on_time
8253464076549036480-2407080029-9,9,Flughafen BER (S-Bahn)|Waßmannsdorf|Schönefeld(bei Berlin)|Berlin Grünbergallee|Berlin-Altglienicke|Berlin-Adlershof|Berlin-Johannisthal|Berlin-Schöneweide (S),8089004,4,Baumschulenweg,Berlin,Berlin,12437,13.490097,52.467244,2024-07-08T00:55:00,2024-07-08T00:56:00,,,0,0,,on_time,on_time
8655015963546991131-2407072324-19,8,Birkenwerder(b Berlin)|Hohen Neuendorf(b Berlin)|Bergfelde(b Berlin)|Schönfließ(b Oranienburg)|Mühlenbeck-Mönchmühle|Berlin-Blankenburg|Berlin-Pankow-Heinersdorf|Berlin-Pankow|Berlin Bornholmer Str.|Berlin Schönhauser Allee|Berlin Prenzlauer Allee|Berlin Greifswalder Str|Berlin Landsberger Allee|Berlin Storkower Str|Berlin Frankfurter Allee|Berlin Ostkreuz (S)|Berlin Treptower Park|Berlin Plänterwald,8089004,4,Baumschulenweg,Berlin,Berlin,12437,13.490097,52.467244,2024-07-08T00:15:00,2024-07-08T00:15:00,2024-07-08T00:15:00,2024-07-08T00:15:00,0,0,,on_time,on_time
1160641199814617012-2407072337-9,45,Flughafen BER (S-Bahn)|Waßmannsdorf|Schönefeld(bei Berlin)|Berlin Grünbergallee|Berlin-Altglienicke|Berlin-Adlershof|Berlin-Johannisthal|Berlin-Schöneweide (S),8089004,4,Baumschulenweg,Berlin,Berlin,12437,13.490097,52.467244,2024-07-08T00:02:00,2024-07-08T00:03:00,2024-07-08T00:03:00,2024-07-08T00:03:00,1,0,,on_time,on_time
-2105664261925506836-2407072349-5,8,Berlin-Grünau|Berlin-Adlershof|Berlin-Johannisthal|Berlin-Schöneweide (S),8089004,4,Baumschulenweg,Berlin,Berlin,12437,13.490097,52.467244,2024-07-08T00:00:00,2024-07-08T00:00:00,2024-07-08T00:00:00,2024-07-08T00:01:00,0,1,,on_time,on_time
3564208461273482936-2407080017-9,45,Flughafen BER (S-Bahn)|Waßmannsdorf|Schönefeld(bei Berlin)|Berlin Grünbergallee|Berlin-Altglienicke|Berlin-Adlershof|Berlin-Johannisthal|Berlin-Schöneweide (S),8089004,4,Baumschulenweg,Berlin,Berlin,12437,13.490097,52.467244,2024-07-08T00:42:00,2024-07-08T00:43:00,2024-07-08T00:42:00,2024-07-08T00:43:00,0,0,,on_time,on_time
-6420897253859089585-2407072350-10,RB60,Dresden Hbf|Dresden Mitte|Dresden-Neustadt|Dresden-Klotzsche|Radeberg|Arnsdorf(Dresden)|Bischofswerda|Demitz-Thumitz|Seitschen,8010026,4,Bautzen,Sachsen,Bautzen,2625,14.428735,51.173097,2024-07-08T00:42:00,2024-07-08T00:42:00,2024-07-08T00:45:00,2024-07-08T00:46:00,3,4,,on_time,on_time
-6081262919619493063-2407072350-18,6,Düsseldorf-Rath Mitte|Düsseldorf-Derendorf|Düsseldorf-Zoo|Düsseldorf Wehrhahn|Düsseldorf Hbf|Düsseldorf Volksgarten|Düsseldorf-Oberbilk|Düsseldorf-Eller Süd|Düsseldorf-Reisholz|Düsseldorf-Benrath|Düsseldorf-Garath|Düsseldorf-Hellerhof|Langenfeld(Rhld)-Berghausen|Langenfeld(Rhld)|Leverkusen-Rheindorf|Leverkusen-Küppersteg|Leverkusen Mitte,8000832,5,Leverkusen Chempark,Nordrhein-Westfalen,Köln,51061,6.996675,51.011409,2024-07-08T00:36:00,2024-07-08T00:36:00,2024-07-08T00:36:00,2024-07-08T00:36:00,0,0,Bauarbeiten. (Quelle: zuginfo.nrw),on_time,on_time
5608321185754391530-2407080031-8,6,Köln-Nippes|Köln Hansaring|Köln Hbf|Köln Messe/Deutz|Köln-Buchforst|Köln-Mülheim|Köln-Stammheim,8000832,5,Leverkusen Chempark,Nordrhein-Westfalen,Köln,51061,6.996675,51.011409,2024-07-08T00:53:00,2024-07-08T00:54:00,2024-07-08T00:54:00,2024-07-08T00:55:00,1,1,Bauarbeiten. (Quelle: zuginfo.nrw),on_time,on_time
1706958687990872371-2407080001-8,6,Köln-Nippes|Köln Hansaring|Köln Hbf|Köln Messe/Deutz|Köln-Buchforst|Köln-Mülheim|Köln-Stammheim,8000832,5,Leverkusen Chempark,Nordrhein-Westfalen,Köln,51061,6.996675,51.011409,2024-07-08T00:23:00,2024-07-08T00:24:00,2024-07-08T00:25:00,2024-07-08T00:25:00,2,1,Bauarbeiten. (Quelle: zuginfo.nrw),on_time,on_time
-1183323530558531419-2407072320-18,6,Düsseldorf-Rath Mitte|Düsseldorf-Derendorf|Düsseldorf-Zoo|Düsseldorf Wehrhahn|Düsseldorf Hbf|Düsseldorf Volksgarten|Düsseldorf-Oberbilk|Düsseldorf-Eller Süd|Düsseldorf-Reisholz|Düsseldorf-Benrath|Düsseldorf-Garath|Düsseldorf-Hellerhof|Langenfeld(Rhld)-Berghausen|Langenfeld(Rhld)|Leverkusen-Rheindorf|Leverkusen-Küppersteg|Leverkusen Mitte,8000832,5,Leverkusen Chempark,Nordrhein-Westfalen,Köln,51061,6.996675,51.011409,2024-07-08T00:06:00,2024-07-08T00:06:00,2024-07-08T00:06:00,2024-07-08T00:06:00,0,0,Bauarbeiten. (Quelle: zuginfo.nrw),on_time,on_time
-7507052925339506417-2407080014-1,RB97,,8000028,3,Bayreuth Hbf,Bayern,Bayreuth,95444,11.579985,49.949616,,2024-07-08T00:14:00,,2024-07-08T00:14:00,0,0,,on_time,on_time
-7874168922672905033-2407072311-6,30,Nürnberg Hbf|Hersbruck(r Pegnitz)|Neuhaus(Pegnitz)|Pegnitz|Creußen(Oberfr),8000028,3,Bayreuth Hbf,Bayern,Bayreuth,95444,11.579985,49.949616,2024-07-08T00:09:00,2024-07-08T00:11:00,2024-07-08T00:22:00,2024-07-08T00:23:00,13,12,,delay,delay
5588128401731872656-2407080011-11,5,Kassel Hbf|Kassel-Wilhelmshöhe|Guxhagen|Melsungen|Malsfeld|Malsfeld-Beiseförth|Altmorschen|Heinebach|Rotenburg a.d. Fulda|Lispenhausen,8000029,3,Bebra,Hessen,Bebra,36179,9.797788,50.969568,2024-07-08T00:58:00,2024-07-08T00:59:00,2024-07-08T00:58:00,2024-07-08T00:59:00,0,0,,on_time,on_time
3360893944022444050-2407072338-12,9,Berlin-Spandau (S)|Berlin-Stresow|Berlin-Pichelsberg|Berlin Olympiastadion|Berlin Heerstraße|Berlin Messe Süd (Eichkamp)|Berlin Westkreuz|Berlin Charlottenburg (S)|Berlin Savignyplatz|Berlin Zoologischer Garten (S)|Berlin-Tiergarten,8089005,4,Bellevue,Berlin,Berlin,10557,13.348263,52.519955,2024-07-08T00:02:00,2024-07-08T00:03:00,2024-07-08T00:03:00,2024-07-08T00:03:00,1,0,,on_time,on_time
-3443871486920457923-2407080026-12,3,Berlin-Karlshorst (S)|Berlin Betriebsbf Rummelsburg|Berlin-Rummelsburg|Berlin Ostkreuz (S)|Berlin Warschauer Straße|Berlin Ostbahnhof (S)|Berlin Jannowitzbrücke|Berlin Alexanderplatz (S)|Berlin Hackescher Markt|Berlin Friedrichstraße (S)|Berlin Hbf (S-Bahn),8089005,4,Bellevue,Berlin,Berlin,10557,13.348263,52.519955,2024-07-08T00:51:00,2024-07-08T00:52:00,,,0,0,,on_time,on_time
8754252874419393638-2407072349-19,9,Flughafen BER (S-Bahn)|Waßmannsdorf|Schönefeld(bei Berlin)|Berlin Grünbergallee|Berlin-Altglienicke|Berlin-Adlershof|Berlin-Johannisthal|Berlin-Schöneweide (S)|Berlin Baumschulenweg|Berlin Plänterwald|Berlin Treptower Park|Berlin Warschauer Straße|Berlin Ostbahnhof (S)|Berlin Jannowitzbrücke|Berlin Alexanderplatz (S)|Berlin Hackescher Markt|Berlin Friedrichstraße (S)|Berlin Hbf (S-Bahn),8089005,4,Bellevue,Berlin,Berlin,10557,13.348263,52.519955,2024-07-08T00:41:00,2024-07-08T00:42:00,2024-07-08T00:41:00,2024-07-08T00:42:00,0,0,,on_time,on_time
-8841955339355239150-2407080038-7,3,Berlin-Grunewald|Berlin Westkreuz|Berlin Charlottenburg (S)|Berlin Savignyplatz|Berlin Zoologischer Garten (S)|Berlin-Tiergarten,8089005,4,Bellevue,Berlin,Berlin,10557,13.348263,52.519955,2024-07-08T00:52:00,2024-07-08T00:53:00,,,0,0,,on_time,on_time
7921585212666496071-2407072341-16,5,Berlin-Mahlsdorf (S)|Berlin-Kaulsdorf|Berlin Wuhletal|Berlin-Biesdorf|Berlin-Friedrichsfelde Ost|Berlin-Lichtenberg (S)|Berlin Nöldnerplatz|Berlin Ostkreuz (S)|Berlin Warschauer Straße|Berlin Ostbahnhof (S)|Berlin Jannowitzbrücke|Berlin Alexanderplatz (S)|Berlin Hackescher Markt|Berlin Friedrichstraße (S)|Berlin Hbf (S-Bahn),8089005,4,Bellevue,Berlin,Berlin,10557,13.348263,52.519955,2024-07-08T00:16:00,2024-07-08T00:17:00,2024-07-08T00:16:00,2024-07-08T00:17:00,0,0,,on_time,on_time
8783116678913773719-2407072351-18,7,Ahrensfelde (S)|Berlin Mehrower Allee|Berlin Raoul-Wallenberg-Str.|Berlin-Marzahn|Berlin Poelchaustr.|Berlin Springpfuhl|Berlin-Friedrichsfelde Ost|Berlin-Lichtenberg (S)|Berlin Nöldnerplatz|Berlin Ostkreuz (S)|Berlin Warschauer Straße|Berlin Ostbahnhof (S)|Berlin Jannowitzbrücke|Berlin Alexanderplatz (S)|Berlin Hackescher Markt|Berlin Friedrichstraße (S)|Berlin Hbf (S-Bahn),8089005,4,Bellevue,Berlin,Berlin,10557,13.348263,52.519955,2024-07-08T00:29:00,2024-07-08T00:29:00,2024-07-08T00:29:00,2024-07-08T00:29:00,0,0,,on_time,on_time
30572070181351137-2407080021-16,5,Berlin-Mahlsdorf (S)|Berlin-Kaulsdorf|Berlin Wuhletal|Berlin-Biesdorf|Berlin-Friedrichsfelde Ost|Berlin-Lichtenberg (S)|Berlin Nöldnerplatz|Berlin Ostkreuz (S)|Berlin Warschauer Straße|Berlin Ostbahnhof (S)|Berlin Jannowitzbrücke|Berlin Alexanderplatz (S)|Berlin Hackescher Markt|Berlin Friedrichstraße (S)|Berlin Hbf (S-Bahn),8089005,4,Bellevue,Berlin,Berlin,10557,13.348263,52.519955,2024-07-08T00:56:00,2024-07-08T00:57:00,,,0,0,,on_time,on_time
-5116200977454988467-2407072331-18,7,Ahrensfelde (S)|Berlin Mehrower Allee|Berlin Raoul-Wallenberg-Str.|Berlin-Marzahn|Berlin Poelchaustr.|Berlin Springpfuhl|Berlin-Friedrichsfelde Ost|Berlin-Lichtenberg (S)|Berlin Nöldnerplatz|Berlin Ostkreuz (S)|Berlin Warschauer Straße|Berlin Ostbahnhof (S)|Berlin Jannowitzbrücke|Berlin Alexanderplatz (S)|Berlin Hackescher Markt|Berlin Friedrichstraße (S)|Berlin Hbf (S-Bahn),8089005,4,Bellevue,Berlin,Berlin,10557,13.348263,52.519955,2024-07-08T00:09:00,2024-07-08T00:09:00,2024-07-08T00:09:00,2024-07-08T00:09:00,0,0,,on_time,on_time
2104147134298974835-2407080018-7,3,Berlin-Grunewald|Berlin Westkreuz|Berlin Charlottenburg (S)|Berlin Savignyplatz|Berlin Zoologischer Garten (S)|Berlin-Tiergarten,8089005,4,Bellevue,Berlin,Berlin,10557,13.348263,52.519955,2024-07-08T00:32:00,2024-07-08T00:33:00,,,0,0,,on_time,on_time
6397578513258634163-2407072341-12,7,Potsdam Hbf (S)|Potsdam-Babelsberg|Potsdam Griebnitzsee (S)|Berlin-Wannsee (S)|Berlin-Nikolassee|Berlin-Grunewald|Berlin Westkreuz|Berlin Charlottenburg (S)|Berlin Savignyplatz|Berlin Zoologischer Garten (S)|Berlin-Tiergarten,8089005,4,Bellevue,Berlin,Berlin,10557,13.348263,52.519955,2024-07-08T00:15:00,2024-07-08T00:15:00,2024-07-08T00:15:00,2024-07-08T00:15:00,0,0,,on_time,on_time
6573732649710011252-2407072309-19,9,Flughafen BER (S-Bahn)|Waßmannsdorf|Schönefeld(bei Berlin)|Berlin Grünbergallee|Berlin-Altglienicke|Berlin-Adlershof|Berlin-Johannisthal|Berlin-Schöneweide (S)|Berlin Baumschulenweg|Berlin Plänterwald|Berlin Treptower Park|Berlin Warschauer Straße|Berlin Ostbahnhof (S)|Berlin Jannowitzbrücke|Berlin Alexanderplatz (S)|Berlin Hackescher Markt|Berlin Friedrichstraße (S)|Berlin Hbf (S-Bahn),8089005,4,Bellevue,Berlin,Berlin,10557,13.348263,52.519955,2024-07-08T00:01:00,2024-07-08T00:02:00,2024-07-08T00:02:00,2024-07-08T00:03:00,1,1,,on_time,on_time
8842394844799475175-2407080001-16,5,Berlin-Mahlsdorf (S)|Berlin-Kaulsdorf|Berlin Wuhletal|Berlin-Biesdorf|Berlin-Friedrichsfelde Ost|Berlin-Lichtenberg (S)|Berlin Nöldnerplatz|Berlin Ostkreuz (S)|Berlin Warschauer Straße|Berlin Ostbahnhof (S)|Berlin Jannowitzbrücke|Berlin Alexanderplatz (S)|Berlin Hackescher Markt|Berlin Friedrichstraße (S)|Berlin Hbf (S-Bahn),8089005,4,Bellevue,Berlin,Berlin,10557,13.348263,52.519955,2024-07-08T00:36:00,2024-07-08T00:37:00,2024-07-08T00:36:00,2024-07-08T00:37:00,0,0,,on_time,on_time
-2159877480966285483-2407080001-12,7,Potsdam Hbf (S)|Potsdam-Babelsberg|Potsdam Griebnitzsee (S)|Berlin-Wannsee (S)|Berlin-Nikolassee|Berlin-Grunewald|Berlin Westkreuz|Berlin Charlottenburg (S)|Berlin Savignyplatz|Berlin Zoologischer Garten (S)|Berlin-Tiergarten,8089005,4,Bellevue,Berlin,Berlin,10557,13.348263,52.519955,2024-07-08T00:35:00,2024-07-08T00:35:00,2024-07-08T00:35:00,2024-07-08T00:35:00,0,0,,on_time,on_time
3419072004785619222-2407072358-12,9,Berlin-Spandau (S)|Berlin-Stresow|Berlin-Pichelsberg|Berlin Olympiastadion|Berlin Heerstraße|Berlin Messe Süd (Eichkamp)|Berlin Westkreuz|Berlin Charlottenburg (S)|Berlin Savignyplatz|Berlin Zoologischer Garten (S)|Berlin-Tiergarten,8089005,4,Bellevue,Berlin,Berlin,10557,13.348263,52.519955,2024-07-08T00:22:00,2024-07-08T00:23:00,2024-07-08T00:22:00,2024-07-08T00:23:00,0,0,,on_time,on_time
-1390325892679450684-2407072346-12,3,Berlin-Karlshorst (S)|Berlin Betriebsbf Rummelsburg|Berlin-Rummelsburg|Berlin Ostkreuz (S)|Berlin Warschauer Straße|Berlin Ostbahnhof (S)|Berlin Jannowitzbrücke|Berlin Alexanderplatz (S)|Berlin Hackescher Markt|Berlin Friedrichstraße (S)|Berlin Hbf (S-Bahn),8089005,4,Bellevue,Berlin,Berlin,10557,13.348263,52.519955,2024-07-08T00:11:00,2024-07-08T00:12:00,2024-07-08T00:11:00,2024-07-08T00:12:00,0,0,,on_time,on_time
-7925159838019797805-2407072329-19,9,Flughafen BER (S-Bahn)|Waßmannsdorf|Schönefeld(bei Berlin)|Berlin Grünbergallee|Berlin-Altglienicke|Berlin-Adlershof|Berlin-Johannisthal|Berlin-Schöneweide (S)|Berlin Baumschulenweg|Berlin Plänterwald|Berlin Treptower Park|Berlin Warschauer Straße|Berlin Ostbahnhof (S)|Berlin Jannowitzbrücke|Berlin Alexanderplatz (S)|Berlin Hackescher Markt|Berlin Friedrichstraße (S)|Berlin Hbf (S-Bahn),8089005,4,Bellevue,Berlin,Berlin,10557,13.348263,52.519955,2024-07-08T00:21:00,2024-07-08T00:22:00,2024-07-08T00:22:00,2024-07-08T00:22:00,1,0,,on_time,on_time
-7712761816022592314-2407080037-6,5,Berlin Westkreuz|Berlin Charlottenburg (S)|Berlin Savignyplatz|Berlin Zoologischer Garten (S)|Berlin-Tiergarten,8089005,4,Bellevue,Berlin,Berlin,10557,13.348263,52.519955,2024-07-08T00:47:00,2024-07-08T00:48:00,,,0,0,,on_time,on_time
7131761515067730457-2407080027-6,5,Berlin Westkreuz|Berlin Charlottenburg (S)|Berlin Savignyplatz|Berlin Zoologischer Garten (S)|Berlin-Tiergarten,8089005,4,Bellevue,Berlin,Berlin,10557,13.348263,52.519955,2024-07-08T00:37:00,2024-07-08T00:38:00,,,0,0,,on_time,on_time
-2310595962716240109-2407080007-6,5,Berlin Westkreuz|Berlin Charlottenburg (S)|Berlin Savignyplatz|Berlin Zoologischer Garten (S)|Berlin-Tiergarten,8089005,4,Bellevue,Berlin,Berlin,10557,13.348263,52.519955,2024-07-08T00:17:00,2024-07-08T00:18:00,2024-07-08T00:17:00,2024-07-08T00:18:00,0,0,,on_time,on_time
-4827287623827181677-2407080011-18,7,Ahrensfelde (S)|Berlin Mehrower Allee|Berlin Raoul-Wallenberg-Str.|Berlin-Marzahn|Berlin Poelchaustr.|Berlin Springpfuhl|Berlin-Friedrichsfelde Ost|Berlin-Lichtenberg (S)|Berlin Nöldnerplatz|Berlin Ostkreuz (S)|Berlin Warschauer Straße|Berlin Ostbahnhof (S)|Berlin Jannowitzbrücke|Berlin Alexanderplatz (S)|Berlin Hackescher Markt|Berlin Friedrichstraße (S)|Berlin Hbf (S-Bahn),8089005,4,Bellevue,Berlin,Berlin,10557,13.348263,52.519955,2024-07-08T00:49:00,2024-07-08T00:49:00,2024-07-08T00:49:00,2024-07-08T00:49:00,0,0,,on_time,on_time
-1050123829049800495-2407080006-12,3,Berlin-Karlshorst (S)|Berlin Betriebsbf Rummelsburg|Berlin-Rummelsburg|Berlin Ostkreuz (S)|Berlin Warschauer Straße|Berlin Ostbahnhof (S)|Berlin Jannowitzbrücke|Berlin Alexanderplatz (S)|Berlin Hackescher Markt|Berlin Friedrichstraße (S)|Berlin Hbf (S-Bahn),8089005,4,Bellevue,Berlin,Berlin,10557,13.348263,52.519955,2024-07-08T00:31:00,2024-07-08T00:32:00,2024-07-08T00:31:00,2024-07-08T00:32:00,0,0,,on_time,on_time
6949461116673936261-2407080018-12,9,Berlin-Spandau (S)|Berlin-Stresow|Berlin-Pichelsberg|Berlin Olympiastadion|Berlin Heerstraße|Berlin Messe Süd (Eichkamp)|Berlin Westkreuz|Berlin Charlottenburg (S)|Berlin Savignyplatz|Berlin Zoologischer Garten (S)|Berlin-Tiergarten,8089005,4,Bellevue,Berlin,Berlin,10557,13.348263,52.519955,2024-07-08T00:42:00,2024-07-08T00:43:00,2024-07-08T00:42:00,2024-07-08T00:43:00,0,0,,on_time,on_time
-7320758964149291748-2407080021-12,7,Potsdam Hbf (S)|Potsdam-Babelsberg|Potsdam Griebnitzsee (S)|Berlin-Wannsee (S)|Berlin-Nikolassee|Berlin-Grunewald|Berlin Westkreuz|Berlin Charlottenburg (S)|Berlin Savignyplatz|Berlin Zoologischer Garten (S)|Berlin-Tiergarten,8089005,4,Bellevue,Berlin,Berlin,10557,13.348263,52.519955,2024-07-08T00:55:00,2024-07-08T00:55:00,,,0,0,,on_time,on_time
-7947120674196542913-2407072348-12,3,Berlin-Spandau (S)|Berlin-Stresow|Berlin-Pichelsberg|Berlin Olympiastadion|Berlin Heerstraße|Berlin Messe Süd (Eichkamp)|Berlin Westkreuz|Berlin Charlottenburg (S)|Berlin Savignyplatz|Berlin Zoologischer Garten (S)|Berlin-Tiergarten,8089005,4,Bellevue,Berlin,Berlin,10557,13.348263,52.519955,2024-07-08T00:12:00,2024-07-08T00:13:00,2024-07-08T00:12:00,2024-07-08T00:13:00,0,0,,on_time,on_time
-7086205197014788988-2407072302-17,7,Berlin Ostbahnhof|Berlin Alexanderplatz|Berlin Friedrichstraße|Berlin Hbf|Berlin Zoologischer Garten|Berlin-Charlottenburg|Berlin-Wannsee|Potsdam Medienstadt Babelsberg|Potsdam-Rehbrücke|Wilhelmshorst|Michendorf|Seddin|Beelitz-Heilstätten|Borkheide|Brück(Mark)|Baitz,8010031,5,Bad Belzig,Brandenburg,Belzig,14806,12.594981,52.135969,2024-07-08T00:17:00,2024-07-08T00:19:00,2024-07-08T00:17:00,2024-07-08T00:19:00,0,0,,on_time,on_time
7810579579456268310-2407072336-12,5,Hannover Flughafen|Langenhagen Pferdemarkt|Langenhagen Mitte|Hannover-Vinnhorst|Hannover-Ledeburg|Hannover-Nordstadt|Hannover Hbf|Hannover Bismarckstr.|Hannover-Linden/Fischerhof|Weetzen|Holtensen/Linderte,8000872,5,Bennigsen,Niedersachsen,Springe,31832,9.666376,52.240733,2024-07-08T00:17:00,2024-07-08T00:17:00,2024-07-08T00:47:00,2024-07-08T00:47:00,30,30,Information,delay,delay
-7484560138445987642-2407080005-7,5,Bad Pyrmont|Emmerthal|Hameln|Bad Münder(Deister)|Springe|Völksen/Eldagsen,8000872,5,Bennigsen,Niedersachsen,Springe,31832,9.666376,52.240733,2024-07-08T00:41:00,2024-07-08T00:41:00,2024-07-08T01:01:00,2024-07-08T01:01:00,20,20,Information,delay,delay
-177803341276164614-2407080002-12,4,Stuttgart Schwabstr.|Stuttgart Feuersee|Stuttgart Stadtmitte|Stuttgart Hbf (tief)|Stuttgart Nord|Stuttgart-Feuerbach|Stuttgart-Zuffenhausen|Kornwestheim Pbf|Ludwigsburg|Favoritepark|Freiberg(Neckar),8000873,5,Benningen (Neckar),Baden-Württemberg,Benningen am Neckar,71726,9.244504,48.943614,2024-07-08T00:32:00,2024-07-08T00:33:00,2024-07-08T00:32:00,2024-07-08T00:33:00,0,0,Störung,on_time,on_time
-3149719527161341561-2407072332-12,4,Stuttgart Schwabstr.|Stuttgart Feuersee|Stuttgart Stadtmitte|Stuttgart Hbf (tief)|Stuttgart Nord|Stuttgart-Feuerbach|Stuttgart-Zuffenhausen|Kornwestheim Pbf|Ludwigsburg|Favoritepark|Freiberg(Neckar),8000873,5,Benningen (Neckar),Baden-Württemberg,Benningen am Neckar,71726,9.244504,48.943614,2024-07-08T00:02:00,2024-07-08T00:03:00,2024-07-08T00:02:00,2024-07-08T00:03:00,0,0,Information,on_time,on_time
5391302266099657590-2407072320-12,68,Heidelberg Hbf|Heidelberg-Pfaffengrund/Wieblingen|Neu-Edingen/Friedrichsfeld|Ladenburg|Heddesheim/Hirschberg|Weinheim-Lützelsachsen|Weinheim(Bergstr)Hbf|Weinheim-Sulzbach|Hemsbach|Laudenbach(Bergstr)|Heppenheim(Bergstr),8000031,4,Bensheim,Hessen,Bensheim,64625,8.616717,49.681329,2024-07-08T00:03:00,2024-07-08T00:03:00,2024-07-08T00:05:00,2024-07-08T00:06:00,2,3,Information,on_time,on_time
8097664128135578451-2407080006-10,68,Frankfurt(Main)Hbf|Langen(Hess)|Darmstadt Hbf|Darmstadt Süd|Darmstadt-Eberstadt|Bickenbach(Bergstr)|Hähnlein-Alsbach|Zwingenberg(Bergstr)|Bensheim-Auerbach,8000031,4,Bensheim,Hessen,Bensheim,64625,8.616717,49.681329,2024-07-08T00:56:00,2024-07-08T00:57:00,2024-07-08T00:56:00,2024-07-08T00:57:00,0,0,Information,on_time,on_time
-7686913215100515568-2407072316-12,67,Mannheim Hbf|Mannheim ARENA/Maimarkt|Neu-Edingen/Friedrichsfeld|Ladenburg|Heddesheim/Hirschberg|Weinheim-Lützelsachsen|Weinheim(Bergstr)Hbf|Weinheim-Sulzbach|Hemsbach|Laudenbach(Bergstr)|Heppenheim(Bergstr),8000031,4,Bensheim,Hessen,Bensheim,64625,8.616717,49.681329,2024-07-08T00:03:00,2024-07-08T00:03:00,2024-07-08T00:05:00,2024-07-08T00:06:00,2,3,Information,on_time,on_time
5391302266099657590-2407072320-13,68,Heidelberg Hbf|Heidelberg-Pfaffengrund/Wieblingen|Neu-Edingen/Friedrichsfeld|Ladenburg|Heddesheim/Hirschberg|Weinheim-Lützelsachsen|Weinheim(Bergstr)Hbf|Weinheim-Sulzbach|Hemsbach|Laudenbach(Bergstr)|Heppenheim(Bergstr)|Bensheim,8000877,5,Bensheim-Auerbach,Hessen,Bensheim,64625,8.613366,49.701557,2024-07-08T00:06:00,2024-07-08T00:06:00,2024-07-08T00:08:00,2024-07-08T00:08:00,2,2,Information,on_time,on_time
8097664128135578451-2407080006-9,68,Frankfurt(Main)Hbf|Langen(Hess)|Darmstadt Hbf|Darmstadt Süd|Darmstadt-Eberstadt|Bickenbach(Bergstr)|Hähnlein-Alsbach|Zwingenberg(Bergstr),8000877,5,Bensheim-Auerbach,Hessen,Bensheim,64625,8.613366,49.701557,2024-07-08T00:53:00,2024-07-08T00:54:00,2024-07-08T00:54:00,2024-07-08T00:54:00,1,0,Information,on_time,on_time
-7686913215100515568-2407072316-13,67,Mannheim Hbf|Mannheim ARENA/Maimarkt|Neu-Edingen/Friedrichsfeld|Ladenburg|Heddesheim/Hirschberg|Weinheim-Lützelsachsen|Weinheim(Bergstr)Hbf|Weinheim-Sulzbach|Hemsbach|Laudenbach(Bergstr)|Heppenheim(Bergstr)|Bensheim,8000877,5,Bensheim-Auerbach,Hessen,Bensheim,64625,8.613366,49.701557,2024-07-08T00:06:00,2024-07-08T00:06:00,2024-07-08T00:08:00,2024-07-08T00:08:00,2,2,Information,on_time,on_time
-1961474624078022131-2407072316-4,50,Nürnberg Hbf|Neumarkt(Oberpf)|Parsberg,8000882,5,Beratzhausen,Bayern,Beratzhausen,93176,11.807853,49.092846,2024-07-07T23:59:00,2024-07-08T00:00:00,2024-07-08T00:16:00,2024-07-08T00:17:00,17,17,,delay,delay
-3641871542368495493-2407080000-7,9,Stralsund Hbf|Stralsund Rügendamm|Altefähr|Rambin(Rügen)|Samtens|Teschenhagen,8010033,3,Bergen auf Rügen,Mecklenburg-Vorpommern,Bergen (Rügen),18528,13.417821,54.4205,2024-07-08T00:29:00,2024-07-08T00:30:00,2024-07-08T00:29:00,2024-07-08T00:30:00,0,0,,on_time,on_time
-2105664261925506836-2407072349-21,8,Berlin-Grünau|Berlin-Adlershof|Berlin-Johannisthal|Berlin-Schöneweide (S)|Berlin Baumschulenweg|Berlin Plänterwald|Berlin Treptower Park|Berlin Ostkreuz (S)|Berlin Frankfurter Allee|Berlin Storkower Str|Berlin Landsberger Allee|Berlin Greifswalder Str|Berlin Prenzlauer Allee|Berlin Schönhauser Allee|Berlin Bornholmer Str.|Berlin-Pankow|Berlin-Pankow-Heinersdorf|Berlin-Blankenburg|Mühlenbeck-Mönchmühle|Schönfließ(b Oranienburg),8080100,4,Bergfelde (b Berlin),Brandenburg,Hohen Neuendorf,16562,13.320244,52.670303,2024-07-08T00:47:00,2024-07-08T00:47:00,2024-07-08T00:47:00,2024-07-08T00:47:00,0,0,,on_time,on_time
1339484046895800990-2407080023-1,11,,8000899,5,Bergisch Gladbach,Nordrhein-Westfalen,Bergisch Gladbach,51465,7.124553,50.991461,,2024-07-08T00:23:00,,2024-07-08T00:23:00,0,0,,on_time,on_time
-7164639570264597079-2407080053-1,11,,8000899,5,Bergisch Gladbach,Nordrhein-Westfalen,Bergisch Gladbach,51465,7.124553,50.991461,,2024-07-08T00:53:00,,,0,0,,on_time,on_time
-1308595689782672773-2407080000-11,2,Blankenfelde (S)|Mahlow|Berlin-Lichtenrade|Berlin Schichauweg|Berlin Buckower Chaussee|Berlin-Marienfelde|Berlin Attilastr.|Berlin Priesterweg|Berlin Südkreuz (S)|Berlin Yorckstr.(S2),8089002,3,Berlin Anhalter Bahnhof,Berlin,Berlin,10963,13.381362,52.503486,2024-07-08T00:31:00,2024-07-08T00:32:00,2024-07-08T00:31:00,2024-07-08T00:32:00,0,0,,on_time,on_time
3983164985221343074-2407072340-11,2,Blankenfelde (S)|Mahlow|Berlin-Lichtenrade|Berlin Schichauweg|Berlin Buckower Chaussee|Berlin-Marienfelde|Berlin Attilastr.|Berlin Priesterweg|Berlin Südkreuz (S)|Berlin Yorckstr.(S2),8089002,3,Berlin Anhalter Bahnhof,Berlin,Berlin,10963,13.381362,52.503486,2024-07-08T00:11:00,2024-07-08T00:12:00,2024-07-08T00:11:00,2024-07-08T00:12:00,0,0,,on_time,on_time
234481728399650543-2407080008-18,25,Hennigsdorf (S)|Berlin-Heiligensee|Berlin-Schulzendorf|Berlin-Tegel (S)|Berlin Eichborndamm|Berlin Karl-Bonhoeffer-Nervenklinik|Berlin Alt-Reinickendorf|Berlin-Schönholz|Berlin Wollankstraße|Berlin Bornholmer Str.|Berlin Gesundbrunnen(S)|Berlin Humboldthain|Berlin Nordbahnhof|Berlin Oranienburger Straße|Berlin Friedrichstraße (S)|Berlin Brandenburger Tor|Berlin Potsdamer Platz (S),8089002,3,Berlin Anhalter Bahnhof,Berlin,Berlin,10963,13.381362,52.503486,2024-07-08T00:49:00,2024-07-08T00:49:00,2024-07-08T00:49:00,2024-07-08T00:49:00,0,0,,on_time,on_time
1493763324898451586-2407080005-10,25,Teltow Stadt|Berlin-Lichterfelde Süd|Berlin Osdorfer Straße|Berlin-Lichterfelde Ost (S)|Berlin-Lankwitz|Berlin Südende|Berlin Priesterweg|Berlin Südkreuz (S)|Berlin Yorckstr.(S2),8089002,3,Berlin Anhalter Bahnhof,Berlin,Berlin,10963,13.381362,52.503486,2024-07-08T00:26:00,2024-07-08T00:27:00,2024-07-08T00:26:00,2024-07-08T00:27:00,0,0,,on_time,on_time
-2963774187440278538-2407072323-18,2,Bernau (S)|Bernau-Friedenstal|Zepernick(Bernau)|Röntgental|Berlin-Buch|Berlin-Karow|Berlin-Blankenburg|Berlin-Pankow-Heinersdorf|Berlin-Pankow|Berlin Bornholmer Str.|Berlin Gesundbrunnen(S)|Berlin Humboldthain|Berlin Nordbahnhof|Berlin Oranienburger Straße|Berlin Friedrichstraße (S)|Berlin Brandenburger Tor|Berlin Potsdamer Platz (S),8089002,3,Berlin Anhalter Bahnhof,Berlin,Berlin,10963,13.381362,52.503486,2024-07-08T00:04:00,2024-07-08T00:04:00,2024-07-08T00:05:00,2024-07-08T00:06:00,1,2,,on_time,on_time
-5738915798531129536-2407072343-18,2,Bernau (S)|Bernau-Friedenstal|Zepernick(Bernau)|Röntgental|Berlin-Buch|Berlin-Karow|Berlin-Blankenburg|Berlin-Pankow-Heinersdorf|Berlin-Pankow|Berlin Bornholmer Str.|Berlin Gesundbrunnen(S)|Berlin Humboldthain|Berlin Nordbahnhof|Berlin Oranienburger Straße|Berlin Friedrichstraße (S)|Berlin Brandenburger Tor|Berlin Potsdamer Platz (S),8089002,3,Berlin Anhalter Bahnhof,Berlin,Berlin,10963,13.381362,52.503486,2024-07-08T00:24:00,2024-07-08T00:24:00,2024-07-08T00:25:00,2024-07-08T00:25:00,1,1,,on_time,on_time
8676169454658901758-2407072351-21,1,Oranienburg|Lehnitz|Borgsdorf|Birkenwerder(b Berlin)|Hohen Neuendorf(b Berlin)|Berlin-Frohnau|Berlin-Hermsdorf|Berlin-Waidmannslust|Berlin-Wittenau (Wilhelmsruher Damm)|Berlin-Wilhelmsruh|Berlin-Schönholz|Berlin Wollankstraße|Berlin Bornholmer Str.|Berlin Gesundbrunnen(S)|Berlin Humboldthain|Berlin Nordbahnhof|Berlin Oranienburger Straße|Berlin Friedrichstraße (S)|Berlin Brandenburger Tor|Berlin Potsdamer Platz (S),8089002,3,Berlin Anhalter Bahnhof,Berlin,Berlin,10963,13.381362,52.503486,2024-07-08T00:41:00,2024-07-08T00:42:00,2024-07-08T00:41:00,2024-07-08T00:42:00,0,0,,on_time,on_time
7649088808996046723-2407080014-15,1,Berlin-Wannsee (S)|Berlin-Nikolassee|Berlin-Schlachtensee|Berlin Mexikoplatz|Berlin-Zehlendorf|Berlin Sundgauer Str|Berlin-Lichterfelde West|Berlin Botanischer Garten|Berlin Rathaus Steglitz|Berlin Feuerbachstr.|Berlin-Friedenau|Berlin-Schöneberg|Berlin Julius-Leber-Brücke|Berlin Yorckstr.(S1),8089002,3,Berlin Anhalter Bahnhof,Berlin,Berlin,10963,13.381362,52.503486,2024-07-08T00:43:00,2024-07-08T00:44:00,2024-07-08T00:43:00,2024-07-08T00:44:00,0,0,,on_time,on_time
4172867114873011384-2407072328-18,25,Hennigsdorf (S)|Berlin-Heiligensee|Berlin-Schulzendorf|Berlin-Tegel (S)|Berlin Eichborndamm|Berlin Karl-Bonhoeffer-Nervenklinik|Berlin Alt-Reinickendorf|Berlin-Schönholz|Berlin Wollankstraße|Berlin Bornholmer Str.|Berlin Gesundbrunnen(S)|Berlin Humboldthain|Berlin Nordbahnhof|Berlin Oranienburger Straße|Berlin Friedrichstraße (S)|Berlin Brandenburger Tor|Berlin Potsdamer Platz (S),8089002,3,Berlin Anhalter Bahnhof,Berlin,Berlin,10963,13.381362,52.503486,2024-07-08T00:09:00,2024-07-08T00:09:00,2024-07-08T00:09:00,2024-07-08T00:09:00,0,0,,on_time,on_time
-4846341387412847765-2407072348-18,25,Hennigsdorf (S)|Berlin-Heiligensee|Berlin-Schulzendorf|Berlin-Tegel (S)|Berlin Eichborndamm|Berlin Karl-Bonhoeffer-Nervenklinik|Berlin Alt-Reinickendorf|Berlin-Schönholz|Berlin Wollankstraße|Berlin Bornholmer Str.|Berlin Gesundbrunnen(S)|Berlin Humboldthain|Berlin Nordbahnhof|Berlin Oranienburger Straße|Berlin Friedrichstraße (S)|Berlin Brandenburger Tor|Berlin Potsdamer Platz (S),8089002,3,Berlin Anhalter Bahnhof,Berlin,Berlin,10963,13.381362,52.503486,2024-07-08T00:29:00,2024-07-08T00:29:00,2024-07-08T00:29:00,2024-07-08T00:29:00,0,0,,on_time,on_time
-1180601538149933153-2407080025-10,25,Teltow Stadt|Berlin-Lichterfelde Süd|Berlin Osdorfer Straße|Berlin-Lichterfelde Ost (S)|Berlin-Lankwitz|Berlin Südende|Berlin Priesterweg|Berlin Südkreuz (S)|Berlin Yorckstr.(S2),8089002,3,Berlin Anhalter Bahnhof,Berlin,Berlin,10963,13.381362,52.503486,2024-07-08T00:46:00,2024-07-08T00:47:00,,,0,0,,on_time,on_time
-5950091281616137024-2407080020-11,2,Blankenfelde (S)|Mahlow|Berlin-Lichtenrade|Berlin Schichauweg|Berlin Buckower Chaussee|Berlin-Marienfelde|Berlin Attilastr.|Berlin Priesterweg|Berlin Südkreuz (S)|Berlin Yorckstr.(S2),8089002,3,Berlin Anhalter Bahnhof,Berlin,Berlin,10963,13.381362,52.503486,2024-07-08T00:51:00,2024-07-08T00:52:00,,,0,0,,on_time,on_time
-2384604348370111441-2407072311-21,1,Oranienburg|Lehnitz|Borgsdorf|Birkenwerder(b Berlin)|Hohen Neuendorf(b Berlin)|Berlin-Frohnau|Berlin-Hermsdorf|Berlin-Waidmannslust|Berlin-Wittenau (Wilhelmsruher Damm)|Berlin-Wilhelmsruh|Berlin-Schönholz|Berlin Wollankstraße|Berlin Bornholmer Str.|Berlin Gesundbrunnen(S)|Berlin Humboldthain|Berlin Nordbahnhof|Berlin Oranienburger Straße|Berlin Friedrichstraße (S)|Berlin Brandenburger Tor|Berlin Potsdamer Platz (S),8089002,3,Berlin Anhalter Bahnhof,Berlin,Berlin,10963,13.381362,52.503486,2024-07-08T00:01:00,2024-07-08T00:02:00,2024-07-08T00:03:00,2024-07-08T00:03:00,2,1,,on_time,on_time
-4475853834191571998-2407072331-21,1,Oranienburg|Lehnitz|Borgsdorf|Birkenwerder(b Berlin)|Hohen Neuendorf(b Berlin)|Berlin-Frohnau|Berlin-Hermsdorf|Berlin-Waidmannslust|Berlin-Wittenau (Wilhelmsruher Damm)|Berlin-Wilhelmsruh|Berlin-Schönholz|Berlin Wollankstraße|Berlin Bornholmer Str.|Berlin Gesundbrunnen(S)|Berlin Humboldthain|Berlin Nordbahnhof|Berlin Oranienburger Straße|Berlin Friedrichstraße (S)|Berlin Brandenburger Tor|Berlin Potsdamer Platz (S),8089002,3,Berlin Anhalter Bahnhof,Berlin,Berlin,10963,13.381362,52.503486,2024-07-08T00:21:00,2024-07-08T00:22:00,2024-07-08T00:21:00,2024-07-08T00:22:00,0,0,,on_time,on_time
-4079464492388970773-2407072345-10,25,Teltow Stadt|Berlin-Lichterfelde Süd|Berlin Osdorfer Straße|Berlin-Lichterfelde Ost (S)|Berlin-Lankwitz|Berlin Südende|Berlin Priesterweg|Berlin Südkreuz (S)|Berlin Yorckstr.(S2),8089002,3,Berlin Anhalter Bahnhof,Berlin,Berlin,10963,13.381362,52.503486,2024-07-08T00:06:00,2024-07-08T00:07:00,2024-07-08T00:06:00,2024-07-08T00:07:00,0,0,,on_time,on_time
-7234128127155025168-2407072334-15,1,Berlin-Wannsee (S)|Berlin-Nikolassee|Berlin-Schlachtensee|Berlin Mexikoplatz|Berlin-Zehlendorf|Berlin Sundgauer Str|Berlin-Lichterfelde West|Berlin Botanischer Garten|Berlin Rathaus Steglitz|Berlin Feuerbachstr.|Berlin-Friedenau|Berlin-Schöneberg|Berlin Julius-Leber-Brücke|Berlin Yorckstr.(S1),8089002,3,Berlin Anhalter Bahnhof,Berlin,Berlin,10963,13.381362,52.503486,2024-07-08T00:03:00,2024-07-08T00:04:00,2024-07-08T00:09:00,2024-07-08T00:10:00,6,6,,delay,delay
-8301379295245375921-2407080003-18,2,Bernau (S)|Bernau-Friedenstal|Zepernick(Bernau)|Röntgental|Berlin-Buch|Berlin-Karow|Berlin-Blankenburg|Berlin-Pankow-Heinersdorf|Berlin-Pankow|Berlin Bornholmer Str.|Berlin Gesundbrunnen(S)|Berlin Humboldthain|Berlin Nordbahnhof|Berlin Oranienburger Straße|Berlin Friedrichstraße (S)|Berlin Brandenburger Tor|Berlin Potsdamer Platz (S),8089002,3,Berlin Anhalter Bahnhof,Berlin,Berlin,10963,13.381362,52.503486,2024-07-08T00:44:00,2024-07-08T00:44:00,2024-07-08T00:44:00,2024-07-08T00:44:00,0,0,,on_time,on_time
-2230601977227938209-2407072354-15,1,Berlin-Wannsee (S)|Berlin-Nikolassee|Berlin-Schlachtensee|Berlin Mexikoplatz|Berlin-Zehlendorf|Berlin Sundgauer Str|Berlin-Lichterfelde West|Berlin Botanischer Garten|Berlin Rathaus Steglitz|Berlin Feuerbachstr.|Berlin-Friedenau|Berlin-Schöneberg|Berlin Julius-Leber-Brücke|Berlin Yorckstr.(S1),8089002,3,Berlin Anhalter Bahnhof,Berlin,Berlin,10963,13.381362,52.503486,2024-07-08T00:23:00,2024-07-08T00:24:00,2024-07-08T00:23:00,2024-07-08T00:24:00,0,0,,on_time,on_time
-6946957915671022744-2407072358-19,42,Berlin Beusselstraße|Berlin Jungfernheide (S)|Berlin Westend|Berlin Messe Nord/ICC (Witzleben)|Berlin Westkreuz|Berlin-Halensee|Berlin Hohenzollerndamm|Berlin Heidelberger Platz|Berlin Bundesplatz|Berlin Innsbrucker Platz|Berlin-Schöneberg|Berlin Südkreuz (S)|Berlin-Tempelhof|Berlin Hermannstraße|Berlin-Neukölln|Berlin Sonnenallee|Berlin Treptower Park|Berlin Ostkreuz (S),8089013,3,Berlin Frankfurter Allee,Berlin,Berlin,10247,13.47441,52.515168,2024-07-08T00:38:00,2024-07-08T00:38:00,2024-07-08T00:38:00,2024-07-08T00:38:00,0,0,,on_time,on_time
1959714227586052913-2407080008-10,41,Berlin Beusselstraße|Berlin Westhafen|Berlin-Wedding|Berlin Gesundbrunnen(S)|Berlin Schönhauser Allee|Berlin Prenzlauer Allee|Berlin Greifswalder Str|Berlin Landsberger Allee|Berlin Storkower Str,8089013,3,Berlin Frankfurter Allee,Berlin,Berlin,10247,13.47441,52.515168,2024-07-08T00:27:00,2024-07-08T00:28:00,2024-07-08T00:27:00,2024-07-08T00:28:00,0,0,,on_time,on_time
3882944869250236994-2407080018-19,42,Berlin Beusselstraße|Berlin Jungfernheide (S)|Berlin Westend|Berlin Messe Nord/ICC (Witzleben)|Berlin Westkreuz|Berlin-Halensee|Berlin Hohenzollerndamm|Berlin Heidelberger Platz|Berlin Bundesplatz|Berlin Innsbrucker Platz|Berlin-Schöneberg|Berlin Südkreuz (S)|Berlin-Tempelhof|Berlin Hermannstraße|Berlin-Neukölln|Berlin Sonnenallee|Berlin Treptower Park|Berlin Ostkreuz (S),8089013,3,Berlin Frankfurter Allee,Berlin,Berlin,10247,13.47441,52.515168,2024-07-08T00:58:00,2024-07-08T00:58:00,2024-07-08T00:58:00,2024-07-08T00:58:00,0,0,,on_time,on_time
-9077484454598909267-2407080018-10,41,Berlin Beusselstraße|Berlin Westhafen|Berlin-Wedding|Berlin Gesundbrunnen(S)|Berlin Schönhauser Allee|Berlin Prenzlauer Allee|Berlin Greifswalder Str|Berlin Landsberger Allee|Berlin Storkower Str,8089013,3,Berlin Frankfurter Allee,Berlin,Berlin,10247,13.47441,52.515168,2024-07-08T00:37:00,2024-07-08T00:38:00,2024-07-08T00:37:00,2024-07-08T00:38:00,0,0,,on_time,on_time
-499427496553395051-2407080025-10,8,Berlin-Blankenburg|Berlin-Pankow-Heinersdorf|Berlin-Pankow|Berlin Bornholmer Str.|Berlin Schönhauser Allee|Berlin Prenzlauer Allee|Berlin Greifswalder Str|Berlin Landsberger Allee|Berlin Storkower Str,8089013,3,Berlin Frankfurter Allee,Berlin,Berlin,10247,13.47441,52.515168,2024-07-08T00:45:00,2024-07-08T00:45:00,,,0,0,,on_time,on_time
-2790898132614475060-2407080008-19,42,Berlin Beusselstraße|Berlin Jungfernheide (S)|Berlin Westend|Berlin Messe Nord/ICC (Witzleben)|Berlin Westkreuz|Berlin-Halensee|Berlin Hohenzollerndamm|Berlin Heidelberger Platz|Berlin Bundesplatz|Berlin Innsbrucker Platz|Berlin-Schöneberg|Berlin Südkreuz (S)|Berlin-Tempelhof|Berlin Hermannstraße|Berlin-Neukölln|Berlin Sonnenallee|Berlin Treptower Park|Berlin Ostkreuz (S),8089013,3,Berlin Frankfurter Allee,Berlin,Berlin,10247,13.47441,52.515168,2024-07-08T00:48:00,2024-07-08T00:48:00,2024-07-08T00:48:00,2024-07-08T00:48:00,0,0,,on_time,on_time
-6495635842437964696-2407072328-19,42,Berlin Beusselstraße|Berlin Jungfernheide (S)|Berlin Westend|Berlin Messe Nord/ICC (Witzleben)|Berlin Westkreuz|Berlin-Halensee|Berlin Hohenzollerndamm|Berlin Heidelberger Platz|Berlin Bundesplatz|Berlin Innsbrucker Platz|Berlin-Schöneberg|Berlin Südkreuz (S)|Berlin-Tempelhof|Berlin Hermannstraße|Berlin-Neukölln|Berlin Sonnenallee|Berlin Treptower Park|Berlin Ostkreuz (S),8089013,3,Berlin Frankfurter Allee,Berlin,Berlin,10247,13.47441,52.515168,2024-07-08T00:08:00,2024-07-08T00:08:00,2024-07-08T00:08:00,2024-07-08T00:08:00,0,0,,on_time,on_time
4696287817138109395-2407080009-9,8,Berlin-Grünau|Berlin-Adlershof|Berlin-Johannisthal|Berlin-Schöneweide (S)|Berlin Baumschulenweg|Berlin Plänterwald|Berlin Treptower Park|Berlin Ostkreuz (S),8089013,3,Berlin Frankfurter Allee,Berlin,Berlin,10247,13.47441,52.515168,2024-07-08T00:30:00,2024-07-08T00:31:00,2024-07-08T00:30:00,2024-07-08T00:31:00,0,0,,on_time,on_time
6478947855870091217-2407080028-10,41,Berlin Beusselstraße|Berlin Westhafen|Berlin-Wedding|Berlin Gesundbrunnen(S)|Berlin Schönhauser Allee|Berlin Prenzlauer Allee|Berlin Greifswalder Str|Berlin Landsberger Allee|Berlin Storkower Str,8089013,3,Berlin Frankfurter Allee,Berlin,Berlin,10247,13.47441,52.515168,2024-07-08T00:47:00,2024-07-08T00:48:00,,,0,0,,on_time,on_time
6210496988613694272-2407080029-9,8,Berlin-Grünau|Berlin-Adlershof|Berlin-Johannisthal|Berlin-Schöneweide (S)|Berlin Baumschulenweg|Berlin Plänterwald|Berlin Treptower Park|Berlin Ostkreuz (S),8089013,3,Berlin Frankfurter Allee,Berlin,Berlin,10247,13.47441,52.515168,2024-07-08T00:50:00,2024-07-08T00:51:00,,,0,0,,on_time,on_time
-1953822519201541759-2407072348-19,42,Berlin Beusselstraße|Berlin Jungfernheide (S)|Berlin Westend|Berlin Messe Nord/ICC (Witzleben)|Berlin Westkreuz|Berlin-Halensee|Berlin Hohenzollerndamm|Berlin Heidelberger Platz|Berlin Bundesplatz|Berlin Innsbrucker Platz|Berlin-Schöneberg|Berlin Südkreuz (S)|Berlin-Tempelhof|Berlin Hermannstraße|Berlin-Neukölln|Berlin Sonnenallee|Berlin Treptower Park|Berlin Ostkreuz (S),8089013,3,Berlin Frankfurter Allee,Berlin,Berlin,10247,13.47441,52.515168,2024-07-08T00:28:00,2024-07-08T00:28:00,2024-07-08T00:28:00,2024-07-08T00:28:00,0,0,,on_time,on_time
-7977806028619017735-2407072358-10,41,Berlin Beusselstraße|Berlin Westhafen|Berlin-Wedding|Berlin Gesundbrunnen(S)|Berlin Schönhauser Allee|Berlin Prenzlauer Allee|Berlin Greifswalder Str|Berlin Landsberger Allee|Berlin Storkower Str,8089013,3,Berlin Frankfurter Allee,Berlin,Berlin,10247,13.47441,52.515168,2024-07-08T00:17:00,2024-07-08T00:18:00,2024-07-08T00:17:00,2024-07-08T00:18:00,0,0,,on_time,on_time
6742226968666454536-2407072348-10,41,Berlin Beusselstraße|Berlin Westhafen|Berlin-Wedding|Berlin Gesundbrunnen(S)|Berlin Schönhauser Allee|Berlin Prenzlauer Allee|Berlin Greifswalder Str|Berlin Landsberger Allee|Berlin Storkower Str,8089013,3,Berlin Frankfurter Allee,Berlin,Berlin,10247,13.47441,52.515168,2024-07-08T00:07:00,2024-07-08T00:08:00,2024-07-08T00:07:00,2024-07-08T00:08:00,0,0,,on_time,on_time
7453506468933069990-2407080005-10,8,Berlin-Blankenburg|Berlin-Pankow-Heinersdorf|Berlin-Pankow|Berlin Bornholmer Str.|Berlin Schönhauser Allee|Berlin Prenzlauer Allee|Berlin Greifswalder Str|Berlin Landsberger Allee|Berlin Storkower Str,8089013,3,Berlin Frankfurter Allee,Berlin,Berlin,10247,13.47441,52.515168,2024-07-08T00:25:00,2024-07-08T00:25:00,2024-07-08T00:25:00,2024-07-08T00:25:00,0,0,,on_time,on_time
8655015963546991131-2407072324-15,8,Birkenwerder(b Berlin)|Hohen Neuendorf(b Berlin)|Bergfelde(b Berlin)|Schönfließ(b Oranienburg)|Mühlenbeck-Mönchmühle|Berlin-Blankenburg|Berlin-Pankow-Heinersdorf|Berlin-Pankow|Berlin Bornholmer Str.|Berlin Schönhauser Allee|Berlin Prenzlauer Allee|Berlin Greifswalder Str|Berlin Landsberger Allee|Berlin Storkower Str,8089013,3,Berlin Frankfurter Allee,Berlin,Berlin,10247,13.47441,52.515168,2024-07-08T00:05:00,2024-07-08T00:05:00,2024-07-08T00:05:00,2024-07-08T00:05:00,0,0,,on_time,on_time
-2105664261925506836-2407072349-9,8,Berlin-Grünau|Berlin-Adlershof|Berlin-Johannisthal|Berlin-Schöneweide (S)|Berlin Baumschulenweg|Berlin Plänterwald|Berlin Treptower Park|Berlin Ostkreuz (S),8089013,3,Berlin Frankfurter Allee,Berlin,Berlin,10247,13.47441,52.515168,2024-07-08T00:10:00,2024-07-08T00:11:00,2024-07-08T00:10:00,2024-07-08T00:11:00,0,0,,on_time,on_time
-3803294525548239081-2407080038-10,41,Berlin Beusselstraße|Berlin Westhafen|Berlin-Wedding|Berlin Gesundbrunnen(S)|Berlin Schönhauser Allee|Berlin Prenzlauer Allee|Berlin Greifswalder Str|Berlin Landsberger Allee|Berlin Storkower Str,8089013,3,Berlin Frankfurter Allee,Berlin,Berlin,10247,13.47441,52.515168,2024-07-08T00:57:00,2024-07-08T00:58:00,,,0,0,,on_time,on_time
-2733780506631969783-2407072338-19,42,Berlin Beusselstraße|Berlin Jungfernheide (S)|Berlin Westend|Berlin Messe Nord/ICC (Witzleben)|Berlin Westkreuz|Berlin-Halensee|Berlin Hohenzollerndamm|Berlin Heidelberger Platz|Berlin Bundesplatz|Berlin Innsbrucker Platz|Berlin-Schöneberg|Berlin Südkreuz (S)|Berlin-Tempelhof|Berlin Hermannstraße|Berlin-Neukölln|Berlin Sonnenallee|Berlin Treptower Park|Berlin Ostkreuz (S),8089013,3,Berlin Frankfurter Allee,Berlin,Berlin,10247,13.47441,52.515168,2024-07-08T00:18:00,2024-07-08T00:18:00,2024-07-08T00:18:00,2024-07-08T00:18:00,0,0,,on_time,on_time
-5194156004862660093-2407072125-27,8,Wismar|Dorf Mecklenburg|Bad Kleinen|Lübstorf|Schwerin Hbf|Schwerin Mitte|Schwerin Süd|Holthusen|Sülstorf|Rastow|Lüblow(Meckl)|Ludwigslust|Grabow(Meckl)|Karstädt|Wittenberge|Bad Wilsnack|Glöwen|Breddin|Neustadt(Dosse)|Friesack(Mark)|Paulinenaue|Nauen|Falkensee|Berlin-Spandau|Berlin Zoologischer Garten|Berlin Hbf,8011306,2,Berlin-Friedrichstraße,Berlin,Berlin,10117,13.3872056,52.520373,2024-07-08T00:43:00,2024-07-08T00:44:00,2024-07-08T00:43:00,2024-07-08T00:44:00,0,0,,on_time,on_time
2001635860734548872-2407072324-14,1,Frankfurt(Oder)|Frankfurt(Oder)-Rosengarten|Pillgram|Jacobsdorf(Mark)|Briesen(Mark)|Berkenbrück|Fürstenwalde(Spree)|Hangelsberg|Fangschleuse|Erkner|Berlin Ostkreuz|Berlin Ostbahnhof|Berlin Alexanderplatz,8011306,2,Berlin-Friedrichstraße,Berlin,Berlin,10117,13.3872056,52.520373,2024-07-08T00:36:00,2024-07-08T00:37:00,2024-07-08T00:37:00,2024-07-08T00:38:00,1,1,,on_time,on_time
6182068753204726904-2407072344-5,8,Flughafen BER|Berlin Ostkreuz|Berlin Ostbahnhof|Berlin Alexanderplatz,8011306,2,Berlin-Friedrichstraße,Berlin,Berlin,10117,13.3872056,52.520373,2024-07-08T00:13:00,2024-07-08T00:14:00,2024-07-08T00:16:00,2024-07-08T00:17:00,3,3,,on_time,on_time
7251022928272275067-2407072206-19,1,Magdeburg Hbf|Magdeburg-Neustadt|Burg(Magdeburg)|Güsen(b Genthin)|Genthin|Wusterwitz|Kirchmöser|Brandenburg Hbf|Götz|Groß Kreutz|Werder(Havel)|Potsdam Park Sanssouci|Potsdam Charlottenhof|Potsdam Hbf|Berlin-Wannsee|Berlin-Charlottenburg|Berlin Zoologischer Garten|Berlin Hbf,8011306,2,Berlin-Friedrichstraße,Berlin,Berlin,10117,13.3872056,52.520373,2024-07-08T00:00:00,2024-07-08T00:01:00,2024-07-08T00:00:00,2024-07-08T00:02:00,0,1,,on_time,on_time
8055140796578231506-2407072306-9,3,Schwedt(Oder)|Schwedt(Oder)Mitte|Pinnow(Uckermark)|Angermünde|Chorin|Britz|Eberswalde Hbf|Bernau(b Berlin),8011102,1,Berlin Gesundbrunnen,Berlin,Berlin,13357,13.388513,52.548963,2024-07-08T00:21:00,2024-07-08T00:23:00,2024-07-08T00:22:00,2024-07-08T00:24:00,1,1,Information,on_time,on_time
7532268019127857943-2407072318-22,42,Berlin Beusselstraße|Berlin Jungfernheide (S)|Berlin Westend|Berlin Messe Nord/ICC (Witzleben)|Berlin Westkreuz|Berlin-Halensee|Berlin Hohenzollerndamm|Berlin Heidelberger Platz|Berlin Bundesplatz|Berlin Innsbrucker Platz|Berlin-Schöneberg|Berlin Südkreuz (S)|Berlin-Tempelhof|Berlin Hermannstraße|Berlin-Neukölln|Berlin Sonnenallee|Berlin Treptower Park|Berlin Ostkreuz (S)|Berlin Frankfurter Allee|Berlin Storkower Str|Berlin Landsberger Allee,8089011,4,Greifswalder Straße,Berlin,Berlin,10409,13.439561,52.54002,2024-07-08T00:04:00,2024-07-08T00:04:00,2024-07-08T00:04:00,2024-07-08T00:04:00,0,0,,on_time,on_time
-6946957915671022744-2407072358-22,42,Berlin Beusselstraße|Berlin Jungfernheide (S)|Berlin Westend|Berlin Messe Nord/ICC (Witzleben)|Berlin Westkreuz|Berlin-Halensee|Berlin Hohenzollerndamm|Berlin Heidelberger Platz|Berlin Bundesplatz|Berlin Innsbrucker Platz|Berlin-Schöneberg|Berlin Südkreuz (S)|Berlin-Tempelhof|Berlin Hermannstraße|Berlin-Neukölln|Berlin Sonnenallee|Berlin Treptower Park|Berlin Ostkreuz (S)|Berlin Frankfurter Allee|Berlin Storkower Str|Berlin Landsberger Allee,8089011,4,Greifswalder Straße,Berlin,Berlin,10409,13.439561,52.54002,2024-07-08T00:44:00,2024-07-08T00:44:00,2024-07-08T00:44:00,2024-07-08T00:44:00,0,0,,on_time,on_time
1959714227586052913-2407080008-7,41,Berlin Beusselstraße|Berlin Westhafen|Berlin-Wedding|Berlin Gesundbrunnen(S)|Berlin Schönhauser Allee|Berlin Prenzlauer Allee,8089011,4,Greifswalder Straße,Berlin,Berlin,10409,13.439561,52.54002,2024-07-08T00:21:00,2024-07-08T00:21:00,2024-07-08T00:21:00,2024-07-08T00:21:00,0,0,,on_time,on_time
-9077484454598909267-2407080018-7,41,Berlin Beusselstraße|Berlin Westhafen|Berlin-Wedding|Berlin Gesundbrunnen(S)|Berlin Schönhauser Allee|Berlin Prenzlauer Allee,8089011,4,Greifswalder Straße,Berlin,Berlin,10409,13.439561,52.54002,2024-07-08T00:31:00,2024-07-08T00:31:00,2024-07-08T00:31:00,2024-07-08T00:31:00,0,0,,on_time,on_time
-499427496553395051-2407080025-7,8,Berlin-Blankenburg|Berlin-Pankow-Heinersdorf|Berlin-Pankow|Berlin Bornholmer Str.|Berlin Schönhauser Allee|Berlin Prenzlauer Allee,8089011,4,Greifswalder Straße,Berlin,Berlin,10409,13.439561,52.54002,2024-07-08T00:38:00,2024-07-08T00:39:00,,,0,0,,on_time,on_time
4341046623733827144-2407080050-5,8,Berlin-Pankow|Berlin Bornholmer Str.|Berlin Schönhauser Allee|Berlin Prenzlauer Allee,8089011,4,Greifswalder Straße,Berlin,Berlin,10409,13.439561,52.54002,2024-07-08T00:58:00,2024-07-08T00:59:00,,,0,0,,on_time,on_time
-2790898132614475060-2407080008-22,42,Berlin Beusselstraße|Berlin Jungfernheide (S)|Berlin Westend|Berlin Messe Nord/ICC (Witzleben)|Berlin Westkreuz|Berlin-Halensee|Berlin Hohenzollerndamm|Berlin Heidelberger Platz|Berlin Bundesplatz|Berlin Innsbrucker Platz|Berlin-Schöneberg|Berlin Südkreuz (S)|Berlin-Tempelhof|Berlin Hermannstraße|Berlin-Neukölln|Berlin Sonnenallee|Berlin Treptower Park|Berlin Ostkreuz (S)|Berlin Frankfurter Allee|Berlin Storkower Str|Berlin Landsberger Allee,8089011,4,Greifswalder Straße,Berlin,Berlin,10409,13.439561,52.54002,2024-07-08T00:54:00,2024-07-08T00:54:00,2024-07-08T00:54:00,2024-07-08T00:54:00,0,0,,on_time,on_time
-6495635842437964696-2407072328-22,42,Berlin Beusselstraße|Berlin Jungfernheide (S)|Berlin Westend|Berlin Messe Nord/ICC (Witzleben)|Berlin Westkreuz|Berlin-Halensee|Berlin Hohenzollerndamm|Berlin Heidelberger Platz|Berlin Bundesplatz|Berlin Innsbrucker Platz|Berlin-Schöneberg|Berlin Südkreuz (S)|Berlin-Tempelhof|Berlin Hermannstraße|Berlin-Neukölln|Berlin Sonnenallee|Berlin Treptower Park|Berlin Ostkreuz (S)|Berlin Frankfurter Allee|Berlin Storkower Str|Berlin Landsberger Allee,8089011,4,Greifswalder Straße,Berlin,Berlin,10409,13.439561,52.54002,2024-07-08T00:14:00,2024-07-08T00:14:00,2024-07-08T00:14:00,2024-07-08T00:14:00,0,0,,on_time,on_time
4696287817138109395-2407080009-12,8,Berlin-Grünau|Berlin-Adlershof|Berlin-Johannisthal|Berlin-Schöneweide (S)|Berlin Baumschulenweg|Berlin Plänterwald|Berlin Treptower Park|Berlin Ostkreuz (S)|Berlin Frankfurter Allee|Berlin Storkower Str|Berlin Landsberger Allee,8089011,4,Greifswalder Straße,Berlin,Berlin,10409,13.439561,52.54002,2024-07-08T00:37:00,2024-07-08T00:37:00,2024-07-08T00:37:00,2024-07-08T00:37:00,0,0,,on_time,on_time
6478947855870091217-2407080028-7,41,Berlin Beusselstraße|Berlin Westhafen|Berlin-Wedding|Berlin Gesundbrunnen(S)|Berlin Schönhauser Allee|Berlin Prenzlauer Allee,8089011,4,Greifswalder Straße,Berlin,Berlin,10409,13.439561,52.54002,2024-07-08T00:41:00,2024-07-08T00:41:00,,,0,0,,on_time,on_time
6210496988613694272-2407080029-12,8,Berlin-Grünau|Berlin-Adlershof|Berlin-Johannisthal|Berlin-Schöneweide (S)|Berlin Baumschulenweg|Berlin Plänterwald|Berlin Treptower Park|Berlin Ostkreuz (S)|Berlin Frankfurter Allee|Berlin Storkower Str|Berlin Landsberger Allee,8089011,4,Greifswalder Straße,Berlin,Berlin,10409,13.439561,52.54002,2024-07-08T00:57:00,2024-07-08T00:57:00,,,0,0,,on_time,on_time
-1953822519201541759-2407072348-22,42,Berlin Beusselstraße|Berlin Jungfernheide (S)|Berlin Westend|Berlin Messe Nord/ICC (Witzleben)|Berlin Westkreuz|Berlin-Halensee|Berlin Hohenzollerndamm|Berlin Heidelberger Platz|Berlin Bundesplatz|Berlin Innsbrucker Platz|Berlin-Schöneberg|Berlin Südkreuz (S)|Berlin-Tempelhof|Berlin Hermannstraße|Berlin-Neukölln|Berlin Sonnenallee|Berlin Treptower Park|Berlin Ostkreuz (S)|Berlin Frankfurter Allee|Berlin Storkower Str|Berlin Landsberger Allee,8089011,4,Greifswalder Straße,Berlin,Berlin,10409,13.439561,52.54002,2024-07-08T00:34:00,2024-07-08T00:34:00,2024-07-08T00:34:00,2024-07-08T00:34:00,0,0,,on_time,on_time
-7977806028619017735-2407072358-7,41,Berlin Beusselstraße|Berlin Westhafen|Berlin-Wedding|Berlin Gesundbrunnen(S)|Berlin Schönhauser Allee|Berlin Prenzlauer Allee,8089011,4,Greifswalder Straße,Berlin,Berlin,10409,13.439561,52.54002,2024-07-08T00:11:00,2024-07-08T00:11:00,2024-07-08T00:11:00,2024-07-08T00:11:00,0,0,,on_time,on_time
6742226968666454536-2407072348-7,41,Berlin Beusselstraße|Berlin Westhafen|Berlin-Wedding|Berlin Gesundbrunnen(S)|Berlin Schönhauser Allee|Berlin Prenzlauer Allee,8089011,4,Greifswalder Straße,Berlin,Berlin,10409,13.439561,52.54002,2024-07-08T00:01:00,2024-07-08T00:01:00,2024-07-08T00:01:00,2024-07-08T00:02:00,0,1,,on_time,on_time
7453506468933069990-2407080005-7,8,Berlin-Blankenburg|Berlin-Pankow-Heinersdorf|Berlin-Pankow|Berlin Bornholmer Str.|Berlin Schönhauser Allee|Berlin Prenzlauer Allee,8089011,4,Greifswalder Straße,Berlin,Berlin,10409,13.439561,52.54002,2024-07-08T00:18:00,2024-07-08T00:19:00,2024-07-08T00:18:00,2024-07-08T00:19:00,0,0,,on_time,on_time
-2105664261925506836-2407072349-12,8,Berlin-Grünau|Berlin-Adlershof|Berlin-Johannisthal|Berlin-Schöneweide (S)|Berlin Baumschulenweg|Berlin Plänterwald|Berlin Treptower Park|Berlin Ostkreuz (S)|Berlin Frankfurter Allee|Berlin Storkower Str|Berlin Landsberger Allee,8089011,4,Greifswalder Straße,Berlin,Berlin,10409,13.439561,52.54002,2024-07-08T00:17:00,2024-07-08T00:17:00,2024-07-08T00:17:00,2024-07-08T00:17:00,0,0,,on_time,on_time
-3803294525548239081-2407080038-7,41,Berlin Beusselstraße|Berlin Westhafen|Berlin-Wedding|Berlin Gesundbrunnen(S)|Berlin Schönhauser Allee|Berlin Prenzlauer Allee,8089011,4,Greifswalder Straße,Berlin,Berlin,10409,13.439561,52.54002,2024-07-08T00:51:00,2024-07-08T00:51:00,,,0,0,,on_time,on_time
-2733780506631969783-2407072338-22,42,Berlin Beusselstraße|Berlin Jungfernheide (S)|Berlin Westend|Berlin Messe Nord/ICC (Witzleben)|Berlin Westkreuz|Berlin-Halensee|Berlin Hohenzollerndamm|Berlin Heidelberger Platz|Berlin Bundesplatz|Berlin Innsbrucker Platz|Berlin-Schöneberg|Berlin Südkreuz (S)|Berlin-Tempelhof|Berlin Hermannstraße|Berlin-Neukölln|Berlin Sonnenallee|Berlin Treptower Park|Berlin Ostkreuz (S)|Berlin Frankfurter Allee|Berlin Storkower Str|Berlin Landsberger Allee,8089011,4,Greifswalder Straße,Berlin,Berlin,10409,13.439561,52.54002,2024-07-08T00:24:00,2024-07-08T00:24:00,2024-07-08T00:24:00,2024-07-08T00:24:00,0,0,,on_time,on_time
-5194156004862660093-2407072125-29,8,Wismar|Dorf Mecklenburg|Bad Kleinen|Lübstorf|Schwerin Hbf|Schwerin Mitte|Schwerin Süd|Holthusen|Sülstorf|Rastow|Lüblow(Meckl)|Ludwigslust|Grabow(Meckl)|Karstädt|Wittenberge|Bad Wilsnack|Glöwen|Breddin|Neustadt(Dosse)|Friesack(Mark)|Paulinenaue|Nauen|Falkensee|Berlin-Spandau|Berlin Zoologischer Garten|Berlin Hbf|Berlin Friedrichstraße|Berlin Alexanderplatz,8010255,1,Berlin Ostbahnhof,Berlin,Berlin,10243,13.4346807,52.5104881,2024-07-08T00:52:00,2024-07-08T00:53:00,2024-07-08T00:52:00,2024-07-08T00:53:00,0,0,,on_time,on_time
-7462794287495582564-2407080018-1,7,,8010255,1,Berlin Ostbahnhof,Berlin,Berlin,10243,13.4346807,52.5104881,,2024-07-08T00:18:00,,2024-07-08T00:18:00,0,0,,on_time,on_time
2001635860734548872-2407072324-12,1,Frankfurt(Oder)|Frankfurt(Oder)-Rosengarten|Pillgram|Jacobsdorf(Mark)|Briesen(Mark)|Berkenbrück|Fürstenwalde(Spree)|Hangelsberg|Fangschleuse|Erkner|Berlin Ostkreuz,8010255,1,Berlin Ostbahnhof,Berlin,Berlin,10243,13.4346807,52.5104881,2024-07-08T00:29:00,2024-07-08T00:30:00,2024-07-08T00:31:00,2024-07-08T00:32:00,2,2,,on_time,on_time
6182068753204726904-2407072344-3,8,Flughafen BER|Berlin Ostkreuz,8010255,1,Berlin Ostbahnhof,Berlin,Berlin,10243,13.4346807,52.5104881,2024-07-08T00:05:00,2024-07-08T00:06:00,2024-07-08T00:08:00,2024-07-08T00:09:00,3,3,,on_time,on_time
7251022928272275067-2407072206-21,1,Magdeburg Hbf|Magdeburg-Neustadt|Burg(Magdeburg)|Güsen(b Genthin)|Genthin|Wusterwitz|Kirchmöser|Brandenburg Hbf|Götz|Groß Kreutz|Werder(Havel)|Potsdam Park Sanssouci|Potsdam Charlottenhof|Potsdam Hbf|Berlin-Wannsee|Berlin-Charlottenburg|Berlin Zoologischer Garten|Berlin Hbf|Berlin Friedrichstraße|Berlin Alexanderplatz,8010255,1,Berlin Ostbahnhof,Berlin,Berlin,10243,13.4346807,52.5104881,2024-07-08T00:08:00,2024-07-08T00:09:00,2024-07-08T00:08:00,2024-07-08T00:09:00,0,0,,on_time,on_time
-6259878740205952669-2407072308-13,2,Nauen|Brieselang|Finkenkrug|Falkensee|Seegefeld|Albrechtshof|Berlin-Spandau|Berlin-Charlottenburg|Berlin Zoologischer Garten|Berlin Hbf|Berlin Friedrichstraße|Berlin Alexanderplatz,8010255,1,Berlin Ostbahnhof,Berlin,Berlin,10243,13.4346807,52.5104881,2024-07-08T00:01:00,2024-07-08T00:03:00,2024-07-08T00:03:00,2024-07-08T00:04:00,2,1,,on_time,on_time
-1308595689782672773-2407080000-16,2,Blankenfelde (S)|Mahlow|Berlin-Lichtenrade|Berlin Schichauweg|Berlin Buckower Chaussee|Berlin-Marienfelde|Berlin Attilastr.|Berlin Priesterweg|Berlin Südkreuz (S)|Berlin Yorckstr.(S2)|Berlin Anhalter Bf|Berlin Potsdamer Platz (S)|Berlin Brandenburger Tor|Berlin Friedrichstraße (S)|Berlin Oranienburger Straße,8089024,4,Berlin-Nordbahnhof,Berlin,Berlin,10115,13.388464,52.532066,2024-07-08T00:41:00,2024-07-08T00:42:00,2024-07-08T00:41:00,2024-07-08T00:42:00,0,0,,on_time,on_time
3983164985221343074-2407072340-16,2,Blankenfelde (S)|Mahlow|Berlin-Lichtenrade|Berlin Schichauweg|Berlin Buckower Chaussee|Berlin-Marienfelde|Berlin Attilastr.|Berlin Priesterweg|Berlin Südkreuz (S)|Berlin Yorckstr.(S2)|Berlin Anhalter Bf|Berlin Potsdamer Platz (S)|Berlin Brandenburger Tor|Berlin Friedrichstraße (S)|Berlin Oranienburger Straße,8089024,4,Berlin-Nordbahnhof,Berlin,Berlin,10115,13.388464,52.532066,2024-07-08T00:21:00,2024-07-08T00:22:00,2024-07-08T00:21:00,2024-07-08T00:22:00,0,0,,on_time,on_time
234481728399650543-2407080008-13,25,Hennigsdorf (S)|Berlin-Heiligensee|Berlin-Schulzendorf|Berlin-Tegel (S)|Berlin Eichborndamm|Berlin Karl-Bonhoeffer-Nervenklinik|Berlin Alt-Reinickendorf|Berlin-Schönholz|Berlin Wollankstraße|Berlin Bornholmer Str.|Berlin Gesundbrunnen(S)|Berlin Humboldthain,8089024,4,Berlin-Nordbahnhof,Berlin,Berlin,10115,13.388464,52.532066,2024-07-08T00:39:00,2024-07-08T00:39:00,2024-07-08T00:39:00,2024-07-08T00:39:00,0,0,,on_time,on_time
1493763324898451586-2407080005-15,25,Teltow Stadt|Berlin-Lichterfelde Süd|Berlin Osdorfer Straße|Berlin-Lichterfelde Ost (S)|Berlin-Lankwitz|Berlin Südende|Berlin Priesterweg|Berlin Südkreuz (S)|Berlin Yorckstr.(S2)|Berlin Anhalter Bf|Berlin Potsdamer Platz (S)|Berlin Brandenburger Tor|Berlin Friedrichstraße (S)|Berlin Oranienburger Straße,8089024,4,Berlin-Nordbahnhof,Berlin,Berlin,10115,13.388464,52.532066,2024-07-08T00:36:00,2024-07-08T00:37:00,2024-07-08T00:36:00,2024-07-08T00:37:00,0,0,,on_time,on_time
1523711802490226836-2407080023-13,2,Bernau (S)|Bernau-Friedenstal|Zepernick(Bernau)|Röntgental|Berlin-Buch|Berlin-Karow|Berlin-Blankenburg|Berlin-Pankow-Heinersdorf|Berlin-Pankow|Berlin Bornholmer Str.|Berlin Gesundbrunnen(S)|Berlin Humboldthain,8089024,4,Berlin-Nordbahnhof,Berlin,Berlin,10115,13.388464,52.532066,2024-07-08T00:54:00,2024-07-08T00:54:00,,,0,0,,on_time,on_time
-5738915798531129536-2407072343-13,2,Bernau (S)|Bernau-Friedenstal|Zepernick(Bernau)|Röntgental|Berlin-Buch|Berlin-Karow|Berlin-Blankenburg|Berlin-Pankow-Heinersdorf|Berlin-Pankow|Berlin Bornholmer Str.|Berlin Gesundbrunnen(S)|Berlin Humboldthain,8089024,4,Berlin-Nordbahnhof,Berlin,Berlin,10115,13.388464,52.532066,2024-07-08T00:14:00,2024-07-08T00:14:00,2024-07-08T00:16:00,2024-07-08T00:16:00,2,2,,on_time,on_time
8676169454658901758-2407072351-16,1,Oranienburg|Lehnitz|Borgsdorf|Birkenwerder(b Berlin)|Hohen Neuendorf(b Berlin)|Berlin-Frohnau|Berlin-Hermsdorf|Berlin-Waidmannslust|Berlin-Wittenau (Wilhelmsruher Damm)|Berlin-Wilhelmsruh|Berlin-Schönholz|Berlin Wollankstraße|Berlin Bornholmer Str.|Berlin Gesundbrunnen(S)|Berlin Humboldthain,8089024,4,Berlin-Nordbahnhof,Berlin,Berlin,10115,13.388464,52.532066,2024-07-08T00:31:00,2024-07-08T00:32:00,2024-07-08T00:31:00,2024-07-08T00:32:00,0,0,,on_time,on_time
7649088808996046723-2407080014-20,1,Berlin-Wannsee (S)|Berlin-Nikolassee|Berlin-Schlachtensee|Berlin Mexikoplatz|Berlin-Zehlendorf|Berlin Sundgauer Str|Berlin-Lichterfelde West|Berlin Botanischer Garten|Berlin Rathaus Steglitz|Berlin Feuerbachstr.|Berlin-Friedenau|Berlin-Schöneberg|Berlin Julius-Leber-Brücke|Berlin Yorckstr.(S1)|Berlin Anhalter Bf|Berlin Potsdamer Platz (S)|Berlin Brandenburger Tor|Berlin Friedrichstraße (S)|Berlin Oranienburger Straße,8089024,4,Berlin-Nordbahnhof,Berlin,Berlin,10115,13.388464,52.532066,2024-07-08T00:54:00,2024-07-08T00:54:00,2024-07-08T00:54:00,2024-07-08T00:54:00,0,0,,on_time,on_time
-5641342810993358765-2407080011-16,1,Oranienburg|Lehnitz|Borgsdorf|Birkenwerder(b Berlin)|Hohen Neuendorf(b Berlin)|Berlin-Frohnau|Berlin-Hermsdorf|Berlin-Waidmannslust|Berlin-Wittenau (Wilhelmsruher Damm)|Berlin-Wilhelmsruh|Berlin-Schönholz|Berlin Wollankstraße|Berlin Bornholmer Str.|Berlin Gesundbrunnen(S)|Berlin Humboldthain,8089024,4,Berlin-Nordbahnhof,Berlin,Berlin,10115,13.388464,52.532066,2024-07-08T00:51:00,2024-07-08T00:52:00,2024-07-08T00:51:00,2024-07-08T00:52:00,0,0,,on_time,on_time
-4846341387412847765-2407072348-13,25,Hennigsdorf (S)|Berlin-Heiligensee|Berlin-Schulzendorf|Berlin-Tegel (S)|Berlin Eichborndamm|Berlin Karl-Bonhoeffer-Nervenklinik|Berlin Alt-Reinickendorf|Berlin-Schönholz|Berlin Wollankstraße|Berlin Bornholmer Str.|Berlin Gesundbrunnen(S)|Berlin Humboldthain,8089024,4,Berlin-Nordbahnhof,Berlin,Berlin,10115,13.388464,52.532066,2024-07-08T00:19:00,2024-07-08T00:19:00,2024-07-08T00:19:00,2024-07-08T00:19:00,0,0,,on_time,on_time
-1180601538149933153-2407080025-15,25,Teltow Stadt|Berlin-Lichterfelde Süd|Berlin Osdorfer Straße|Berlin-Lichterfelde Ost (S)|Berlin-Lankwitz|Berlin Südende|Berlin Priesterweg|Berlin Südkreuz (S)|Berlin Yorckstr.(S2)|Berlin Anhalter Bf|Berlin Potsdamer Platz (S)|Berlin Brandenburger Tor|Berlin Friedrichstraße (S)|Berlin Oranienburger Straße,8089024,4,Berlin-Nordbahnhof,Berlin,Berlin,10115,13.388464,52.532066,2024-07-08T00:56:00,2024-07-08T00:57:00,,,0,0,,on_time,on_time
3683594136415632334-2407080028-13,25,Hennigsdorf (S)|Berlin-Heiligensee|Berlin-Schulzendorf|Berlin-Tegel (S)|Berlin Eichborndamm|Berlin Karl-Bonhoeffer-Nervenklinik|Berlin Alt-Reinickendorf|Berlin-Schönholz|Berlin Wollankstraße|Berlin Bornholmer Str.|Berlin Gesundbrunnen(S)|Berlin Humboldthain,8089024,4,Berlin-Nordbahnhof,Berlin,Berlin,10115,13.388464,52.532066,2024-07-08T00:59:00,2024-07-08T00:59:00,,,0,0,,on_time,on_time
-4475853834191571998-2407072331-16,1,Oranienburg|Lehnitz|Borgsdorf|Birkenwerder(b Berlin)|Hohen Neuendorf(b Berlin)|Berlin-Frohnau|Berlin-Hermsdorf|Berlin-Waidmannslust|Berlin-Wittenau (Wilhelmsruher Damm)|Berlin-Wilhelmsruh|Berlin-Schönholz|Berlin Wollankstraße|Berlin Bornholmer Str.|Berlin Gesundbrunnen(S)|Berlin Humboldthain,8089024,4,Berlin-Nordbahnhof,Berlin,Berlin,10115,13.388464,52.532066,2024-07-08T00:11:00,2024-07-08T00:12:00,2024-07-08T00:11:00,2024-07-08T00:12:00,0,0,,on_time,on_time
-4079464492388970773-2407072345-15,25,Teltow Stadt|Berlin-Lichterfelde Süd|Berlin Osdorfer Straße|Berlin-Lichterfelde Ost (S)|Berlin-Lankwitz|Berlin Südende|Berlin Priesterweg|Berlin Südkreuz (S)|Berlin Yorckstr.(S2)|Berlin Anhalter Bf|Berlin Potsdamer Platz (S)|Berlin Brandenburger Tor|Berlin Friedrichstraße (S)|Berlin Oranienburger Straße,8089024,4,Berlin-Nordbahnhof,Berlin,Berlin,10115,13.388464,52.532066,2024-07-08T00:16:00,2024-07-08T00:17:00,2024-07-08T00:16:00,2024-07-08T00:17:00,0,0,,on_time,on_time
-7234128127155025168-2407072334-20,1,Berlin-Wannsee (S)|Berlin-Nikolassee|Berlin-Schlachtensee|Berlin Mexikoplatz|Berlin-Zehlendorf|Berlin Sundgauer Str|Berlin-Lichterfelde West|Berlin Botanischer Garten|Berlin Rathaus Steglitz|Berlin Feuerbachstr.|Berlin-Friedenau|Berlin-Schöneberg|Berlin Julius-Leber-Brücke|Berlin Yorckstr.(S1)|Berlin Anhalter Bf|Berlin Potsdamer Platz (S)|Berlin Brandenburger Tor|Berlin Friedrichstraße (S)|Berlin Oranienburger Straße,8089024,4,Berlin-Nordbahnhof,Berlin,Berlin,10115,13.388464,52.532066,2024-07-08T00:14:00,2024-07-08T00:14:00,2024-07-08T00:18:00,2024-07-08T00:19:00,4,5,,on_time,on_time
-8301379295245375921-2407080003-13,2,Bernau (S)|Bernau-Friedenstal|Zepernick(Bernau)|Röntgental|Berlin-Buch|Berlin-Karow|Berlin-Blankenburg|Berlin-Pankow-Heinersdorf|Berlin-Pankow|Berlin Bornholmer Str.|Berlin Gesundbrunnen(S)|Berlin Humboldthain,8089024,4,Berlin-Nordbahnhof,Berlin,Berlin,10115,13.388464,52.532066,2024-07-08T00:34:00,2024-07-08T00:34:00,2024-07-08T00:34:00,2024-07-08T00:34:00,0,0,,on_time,on_time
-2230601977227938209-2407072354-20,1,Berlin-Wannsee (S)|Berlin-Nikolassee|Berlin-Schlachtensee|Berlin Mexikoplatz|Berlin-Zehlendorf|Berlin Sundgauer Str|Berlin-Lichterfelde West|Berlin Botanischer Garten|Berlin Rathaus Steglitz|Berlin Feuerbachstr.|Berlin-Friedenau|Berlin-Schöneberg|Berlin Julius-Leber-Brücke|Berlin Yorckstr.(S1)|Berlin Anhalter Bf|Berlin Potsdamer Platz (S)|Berlin Brandenburger Tor|Berlin Friedrichstraße (S)|Berlin Oranienburger Straße,8089024,4,Berlin-Nordbahnhof,Berlin,Berlin,10115,13.388464,52.532066,2024-07-08T00:34:00,2024-07-08T00:34:00,2024-07-08T00:34:00,2024-07-08T00:34:00,0,0,,on_time,on_time
-4818159422843870228-2407072320-16,2,Blankenfelde (S)|Mahlow|Berlin-Lichtenrade|Berlin Schichauweg|Berlin Buckower Chaussee|Berlin-Marienfelde|Berlin Attilastr.|Berlin Priesterweg|Berlin Südkreuz (S)|Berlin Yorckstr.(S2)|Berlin Anhalter Bf|Berlin Potsdamer Platz (S)|Berlin Brandenburger Tor|Berlin Friedrichstraße (S)|Berlin Oranienburger Straße,8089024,4,Berlin-Nordbahnhof,Berlin,Berlin,10115,13.388464,52.532066,2024-07-08T00:01:00,2024-07-08T00:02:00,2024-07-08T00:01:00,2024-07-08T00:02:00,0,0,,on_time,on_time
-5194156004862660093-2407072125-25,8,Wismar|Dorf Mecklenburg|Bad Kleinen|Lübstorf|Schwerin Hbf|Schwerin Mitte|Schwerin Süd|Holthusen|Sülstorf|Rastow|Lüblow(Meckl)|Ludwigslust|Grabow(Meckl)|Karstädt|Wittenberge|Bad Wilsnack|Glöwen|Breddin|Neustadt(Dosse)|Friesack(Mark)|Paulinenaue|Nauen|Falkensee|Berlin-Spandau,8010406,2,Berlin Zoologischer Garten,Berlin,Berlin,10623,13.3324447,52.5073407,2024-07-08T00:32:00,2024-07-08T00:33:00,2024-07-08T00:32:00,2024-07-08T00:33:00,0,0,,on_time,on_time
-8761881508899340400-2407080008-9,2,Nauen|Brieselang|Finkenkrug|Falkensee|Seegefeld|Albrechtshof|Berlin-Spandau|Berlin-Charlottenburg,8010406,2,Berlin Zoologischer Garten,Berlin,Berlin,10623,13.3324447,52.5073407,2024-07-08T00:46:00,2024-07-08T00:47:00,2024-07-08T00:46:00,2024-07-08T00:47:00,0,0,,on_time,on_time
-1430869917883125442-2407072318-18,7,Dessau Hbf|Roßlau(Elbe)|Jeber-Bergfrieden|Medewitz(Mark)|Wiesenburg(Mark)|Bad Belzig|Baitz|Brück(Mark)|Borkheide|Beelitz-Heilstätten|Seddin|Michendorf|Wilhelmshorst|Potsdam-Rehbrücke|Potsdam Medienstadt Babelsberg|Berlin-Wannsee|Berlin-Charlottenburg,8010406,2,Berlin Zoologischer Garten,Berlin,Berlin,10623,13.3324447,52.5073407,2024-07-08T00:51:00,2024-07-08T00:52:00,2024-07-08T00:52:00,2024-07-08T00:53:00,1,1,,on_time,on_time
2001635860734548872-2407072324-16,1,Frankfurt(Oder)|Frankfurt(Oder)-Rosengarten|Pillgram|Jacobsdorf(Mark)|Briesen(Mark)|Berkenbrück|Fürstenwalde(Spree)|Hangelsberg|Fangschleuse|Erkner|Berlin Ostkreuz|Berlin Ostbahnhof|Berlin Alexanderplatz|Berlin Friedrichstraße|Berlin Hbf,8010406,2,Berlin Zoologischer Garten,Berlin,Berlin,10623,13.3324447,52.5073407,2024-07-08T00:46:00,2024-07-08T00:47:00,2024-07-08T00:47:00,2024-07-08T00:48:00,1,1,,on_time,on_time
6182068753204726904-2407072344-7,8,Flughafen BER|Berlin Ostkreuz|Berlin Ostbahnhof|Berlin Alexanderplatz|Berlin Friedrichstraße|Berlin Hbf,8010406,2,Berlin Zoologischer Garten,Berlin,Berlin,10623,13.3324447,52.5073407,2024-07-08T00:23:00,2024-07-08T00:24:00,2024-07-08T00:26:00,2024-07-08T00:27:00,3,3,,on_time,on_time
1974895317199967519-2407072348-9,45,Berlin Südkreuz (S)|Berlin-Tempelhof|Berlin Hermannstraße|Berlin-Neukölln|Berlin Köllnische Heide|Berlin Baumschulenweg|Berlin-Schöneweide (S)|Berlin-Johannisthal,8089052,4,Berlin-Adlershof,Berlin,Berlin,12489,13.541129,52.435031,2024-07-08T00:08:00,2024-07-08T00:09:00,2024-07-08T00:08:00,2024-07-08T00:09:00,0,0,,on_time,on_time
3360893944022444050-2407072338-25,9,Berlin-Spandau (S)|Berlin-Stresow|Berlin-Pichelsberg|Berlin Olympiastadion|Berlin Heerstraße|Berlin Messe Süd (Eichkamp)|Berlin Westkreuz|Berlin Charlottenburg (S)|Berlin Savignyplatz|Berlin Zoologischer Garten (S)|Berlin-Tiergarten|Berlin Bellevue|Berlin Hbf (S-Bahn)|Berlin Friedrichstraße (S)|Berlin Hackescher Markt|Berlin Alexanderplatz (S)|Berlin Jannowitzbrücke|Berlin Ostbahnhof (S)|Berlin Warschauer Straße|Berlin Treptower Park|Berlin Plänterwald|Berlin Baumschulenweg|Berlin-Schöneweide (S)|Berlin-Johannisthal,8089052,4,Berlin-Adlershof,Berlin,Berlin,12489,13.541129,52.435031,2024-07-08T00:38:00,2024-07-08T00:38:00,2024-07-08T00:38:00,2024-07-08T00:38:00,0,0,,on_time,on_time
-8189148788276870459-2407072341-6,46,Königs Wusterhausen|Wildau|Zeuthen|Eichwalde|Berlin-Grünau,8089052,4,Berlin-Adlershof,Berlin,Berlin,12489,13.541129,52.435031,2024-07-07T23:59:00,2024-07-08T00:00:00,2024-07-08T00:00:00,,1,0,,on_time,on_time
8754252874419393638-2407072349-6,9,Flughafen BER (S-Bahn)|Waßmannsdorf|Schönefeld(bei Berlin)|Berlin Grünbergallee|Berlin-Altglienicke,8089052,4,Berlin-Adlershof,Berlin,Berlin,12489,13.541129,52.435031,2024-07-08T00:07:00,2024-07-08T00:07:00,2024-07-08T00:07:00,2024-07-08T00:07:00,0,0,,on_time,on_time
1911302061839635851-2407080041-6,46,Königs Wusterhausen|Wildau|Zeuthen|Eichwalde|Berlin-Grünau,8089052,4,Berlin-Adlershof,Berlin,Berlin,12489,13.541129,52.435031,2024-07-08T00:59:00,2024-07-08T01:00:00,,,0,0,,on_time,on_time
-578452750217533255-2407080049-2,8,Berlin-Grünau,8089052,4,Berlin-Adlershof,Berlin,Berlin,12489,13.541129,52.435031,2024-07-08T00:52:00,2024-07-08T00:52:00,,,0,0,,on_time,on_time
6809920023340627969-2407080009-6,9,Flughafen BER (S-Bahn)|Waßmannsdorf|Schönefeld(bei Berlin)|Berlin Grünbergallee|Berlin-Altglienicke,8089052,4,Berlin-Adlershof,Berlin,Berlin,12489,13.541129,52.435031,2024-07-08T00:27:00,2024-07-08T00:27:00,2024-07-08T00:27:00,2024-07-08T00:27:00,0,0,,on_time,on_time
8444775672791196589-2407072357-6,45,Flughafen BER (S-Bahn)|Waßmannsdorf|Schönefeld(bei Berlin)|Berlin Grünbergallee|Berlin-Altglienicke,8089052,4,Berlin-Adlershof,Berlin,Berlin,12489,13.541129,52.435031,2024-07-08T00:14:00,2024-07-08T00:15:00,2024-07-08T00:14:00,2024-07-08T00:15:00,0,0,,on_time,on_time
4387045462730231935-2407072358-18,46,Berlin Westend|Berlin Messe Nord/ICC (Witzleben)|Berlin Westkreuz|Berlin-Halensee|Berlin Hohenzollerndamm|Berlin Heidelberger Platz|Berlin Bundesplatz|Berlin Innsbrucker Platz|Berlin-Schöneberg|Berlin Südkreuz (S)|Berlin-Tempelhof|Berlin Hermannstraße|Berlin-Neukölln|Berlin Köllnische Heide|Berlin Baumschulenweg|Berlin-Schöneweide (S)|Berlin-Johannisthal,8089052,4,Berlin-Adlershof,Berlin,Berlin,12489,13.541129,52.435031,2024-07-08T00:35:00,2024-07-08T00:36:00,2024-07-08T00:35:00,2024-07-08T00:36:00,0,0,,on_time,on_time
-7716129685769370088-2407080001-6,46,Königs Wusterhausen|Wildau|Zeuthen|Eichwalde|Berlin-Grünau,8089052,4,Berlin-Adlershof,Berlin,Berlin,12489,13.541129,52.435031,2024-07-08T00:19:00,2024-07-08T00:20:00,2024-07-08T00:19:00,2024-07-08T00:20:00,0,0,,on_time,on_time
-8927383541084970752-2407072318-25,9,Berlin-Spandau (S)|Berlin-Stresow|Berlin-Pichelsberg|Berlin Olympiastadion|Berlin Heerstraße|Berlin Messe Süd (Eichkamp)|Berlin Westkreuz|Berlin Charlottenburg (S)|Berlin Savignyplatz|Berlin Zoologischer Garten (S)|Berlin-Tiergarten|Berlin Bellevue|Berlin Hbf (S-Bahn)|Berlin Friedrichstraße (S)|Berlin Hackescher Markt|Berlin Alexanderplatz (S)|Berlin Jannowitzbrücke|Berlin Ostbahnhof (S)|Berlin Warschauer Straße|Berlin Treptower Park|Berlin Plänterwald|Berlin Baumschulenweg|Berlin-Schöneweide (S)|Berlin-Johannisthal,8089052,4,Berlin-Adlershof,Berlin,Berlin,12489,13.541129,52.435031,2024-07-08T00:18:00,2024-07-08T00:18:00,2024-07-08T00:18:00,2024-07-08T00:18:00,0,0,,on_time,on_time
3419072004785619222-2407072358-25,9,Berlin-Spandau (S)|Berlin-Stresow|Berlin-Pichelsberg|Berlin Olympiastadion|Berlin Heerstraße|Berlin Messe Süd (Eichkamp)|Berlin Westkreuz|Berlin Charlottenburg (S)|Berlin Savignyplatz|Berlin Zoologischer Garten (S)|Berlin-Tiergarten|Berlin Bellevue|Berlin Hbf (S-Bahn)|Berlin Friedrichstraße (S)|Berlin Hackescher Markt|Berlin Alexanderplatz (S)|Berlin Jannowitzbrücke|Berlin Ostbahnhof (S)|Berlin Warschauer Straße|Berlin Treptower Park|Berlin Plänterwald|Berlin Baumschulenweg|Berlin-Schöneweide (S)|Berlin-Johannisthal,8089052,4,Berlin-Adlershof,Berlin,Berlin,12489,13.541129,52.435031,2024-07-08T00:58:00,2024-07-08T00:58:00,2024-07-08T00:58:00,2024-07-08T00:58:00,0,0,,on_time,on_time
4696287817138109395-2407080009-2,8,Berlin-Grünau,8089052,4,Berlin-Adlershof,Berlin,Berlin,12489,13.541129,52.435031,2024-07-08T00:12:00,2024-07-08T00:12:00,2024-07-08T00:12:00,2024-07-08T00:12:00,0,0,,on_time,on_time
6514326782731112305-2407072338-18,46,Berlin Westend|Berlin Messe Nord/ICC (Witzleben)|Berlin Westkreuz|Berlin-Halensee|Berlin Hohenzollerndamm|Berlin Heidelberger Platz|Berlin Bundesplatz|Berlin Innsbrucker Platz|Berlin-Schöneberg|Berlin Südkreuz (S)|Berlin-Tempelhof|Berlin Hermannstraße|Berlin-Neukölln|Berlin Köllnische Heide|Berlin Baumschulenweg|Berlin-Schöneweide (S)|Berlin-Johannisthal,8089052,4,Berlin-Adlershof,Berlin,Berlin,12489,13.541129,52.435031,2024-07-08T00:15:00,2024-07-08T00:16:00,2024-07-08T00:15:00,2024-07-08T00:16:00,0,0,,on_time,on_time
6210496988613694272-2407080029-2,8,Berlin-Grünau,8089052,4,Berlin-Adlershof,Berlin,Berlin,12489,13.541129,52.435031,2024-07-08T00:32:00,2024-07-08T00:32:00,,,0,0,,on_time,on_time
2396266568734110016-2407080021-6,46,Königs Wusterhausen|Wildau|Zeuthen|Eichwalde|Berlin-Grünau,8089052,4,Berlin-Adlershof,Berlin,Berlin,12489,13.541129,52.435031,2024-07-08T00:39:00,2024-07-08T00:40:00,,,0,0,,on_time,on_time
-1871879830496714182-2407080008-9,45,Berlin Südkreuz (S)|Berlin-Tempelhof|Berlin Hermannstraße|Berlin-Neukölln|Berlin Köllnische Heide|Berlin Baumschulenweg|Berlin-Schöneweide (S)|Berlin-Johannisthal,8089052,4,Berlin-Adlershof,Berlin,Berlin,12489,13.541129,52.435031,2024-07-08T00:28:00,2024-07-08T00:29:00,2024-07-08T00:28:00,2024-07-08T00:29:00,0,0,,on_time,on_time
-8236367455607985793-2407080018-18,46,Berlin Westend|Berlin Messe Nord/ICC (Witzleben)|Berlin Westkreuz|Berlin-Halensee|Berlin Hohenzollerndamm|Berlin Heidelberger Platz|Berlin Bundesplatz|Berlin Innsbrucker Platz|Berlin-Schöneberg|Berlin Südkreuz (S)|Berlin-Tempelhof|Berlin Hermannstraße|Berlin-Neukölln|Berlin Köllnische Heide|Berlin Baumschulenweg|Berlin-Schöneweide (S)|Berlin-Johannisthal,8089052,4,Berlin-Adlershof,Berlin,Berlin,12489,13.541129,52.435031,2024-07-08T00:55:00,2024-07-08T00:56:00,2024-07-08T00:55:00,2024-07-08T00:56:00,0,0,,on_time,on_time
2130504990082182327-2407072325-17,8,Berlin-Blankenburg|Berlin-Pankow-Heinersdorf|Berlin-Pankow|Berlin Bornholmer Str.|Berlin Schönhauser Allee|Berlin Prenzlauer Allee|Berlin Greifswalder Str|Berlin Landsberger Allee|Berlin Storkower Str|Berlin Frankfurter Allee|Berlin Ostkreuz (S)|Berlin Treptower Park|Berlin Plänterwald|Berlin Baumschulenweg|Berlin-Schöneweide (S)|Berlin-Johannisthal,8089052,4,Berlin-Adlershof,Berlin,Berlin,12489,13.541129,52.435031,2024-07-08T00:03:00,2024-07-08T00:03:00,2024-07-08T00:03:00,2024-07-08T00:03:00,0,0,,on_time,on_time
7453506468933069990-2407080005-17,8,Berlin-Blankenburg|Berlin-Pankow-Heinersdorf|Berlin-Pankow|Berlin Bornholmer Str.|Berlin Schönhauser Allee|Berlin Prenzlauer Allee|Berlin Greifswalder Str|Berlin Landsberger Allee|Berlin Storkower Str|Berlin Frankfurter Allee|Berlin Ostkreuz (S)|Berlin Treptower Park|Berlin Plänterwald|Berlin Baumschulenweg|Berlin-Schöneweide (S)|Berlin-Johannisthal,8089052,4,Berlin-Adlershof,Berlin,Berlin,12489,13.541129,52.435031,2024-07-08T00:43:00,2024-07-08T00:43:00,2024-07-08T00:43:00,2024-07-08T00:43:00,0,0,,on_time,on_time
8253464076549036480-2407080029-6,9,Flughafen BER (S-Bahn)|Waßmannsdorf|Schönefeld(bei Berlin)|Berlin Grünbergallee|Berlin-Altglienicke,8089052,4,Berlin-Adlershof,Berlin,Berlin,12489,13.541129,52.435031,2024-07-08T00:47:00,2024-07-08T00:47:00,,,0,0,,on_time,on_time
8655015963546991131-2407072324-22,8,Birkenwerder(b Berlin)|Hohen Neuendorf(b Berlin)|Bergfelde(b Berlin)|Schönfließ(b Oranienburg)|Mühlenbeck-Mönchmühle|Berlin-Blankenburg|Berlin-Pankow-Heinersdorf|Berlin-Pankow|Berlin Bornholmer Str.|Berlin Schönhauser Allee|Berlin Prenzlauer Allee|Berlin Greifswalder Str|Berlin Landsberger Allee|Berlin Storkower Str|Berlin Frankfurter Allee|Berlin Ostkreuz (S)|Berlin Treptower Park|Berlin Plänterwald|Berlin Baumschulenweg|Berlin-Schöneweide (S)|Berlin-Johannisthal,8089052,4,Berlin-Adlershof,Berlin,Berlin,12489,13.541129,52.435031,2024-07-08T00:23:00,2024-07-08T00:23:00,2024-07-08T00:23:00,2024-07-08T00:23:00,0,0,,on_time,on_time
3564208461273482936-2407080017-6,45,Flughafen BER (S-Bahn)|Waßmannsdorf|Schönefeld(bei Berlin)|Berlin Grünbergallee|Berlin-Altglienicke,8089052,4,Berlin-Adlershof,Berlin,Berlin,12489,13.541129,52.435031,2024-07-08T00:34:00,2024-07-08T00:35:00,2024-07-08T00:34:00,2024-07-08T00:35:00,0,0,,on_time,on_time
-1308595689782672773-2407080000-22,2,Blankenfelde (S)|Mahlow|Berlin-Lichtenrade|Berlin Schichauweg|Berlin Buckower Chaussee|Berlin-Marienfelde|Berlin Attilastr.|Berlin Priesterweg|Berlin Südkreuz (S)|Berlin Yorckstr.(S2)|Berlin Anhalter Bf|Berlin Potsdamer Platz (S)|Berlin Brandenburger Tor|Berlin Friedrichstraße (S)|Berlin Oranienburger Straße|Berlin Nordbahnhof|Berlin Humboldthain|Berlin Gesundbrunnen(S)|Berlin Bornholmer Str.|Berlin-Pankow|Berlin-Pankow-Heinersdorf,8089056,4,Berlin-Blankenburg,Berlin,Berlin,13129,13.44333,52.591164,2024-07-08T00:57:00,2024-07-08T00:58:00,2024-07-08T00:57:00,2024-07-08T00:58:00,0,0,,on_time,on_time
3983164985221343074-2407072340-22,2,Blankenfelde (S)|Mahlow|Berlin-Lichtenrade|Berlin Schichauweg|Berlin Buckower Chaussee|Berlin-Marienfelde|Berlin Attilastr.|Berlin Priesterweg|Berlin Südkreuz (S)|Berlin Yorckstr.(S2)|Berlin Anhalter Bf|Berlin Potsdamer Platz (S)|Berlin Brandenburger Tor|Berlin Friedrichstraße (S)|Berlin Oranienburger Straße|Berlin Nordbahnhof|Berlin Humboldthain|Berlin Gesundbrunnen(S)|Berlin Bornholmer Str.|Berlin-Pankow|Berlin-Pankow-Heinersdorf,8089056,4,Berlin-Blankenburg,Berlin,Berlin,13129,13.44333,52.591164,2024-07-08T00:35:00,2024-07-08T00:36:00,2024-07-08T00:35:00,2024-07-08T00:36:00,0,0,,on_time,on_time
-499427496553395051-2407080025-1,8,,8089056,4,Berlin-Blankenburg,Berlin,Berlin,13129,13.44333,52.591164,,2024-07-08T00:25:00,,,0,0,,on_time,on_time
1523711802490226836-2407080023-7,2,Bernau (S)|Bernau-Friedenstal|Zepernick(Bernau)|Röntgental|Berlin-Buch|Berlin-Karow,8089056,4,Berlin-Blankenburg,Berlin,Berlin,13129,13.44333,52.591164,2024-07-08T00:40:00,2024-07-08T00:40:00,,,0,0,,on_time,on_time
-5738915798531129536-2407072343-7,2,Bernau (S)|Bernau-Friedenstal|Zepernick(Bernau)|Röntgental|Berlin-Buch|Berlin-Karow,8089056,4,Berlin-Blankenburg,Berlin,Berlin,13129,13.44333,52.591164,2024-07-08T00:00:00,2024-07-08T00:00:00,2024-07-08T00:02:00,2024-07-08T00:03:00,2,3,,on_time,on_time
7453506468933069990-2407080005-1,8,,8089056,4,Berlin-Blankenburg,Berlin,Berlin,13129,13.44333,52.591164,,2024-07-08T00:05:00,,2024-07-08T00:05:00,0,0,,on_time,on_time
-8301379295245375921-2407080003-7,2,Bernau (S)|Bernau-Friedenstal|Zepernick(Bernau)|Röntgental|Berlin-Buch|Berlin-Karow,8089056,4,Berlin-Blankenburg,Berlin,Berlin,13129,13.44333,52.591164,2024-07-08T00:20:00,2024-07-08T00:20:00,2024-07-08T00:20:00,2024-07-08T00:20:00,0,0,,on_time,on_time
-2105664261925506836-2407072349-18,8,Berlin-Grünau|Berlin-Adlershof|Berlin-Johannisthal|Berlin-Schöneweide (S)|Berlin Baumschulenweg|Berlin Plänterwald|Berlin Treptower Park|Berlin Ostkreuz (S)|Berlin Frankfurter Allee|Berlin Storkower Str|Berlin Landsberger Allee|Berlin Greifswalder Str|Berlin Prenzlauer Allee|Berlin Schönhauser Allee|Berlin Bornholmer Str.|Berlin-Pankow|Berlin-Pankow-Heinersdorf,8089056,4,Berlin-Blankenburg,Berlin,Berlin,13129,13.44333,52.591164,2024-07-08T00:32:00,2024-07-08T00:32:00,2024-07-08T00:32:00,2024-07-08T00:32:00,0,0,,on_time,on_time
-4818159422843870228-2407072320-22,2,Blankenfelde (S)|Mahlow|Berlin-Lichtenrade|Berlin Schichauweg|Berlin Buckower Chaussee|Berlin-Marienfelde|Berlin Attilastr.|Berlin Priesterweg|Berlin Südkreuz (S)|Berlin Yorckstr.(S2)|Berlin Anhalter Bf|Berlin Potsdamer Platz (S)|Berlin Brandenburger Tor|Berlin Friedrichstraße (S)|Berlin Oranienburger Straße|Berlin Nordbahnhof|Berlin Humboldthain|Berlin Gesundbrunnen(S)|Berlin Bornholmer Str.|Berlin-Pankow|Berlin-Pankow-Heinersdorf,8089056,4,Berlin-Blankenburg,Berlin,Berlin,13129,13.44333,52.591164,2024-07-08T00:15:00,2024-07-08T00:16:00,2024-07-08T00:15:00,2024-07-08T00:16:00,0,0,,on_time,on_time
3983164985221343074-2407072340-24,2,Blankenfelde (S)|Mahlow|Berlin-Lichtenrade|Berlin Schichauweg|Berlin Buckower Chaussee|Berlin-Marienfelde|Berlin Attilastr.|Berlin Priesterweg|Berlin Südkreuz (S)|Berlin Yorckstr.(S2)|Berlin Anhalter Bf|Berlin Potsdamer Platz (S)|Berlin Brandenburger Tor|Berlin Friedrichstraße (S)|Berlin Oranienburger Straße|Berlin Nordbahnhof|Berlin Humboldthain|Berlin Gesundbrunnen(S)|Berlin Bornholmer Str.|Berlin-Pankow|Berlin-Pankow-Heinersdorf|Berlin-Blankenburg|Berlin-Karow,8089057,4,Berlin-Buch,Berlin,Berlin,13125,13.492286,52.636162,2024-07-08T00:43:00,2024-07-08T00:43:00,2024-07-08T00:43:00,2024-07-08T00:43:00,0,0,,on_time,on_time
7584548684773334673-2407080043-5,2,Bernau (S)|Bernau-Friedenstal|Zepernick(Bernau)|Röntgental,8089057,4,Berlin-Buch,Berlin,Berlin,13125,13.492286,52.636162,2024-07-08T00:53:00,2024-07-08T00:53:00,,,0,0,,on_time,on_time
1523711802490226836-2407080023-5,2,Bernau (S)|Bernau-Friedenstal|Zepernick(Bernau)|Röntgental,8089057,4,Berlin-Buch,Berlin,Berlin,13125,13.492286,52.636162,2024-07-08T00:33:00,2024-07-08T00:33:00,,,0,0,,on_time,on_time
6102500592449219356-2407072300-24,2,Blankenfelde (S)|Mahlow|Berlin-Lichtenrade|Berlin Schichauweg|Berlin Buckower Chaussee|Berlin-Marienfelde|Berlin Attilastr.|Berlin Priesterweg|Berlin Südkreuz (S)|Berlin Yorckstr.(S2)|Berlin Anhalter Bf|Berlin Potsdamer Platz (S)|Berlin Brandenburger Tor|Berlin Friedrichstraße (S)|Berlin Oranienburger Straße|Berlin Nordbahnhof|Berlin Humboldthain|Berlin Gesundbrunnen(S)|Berlin Bornholmer Str.|Berlin-Pankow|Berlin-Pankow-Heinersdorf|Berlin-Blankenburg|Berlin-Karow,8089057,4,Berlin-Buch,Berlin,Berlin,13125,13.492286,52.636162,2024-07-08T00:03:00,2024-07-08T00:03:00,2024-07-08T00:09:00,2024-07-08T00:10:00,6,7,,delay,delay
-8301379295245375921-2407080003-5,2,Bernau (S)|Bernau-Friedenstal|Zepernick(Bernau)|Röntgental,8089057,4,Berlin-Buch,Berlin,Berlin,13125,13.492286,52.636162,2024-07-08T00:13:00,2024-07-08T00:13:00,2024-07-08T00:13:00,2024-07-08T00:13:00,0,0,,on_time,on_time
-4818159422843870228-2407072320-24,2,Blankenfelde (S)|Mahlow|Berlin-Lichtenrade|Berlin Schichauweg|Berlin Buckower Chaussee|Berlin-Marienfelde|Berlin Attilastr.|Berlin Priesterweg|Berlin Südkreuz (S)|Berlin Yorckstr.(S2)|Berlin Anhalter Bf|Berlin Potsdamer Platz (S)|Berlin Brandenburger Tor|Berlin Friedrichstraße (S)|Berlin Oranienburger Straße|Berlin Nordbahnhof|Berlin Humboldthain|Berlin Gesundbrunnen(S)|Berlin Bornholmer Str.|Berlin-Pankow|Berlin-Pankow-Heinersdorf|Berlin-Blankenburg|Berlin-Karow,8089057,4,Berlin-Buch,Berlin,Berlin,13125,13.492286,52.636162,2024-07-08T00:23:00,2024-07-08T00:23:00,2024-07-08T00:23:00,2024-07-08T00:23:00,0,0,,on_time,on_time
-1430869917883125442-2407072318-17,7,Dessau Hbf|Roßlau(Elbe)|Jeber-Bergfrieden|Medewitz(Mark)|Wiesenburg(Mark)|Bad Belzig|Baitz|Brück(Mark)|Borkheide|Beelitz-Heilstätten|Seddin|Michendorf|Wilhelmshorst|Potsdam-Rehbrücke|Potsdam Medienstadt Babelsberg|Berlin-Wannsee,8010403,3,Berlin-Charlottenburg,Berlin,Berlin,10627,13.3023298,52.5042126,2024-07-08T00:47:00,2024-07-08T00:48:00,2024-07-08T00:49:00,2024-07-08T00:50:00,2,2,,on_time,on_time
2001635860734548872-2407072324-17,1,Frankfurt(Oder)|Frankfurt(Oder)-Rosengarten|Pillgram|Jacobsdorf(Mark)|Briesen(Mark)|Berkenbrück|Fürstenwalde(Spree)|Hangelsberg|Fangschleuse|Erkner|Berlin Ostkreuz|Berlin Ostbahnhof|Berlin Alexanderplatz|Berlin Friedrichstraße|Berlin Hbf|Berlin Zoologischer Garten,8010403,3,Berlin-Charlottenburg,Berlin,Berlin,10627,13.3023298,52.5042126,2024-07-08T00:50:00,2024-07-08T00:51:00,2024-07-08T00:51:00,2024-07-08T00:52:00,1,1,,on_time,on_time
6182068753204726904-2407072344-8,8,Flughafen BER|Berlin Ostkreuz|Berlin Ostbahnhof|Berlin Alexanderplatz|Berlin Friedrichstraße|Berlin Hbf|Berlin Zoologischer Garten,8010403,3,Berlin-Charlottenburg,Berlin,Berlin,10627,13.3023298,52.5042126,2024-07-08T00:26:00,2024-07-08T00:27:00,2024-07-08T00:29:00,2024-07-08T00:30:00,3,3,,on_time,on_time
2089354669829323276-2407072337-6,S3A,"Berlin-Karlshorst|Freizeit- und Erholungszentrum, Berlin|Alte Försterei, Berlin|Bahnhofstr./Seelenbinderstr., Berlin|Berlin-Hirschgarten",8089060,4,Berlin-Friedrichshagen,Berlin,Berlin,12587,13.6246,52.457247,2024-07-08T00:07:00,2024-07-08T00:07:00,,,0,0,Bauarbeiten,on_time,on_time
-4841744189395755821-2407080015-3,S3A,"Berlin-Rahnsdorf|Rahnsdorf/Waldschänke, Berlin",8089060,4,Berlin-Friedrichshagen,Berlin,Berlin,12587,13.6246,52.457247,2024-07-08T00:24:00,2024-07-08T00:24:00,,,0,0,Bauarbeiten,on_time,on_time
-5123367024206466707-2407080007-6,S3A,"Berlin-Karlshorst|Freizeit- und Erholungszentrum, Berlin|Alte Försterei, Berlin|Bahnhofstr./Seelenbinderstr., Berlin|Berlin-Hirschgarten",8089060,4,Berlin-Friedrichshagen,Berlin,Berlin,12587,13.6246,52.457247,2024-07-08T00:37:00,2024-07-08T00:37:00,,,0,0,Bauarbeiten,on_time,on_time
8643117936937237189-2407072357-6,S3A,"Berlin-Karlshorst|Freizeit- und Erholungszentrum, Berlin|Alte Försterei, Berlin|Bahnhofstr./Seelenbinderstr., Berlin|Berlin-Hirschgarten",8089060,4,Berlin-Friedrichshagen,Berlin,Berlin,12587,13.6246,52.457247,2024-07-08T00:27:00,2024-07-08T00:27:00,,,0,0,Bauarbeiten,on_time,on_time
3326872465146779596-2407072355-3,S3A,"Berlin-Rahnsdorf|Rahnsdorf/Waldschänke, Berlin",8089060,4,Berlin-Friedrichshagen,Berlin,Berlin,12587,13.6246,52.457247,2024-07-08T00:04:00,2024-07-08T00:04:00,,,0,0,Bauarbeiten,on_time,on_time
8014912381572425367-2407080035-3,S3A,"Berlin-Rahnsdorf|Rahnsdorf/Waldschänke, Berlin",8089060,4,Berlin-Friedrichshagen,Berlin,Berlin,12587,13.6246,52.457247,2024-07-08T00:44:00,2024-07-08T00:44:00,,,0,0,Bauarbeiten,on_time,on_time
-977694037555952150-2407072347-6,S3A,"Berlin-Karlshorst|Freizeit- und Erholungszentrum, Berlin|Alte Försterei, Berlin|Bahnhofstr./Seelenbinderstr., Berlin|Berlin-Hirschgarten",8089060,4,Berlin-Friedrichshagen,Berlin,Berlin,12587,13.6246,52.457247,2024-07-08T00:17:00,2024-07-08T00:17:00,,,0,0,Bauarbeiten,on_time,on_time
1112291010172951539-2407080027-6,S3A,"Berlin-Karlshorst|Freizeit- und Erholungszentrum, Berlin|Alte Försterei, Berlin|Bahnhofstr./Seelenbinderstr., Berlin|Berlin-Hirschgarten",8089060,4,Berlin-Friedrichshagen,Berlin,Berlin,12587,13.6246,52.457247,2024-07-08T00:57:00,2024-07-08T00:57:00,,,0,0,Bauarbeiten,on_time,on_time
8676169454658901758-2407072351-6,1,Oranienburg|Lehnitz|Borgsdorf|Birkenwerder(b Berlin)|Hohen Neuendorf(b Berlin),8089061,4,Berlin-Frohnau,Berlin,Berlin,13465,13.289934,52.632758,2024-07-08T00:07:00,2024-07-08T00:08:00,2024-07-08T00:07:00,2024-07-08T00:08:00,0,0,,on_time,on_time
-5641342810993358765-2407080011-6,1,Oranienburg|Lehnitz|Borgsdorf|Birkenwerder(b Berlin)|Hohen Neuendorf(b Berlin),8089061,4,Berlin-Frohnau,Berlin,Berlin,13465,13.289934,52.632758,2024-07-08T00:27:00,2024-07-08T00:28:00,2024-07-08T00:27:00,2024-07-08T00:28:00,0,0,,on_time,on_time
-211104171317325269-2407072314-30,1,Berlin-Wannsee (S)|Berlin-Nikolassee|Berlin-Schlachtensee|Berlin Mexikoplatz|Berlin-Zehlendorf|Berlin Sundgauer Str|Berlin-Lichterfelde West|Berlin Botanischer Garten|Berlin Rathaus Steglitz|Berlin Feuerbachstr.|Berlin-Friedenau|Berlin-Schöneberg|Berlin Julius-Leber-Brücke|Berlin Yorckstr.(S1)|Berlin Anhalter Bf|Berlin Potsdamer Platz (S)|Berlin Brandenburger Tor|Berlin Friedrichstraße (S)|Berlin Oranienburger Straße|Berlin Nordbahnhof|Berlin Humboldthain|Berlin Gesundbrunnen(S)|Berlin Bornholmer Str.|Berlin Wollankstraße|Berlin-Schönholz|Berlin-Wilhelmsruh|Berlin-Wittenau (Wilhelmsruher Damm)|Berlin-Waidmannslust|Berlin-Hermsdorf,8089061,4,Berlin-Frohnau,Berlin,Berlin,13465,13.289934,52.632758,2024-07-08T00:18:00,2024-07-08T00:18:00,2024-07-08T00:19:00,2024-07-08T00:19:00,1,1,,on_time,on_time
8848354961888364614-2407080031-6,1,Oranienburg|Lehnitz|Borgsdorf|Birkenwerder(b Berlin)|Hohen Neuendorf(b Berlin),8089061,4,Berlin-Frohnau,Berlin,Berlin,13465,13.289934,52.632758,2024-07-08T00:47:00,2024-07-08T00:48:00,,,0,0,,on_time,on_time
-7234128127155025168-2407072334-30,1,Berlin-Wannsee (S)|Berlin-Nikolassee|Berlin-Schlachtensee|Berlin Mexikoplatz|Berlin-Zehlendorf|Berlin Sundgauer Str|Berlin-Lichterfelde West|Berlin Botanischer Garten|Berlin Rathaus Steglitz|Berlin Feuerbachstr.|Berlin-Friedenau|Berlin-Schöneberg|Berlin Julius-Leber-Brücke|Berlin Yorckstr.(S1)|Berlin Anhalter Bf|Berlin Potsdamer Platz (S)|Berlin Brandenburger Tor|Berlin Friedrichstraße (S)|Berlin Oranienburger Straße|Berlin Nordbahnhof|Berlin Humboldthain|Berlin Gesundbrunnen(S)|Berlin Bornholmer Str.|Berlin Wollankstraße|Berlin-Schönholz|Berlin-Wilhelmsruh|Berlin-Wittenau (Wilhelmsruher Damm)|Berlin-Waidmannslust|Berlin-Hermsdorf,8089061,4,Berlin-Frohnau,Berlin,Berlin,13465,13.289934,52.632758,2024-07-08T00:38:00,2024-07-08T00:38:00,2024-07-08T00:39:00,2024-07-08T00:40:00,1,2,,on_time,on_time
-2230601977227938209-2407072354-30,1,Berlin-Wannsee (S)|Berlin-Nikolassee|Berlin-Schlachtensee|Berlin Mexikoplatz|Berlin-Zehlendorf|Berlin Sundgauer Str|Berlin-Lichterfelde West|Berlin Botanischer Garten|Berlin Rathaus Steglitz|Berlin Feuerbachstr.|Berlin-Friedenau|Berlin-Schöneberg|Berlin Julius-Leber-Brücke|Berlin Yorckstr.(S1)|Berlin Anhalter Bf|Berlin Potsdamer Platz (S)|Berlin Brandenburger Tor|Berlin Friedrichstraße (S)|Berlin Oranienburger Straße|Berlin Nordbahnhof|Berlin Humboldthain|Berlin Gesundbrunnen(S)|Berlin Bornholmer Str.|Berlin Wollankstraße|Berlin-Schönholz|Berlin-Wilhelmsruh|Berlin-Wittenau (Wilhelmsruher Damm)|Berlin-Waidmannslust|Berlin-Hermsdorf,8089061,4,Berlin-Frohnau,Berlin,Berlin,13465,13.289934,52.632758,2024-07-08T00:58:00,2024-07-08T00:58:00,2024-07-08T00:58:00,2024-07-08T00:58:00,0,0,,on_time,on_time
1911302061839635851-2407080041-5,46,Königs Wusterhausen|Wildau|Zeuthen|Eichwalde,8089063,4,Berlin-Grünau,Berlin,Berlin,12527,13.573497,52.413028,2024-07-08T00:56:00,2024-07-08T00:56:00,,,0,0,,on_time,on_time
-578452750217533255-2407080049-1,8,,8089063,4,Berlin-Grünau,Berlin,Berlin,12527,13.573497,52.413028,,2024-07-08T00:49:00,,,0,0,,on_time,on_time
-1738170518021429449-2407072318-19,46,Berlin Westend|Berlin Messe Nord/ICC (Witzleben)|Berlin Westkreuz|Berlin-Halensee|Berlin Hohenzollerndamm|Berlin Heidelberger Platz|Berlin Bundesplatz|Berlin Innsbrucker Platz|Berlin-Schöneberg|Berlin Südkreuz (S)|Berlin-Tempelhof|Berlin Hermannstraße|Berlin-Neukölln|Berlin Köllnische Heide|Berlin Baumschulenweg|Berlin-Schöneweide (S)|Berlin-Johannisthal|Berlin-Adlershof,8089063,4,Berlin-Grünau,Berlin,Berlin,12527,13.573497,52.413028,2024-07-07T23:59:00,2024-07-08T00:00:00,2024-07-08T00:00:00,2024-07-08T00:01:00,1,1,,on_time,on_time
4387045462730231935-2407072358-19,46,Berlin Westend|Berlin Messe Nord/ICC (Witzleben)|Berlin Westkreuz|Berlin-Halensee|Berlin Hohenzollerndamm|Berlin Heidelberger Platz|Berlin Bundesplatz|Berlin Innsbrucker Platz|Berlin-Schöneberg|Berlin Südkreuz (S)|Berlin-Tempelhof|Berlin Hermannstraße|Berlin-Neukölln|Berlin Köllnische Heide|Berlin Baumschulenweg|Berlin-Schöneweide (S)|Berlin-Johannisthal|Berlin-Adlershof,8089063,4,Berlin-Grünau,Berlin,Berlin,12527,13.573497,52.413028,2024-07-08T00:39:00,2024-07-08T00:40:00,2024-07-08T00:39:00,2024-07-08T00:40:00,0,0,,on_time,on_time
-7716129685769370088-2407080001-5,46,Königs Wusterhausen|Wildau|Zeuthen|Eichwalde,8089063,4,Berlin-Grünau,Berlin,Berlin,12527,13.573497,52.413028,2024-07-08T00:16:00,2024-07-08T00:16:00,2024-07-08T00:16:00,2024-07-08T00:16:00,0,0,,on_time,on_time
4696287817138109395-2407080009-1,8,,8089063,4,Berlin-Grünau,Berlin,Berlin,12527,13.573497,52.413028,,2024-07-08T00:09:00,,2024-07-08T00:09:00,0,0,,on_time,on_time
6514326782731112305-2407072338-19,46,Berlin Westend|Berlin Messe Nord/ICC (Witzleben)|Berlin Westkreuz|Berlin-Halensee|Berlin Hohenzollerndamm|Berlin Heidelberger Platz|Berlin Bundesplatz|Berlin Innsbrucker Platz|Berlin-Schöneberg|Berlin Südkreuz (S)|Berlin-Tempelhof|Berlin Hermannstraße|Berlin-Neukölln|Berlin Köllnische Heide|Berlin Baumschulenweg|Berlin-Schöneweide (S)|Berlin-Johannisthal|Berlin-Adlershof,8089063,4,Berlin-Grünau,Berlin,Berlin,12527,13.573497,52.413028,2024-07-08T00:19:00,2024-07-08T00:20:00,2024-07-08T00:19:00,2024-07-08T00:20:00,0,0,,on_time,on_time
6210496988613694272-2407080029-1,8,,8089063,4,Berlin-Grünau,Berlin,Berlin,12527,13.573497,52.413028,,2024-07-08T00:29:00,,,0,0,,on_time,on_time
2396266568734110016-2407080021-5,46,Königs Wusterhausen|Wildau|Zeuthen|Eichwalde,8089063,4,Berlin-Grünau,Berlin,Berlin,12527,13.573497,52.413028,2024-07-08T00:36:00,2024-07-08T00:36:00,,,0,0,,on_time,on_time
-8236367455607985793-2407080018-19,46,Berlin Westend|Berlin Messe Nord/ICC (Witzleben)|Berlin Westkreuz|Berlin-Halensee|Berlin Hohenzollerndamm|Berlin Heidelberger Platz|Berlin Bundesplatz|Berlin Innsbrucker Platz|Berlin-Schöneberg|Berlin Südkreuz (S)|Berlin-Tempelhof|Berlin Hermannstraße|Berlin-Neukölln|Berlin Köllnische Heide|Berlin Baumschulenweg|Berlin-Schöneweide (S)|Berlin-Johannisthal|Berlin-Adlershof,8089063,4,Berlin-Grünau,Berlin,Berlin,12527,13.573497,52.413028,2024-07-08T00:59:00,2024-07-08T01:00:00,2024-07-08T00:59:00,2024-07-08T01:00:00,0,0,,on_time,on_time
-8841955339355239150-2407080038-1,3,,8089062,4,Berlin-Grunewald,Berlin,Berlin,14193,13.26172,52.488693,,2024-07-08T00:38:00,,,0,0,,on_time,on_time
8783116678913773719-2407072351-24,7,Ahrensfelde (S)|Berlin Mehrower Allee|Berlin Raoul-Wallenberg-Str.|Berlin-Marzahn|Berlin Poelchaustr.|Berlin Springpfuhl|Berlin-Friedrichsfelde Ost|Berlin-Lichtenberg (S)|Berlin Nöldnerplatz|Berlin Ostkreuz (S)|Berlin Warschauer Straße|Berlin Ostbahnhof (S)|Berlin Jannowitzbrücke|Berlin Alexanderplatz (S)|Berlin Hackescher Markt|Berlin Friedrichstraße (S)|Berlin Hbf (S-Bahn)|Berlin Bellevue|Berlin-Tiergarten|Berlin Zoologischer Garten (S)|Berlin Savignyplatz|Berlin Charlottenburg (S)|Berlin Westkreuz,8089062,4,Berlin-Grunewald,Berlin,Berlin,14193,13.26172,52.488693,2024-07-08T00:42:00,2024-07-08T00:43:00,2024-07-08T00:42:00,2024-07-08T00:43:00,0,0,,on_time,on_time
-5116200977454988467-2407072331-24,7,Ahrensfelde (S)|Berlin Mehrower Allee|Berlin Raoul-Wallenberg-Str.|Berlin-Marzahn|Berlin Poelchaustr.|Berlin Springpfuhl|Berlin-Friedrichsfelde Ost|Berlin-Lichtenberg (S)|Berlin Nöldnerplatz|Berlin Ostkreuz (S)|Berlin Warschauer Straße|Berlin Ostbahnhof (S)|Berlin Jannowitzbrücke|Berlin Alexanderplatz (S)|Berlin Hackescher Markt|Berlin Friedrichstraße (S)|Berlin Hbf (S-Bahn)|Berlin Bellevue|Berlin-Tiergarten|Berlin Zoologischer Garten (S)|Berlin Savignyplatz|Berlin Charlottenburg (S)|Berlin Westkreuz,8089062,4,Berlin-Grunewald,Berlin,Berlin,14193,13.26172,52.488693,2024-07-08T00:22:00,2024-07-08T00:23:00,2024-07-08T00:22:00,2024-07-08T00:23:00,0,0,,on_time,on_time
2104147134298974835-2407080018-1,3,,8089062,4,Berlin-Grunewald,Berlin,Berlin,14193,13.26172,52.488693,,2024-07-08T00:18:00,,,0,0,,on_time,on_time
6397578513258634163-2407072341-6,7,Potsdam Hbf (S)|Potsdam-Babelsberg|Potsdam Griebnitzsee (S)|Berlin-Wannsee (S)|Berlin-Nikolassee,8089062,4,Berlin-Grunewald,Berlin,Berlin,14193,13.26172,52.488693,2024-07-08T00:01:00,2024-07-08T00:02:00,2024-07-08T00:02:00,2024-07-08T00:03:00,1,1,,on_time,on_time
-2159877480966285483-2407080001-6,7,Potsdam Hbf (S)|Potsdam-Babelsberg|Potsdam Griebnitzsee (S)|Berlin-Wannsee (S)|Berlin-Nikolassee,8089062,4,Berlin-Grunewald,Berlin,Berlin,14193,13.26172,52.488693,2024-07-08T00:21:00,2024-07-08T00:22:00,2024-07-08T00:21:00,2024-07-08T00:22:00,0,0,,on_time,on_time
6786112085151129871-2407072311-24,7,Ahrensfelde (S)|Berlin Mehrower Allee|Berlin Raoul-Wallenberg-Str.|Berlin-Marzahn|Berlin Poelchaustr.|Berlin Springpfuhl|Berlin-Friedrichsfelde Ost|Berlin-Lichtenberg (S)|Berlin Nöldnerplatz|Berlin Ostkreuz (S)|Berlin Warschauer Straße|Berlin Ostbahnhof (S)|Berlin Jannowitzbrücke|Berlin Alexanderplatz (S)|Berlin Hackescher Markt|Berlin Friedrichstraße (S)|Berlin Hbf (S-Bahn)|Berlin Bellevue|Berlin-Tiergarten|Berlin Zoologischer Garten (S)|Berlin Savignyplatz|Berlin Charlottenburg (S)|Berlin Westkreuz,8089062,4,Berlin-Grunewald,Berlin,Berlin,14193,13.26172,52.488693,2024-07-08T00:02:00,2024-07-08T00:03:00,2024-07-08T00:03:00,2024-07-08T00:03:00,1,0,,on_time,on_time
-7320758964149291748-2407080021-6,7,Potsdam Hbf (S)|Potsdam-Babelsberg|Potsdam Griebnitzsee (S)|Berlin-Wannsee (S)|Berlin-Nikolassee,8089062,4,Berlin-Grunewald,Berlin,Berlin,14193,13.26172,52.488693,2024-07-08T00:41:00,2024-07-08T00:42:00,,,0,0,,on_time,on_time
-2061611448050358640-2407080048-6,42,Berlin Beusselstraße|Berlin Jungfernheide (S)|Berlin Westend|Berlin Messe Nord/ICC (Witzleben)|Berlin Westkreuz,8089109,4,Berlin-Halensee,Berlin,Berlin,10711,13.290326,52.496254,2024-07-08T00:58:00,2024-07-08T00:59:00,,,0,0,,on_time,on_time
-8189148788276870459-2407072341-20,46,Königs Wusterhausen|Wildau|Zeuthen|Eichwalde|Berlin-Grünau|Berlin-Adlershof|Berlin-Johannisthal|Berlin-Schöneweide (S)|Berlin Baumschulenweg|Berlin Köllnische Heide|Berlin-Neukölln|Berlin Hermannstraße|Berlin-Tempelhof|Berlin Südkreuz (S)|Berlin-Schöneberg|Berlin Innsbrucker Platz|Berlin Bundesplatz|Berlin Heidelberger Platz|Berlin Hohenzollerndamm,8089109,4,Berlin-Halensee,Berlin,Berlin,10711,13.290326,52.496254,2024-07-08T00:32:00,2024-07-08T00:32:00,,,0,0,,on_time,on_time
-6946957915671022744-2407072358-6,42,Berlin Beusselstraße|Berlin Jungfernheide (S)|Berlin Westend|Berlin Messe Nord/ICC (Witzleben)|Berlin Westkreuz,8089109,4,Berlin-Halensee,Berlin,Berlin,10711,13.290326,52.496254,2024-07-08T00:08:00,2024-07-08T00:09:00,2024-07-08T00:08:00,2024-07-08T00:09:00,0,0,,on_time,on_time
1959714227586052913-2407080008-23,41,Berlin Beusselstraße|Berlin Westhafen|Berlin-Wedding|Berlin Gesundbrunnen(S)|Berlin Schönhauser Allee|Berlin Prenzlauer Allee|Berlin Greifswalder Str|Berlin Landsberger Allee|Berlin Storkower Str|Berlin Frankfurter Allee|Berlin Ostkreuz (S)|Berlin Treptower Park|Berlin Sonnenallee|Berlin-Neukölln|Berlin Hermannstraße|Berlin-Tempelhof|Berlin Südkreuz (S)|Berlin-Schöneberg|Berlin Innsbrucker Platz|Berlin Bundesplatz|Berlin Heidelberger Platz|Berlin Hohenzollerndamm,8089109,4,Berlin-Halensee,Berlin,Berlin,10711,13.290326,52.496254,2024-07-08T00:56:00,2024-07-08T00:57:00,2024-07-08T00:56:00,2024-07-08T00:57:00,0,0,,on_time,on_time
-55396792884219896-2407072321-20,46,Königs Wusterhausen|Wildau|Zeuthen|Eichwalde|Berlin-Grünau|Berlin-Adlershof|Berlin-Johannisthal|Berlin-Schöneweide (S)|Berlin Baumschulenweg|Berlin Köllnische Heide|Berlin-Neukölln|Berlin Hermannstraße|Berlin-Tempelhof|Berlin Südkreuz (S)|Berlin-Schöneberg|Berlin Innsbrucker Platz|Berlin Bundesplatz|Berlin Heidelberger Platz|Berlin Hohenzollerndamm,8089109,4,Berlin-Halensee,Berlin,Berlin,10711,13.290326,52.496254,2024-07-08T00:12:00,2024-07-08T00:12:00,2024-07-08T00:12:00,2024-07-08T00:12:00,0,0,,on_time,on_time
3882944869250236994-2407080018-6,42,Berlin Beusselstraße|Berlin Jungfernheide (S)|Berlin Westend|Berlin Messe Nord/ICC (Witzleben)|Berlin Westkreuz,8089109,4,Berlin-Halensee,Berlin,Berlin,10711,13.290326,52.496254,2024-07-08T00:28:00,2024-07-08T00:29:00,2024-07-08T00:28:00,2024-07-08T00:29:00,0,0,,on_time,on_time
4387045462730231935-2407072358-4,46,Berlin Westend|Berlin Messe Nord/ICC (Witzleben)|Berlin Westkreuz,8089109,4,Berlin-Halensee,Berlin,Berlin,10711,13.290326,52.496254,2024-07-08T00:03:00,2024-07-08T00:03:00,2024-07-08T00:03:00,2024-07-08T00:03:00,0,0,,on_time,on_time
3411058158594026962-2407072328-23,41,Berlin Beusselstraße|Berlin Westhafen|Berlin-Wedding|Berlin Gesundbrunnen(S)|Berlin Schönhauser Allee|Berlin Prenzlauer Allee|Berlin Greifswalder Str|Berlin Landsberger Allee|Berlin Storkower Str|Berlin Frankfurter Allee|Berlin Ostkreuz (S)|Berlin Treptower Park|Berlin Sonnenallee|Berlin-Neukölln|Berlin Hermannstraße|Berlin-Tempelhof|Berlin Südkreuz (S)|Berlin-Schöneberg|Berlin Innsbrucker Platz|Berlin Bundesplatz|Berlin Heidelberger Platz|Berlin Hohenzollerndamm,8089109,4,Berlin-Halensee,Berlin,Berlin,10711,13.290326,52.496254,2024-07-08T00:16:00,2024-07-08T00:17:00,2024-07-08T00:16:00,2024-07-08T00:17:00,0,0,,on_time,on_time
-2790898132614475060-2407080008-6,42,Berlin Beusselstraße|Berlin Jungfernheide (S)|Berlin Westend|Berlin Messe Nord/ICC (Witzleben)|Berlin Westkreuz,8089109,4,Berlin-Halensee,Berlin,Berlin,10711,13.290326,52.496254,2024-07-08T00:18:00,2024-07-08T00:19:00,2024-07-08T00:18:00,2024-07-08T00:19:00,0,0,,on_time,on_time
5776070001612816527-2407080028-6,42,Berlin Beusselstraße|Berlin Jungfernheide (S)|Berlin Westend|Berlin Messe Nord/ICC (Witzleben)|Berlin Westkreuz,8089109,4,Berlin-Halensee,Berlin,Berlin,10711,13.290326,52.496254,2024-07-08T00:38:00,2024-07-08T00:39:00,,,0,0,,on_time,on_time
1201503909184688416-2407072318-23,41,Berlin Beusselstraße|Berlin Westhafen|Berlin-Wedding|Berlin Gesundbrunnen(S)|Berlin Schönhauser Allee|Berlin Prenzlauer Allee|Berlin Greifswalder Str|Berlin Landsberger Allee|Berlin Storkower Str|Berlin Frankfurter Allee|Berlin Ostkreuz (S)|Berlin Treptower Park|Berlin Sonnenallee|Berlin-Neukölln|Berlin Hermannstraße|Berlin-Tempelhof|Berlin Südkreuz (S)|Berlin-Schöneberg|Berlin Innsbrucker Platz|Berlin Bundesplatz|Berlin Heidelberger Platz|Berlin Hohenzollerndamm,8089109,4,Berlin-Halensee,Berlin,Berlin,10711,13.290326,52.496254,2024-07-08T00:06:00,2024-07-08T00:07:00,2024-07-08T00:06:00,2024-07-08T00:07:00,0,0,,on_time,on_time
-7977806028619017735-2407072358-23,41,Berlin Beusselstraße|Berlin Westhafen|Berlin-Wedding|Berlin Gesundbrunnen(S)|Berlin Schönhauser Allee|Berlin Prenzlauer Allee|Berlin Greifswalder Str|Berlin Landsberger Allee|Berlin Storkower Str|Berlin Frankfurter Allee|Berlin Ostkreuz (S)|Berlin Treptower Park|Berlin Sonnenallee|Berlin-Neukölln|Berlin Hermannstraße|Berlin-Tempelhof|Berlin Südkreuz (S)|Berlin-Schöneberg|Berlin Innsbrucker Platz|Berlin Bundesplatz|Berlin Heidelberger Platz|Berlin Hohenzollerndamm,8089109,4,Berlin-Halensee,Berlin,Berlin,10711,13.290326,52.496254,2024-07-08T00:46:00,2024-07-08T00:47:00,2024-07-08T00:46:00,2024-07-08T00:47:00,0,0,,on_time,on_time
6742226968666454536-2407072348-23,41,Berlin Beusselstraße|Berlin Westhafen|Berlin-Wedding|Berlin Gesundbrunnen(S)|Berlin Schönhauser Allee|Berlin Prenzlauer Allee|Berlin Greifswalder Str|Berlin Landsberger Allee|Berlin Storkower Str|Berlin Frankfurter Allee|Berlin Ostkreuz (S)|Berlin Treptower Park|Berlin Sonnenallee|Berlin-Neukölln|Berlin Hermannstraße|Berlin-Tempelhof|Berlin Südkreuz (S)|Berlin-Schöneberg|Berlin Innsbrucker Platz|Berlin Bundesplatz|Berlin Heidelberger Platz|Berlin Hohenzollerndamm,8089109,4,Berlin-Halensee,Berlin,Berlin,10711,13.290326,52.496254,2024-07-08T00:36:00,2024-07-08T00:37:00,2024-07-08T00:36:00,2024-07-08T00:37:00,0,0,,on_time,on_time
-8236367455607985793-2407080018-4,46,Berlin Westend|Berlin Messe Nord/ICC (Witzleben)|Berlin Westkreuz,8089109,4,Berlin-Halensee,Berlin,Berlin,10711,13.290326,52.496254,2024-07-08T00:23:00,2024-07-08T00:23:00,2024-07-08T00:23:00,2024-07-08T00:23:00,0,0,,on_time,on_time
1995051390375763386-2407080038-4,46,Berlin Westend|Berlin Messe Nord/ICC (Witzleben)|Berlin Westkreuz,8089109,4,Berlin-Halensee,Berlin,Berlin,10711,13.290326,52.496254,2024-07-08T00:43:00,2024-07-08T00:43:00,,,0,0,,on_time,on_time
-1079183259924026376-2407080038-6,42,Berlin Beusselstraße|Berlin Jungfernheide (S)|Berlin Westend|Berlin Messe Nord/ICC (Witzleben)|Berlin Westkreuz,8089109,4,Berlin-Halensee,Berlin,Berlin,10711,13.290326,52.496254,2024-07-08T00:48:00,2024-07-08T00:49:00,,,0,0,,on_time,on_time
-1523060404600637285-2407072338-23,41,Berlin Beusselstraße|Berlin Westhafen|Berlin-Wedding|Berlin Gesundbrunnen(S)|Berlin Schönhauser Allee|Berlin Prenzlauer Allee|Berlin Greifswalder Str|Berlin Landsberger Allee|Berlin Storkower Str|Berlin Frankfurter Allee|Berlin Ostkreuz (S)|Berlin Treptower Park|Berlin Sonnenallee|Berlin-Neukölln|Berlin Hermannstraße|Berlin-Tempelhof|Berlin Südkreuz (S)|Berlin-Schöneberg|Berlin Innsbrucker Platz|Berlin Bundesplatz|Berlin Heidelberger Platz|Berlin Hohenzollerndamm,8089109,4,Berlin-Halensee,Berlin,Berlin,10711,13.290326,52.496254,2024-07-08T00:26:00,2024-07-08T00:27:00,2024-07-08T00:26:00,2024-07-08T00:27:00,0,0,,on_time,on_time
1160641199814617012-2407072337-20,45,Flughafen BER (S-Bahn)|Waßmannsdorf|Schönefeld(bei Berlin)|Berlin Grünbergallee|Berlin-Altglienicke|Berlin-Adlershof|Berlin-Johannisthal|Berlin-Schöneweide (S)|Berlin Baumschulenweg|Berlin Köllnische Heide|Berlin-Neukölln|Berlin Hermannstraße|Berlin-Tempelhof|Berlin Südkreuz (S)|Berlin-Schöneberg|Berlin Innsbrucker Platz|Berlin Bundesplatz|Berlin Heidelberger Platz|Berlin Hohenzollerndamm,8089109,4,Berlin-Halensee,Berlin,Berlin,10711,13.290326,52.496254,2024-07-08T00:29:00,2024-07-08T00:29:00,2024-07-08T00:29:00,2024-07-08T00:29:00,0,0,,on_time,on_time
8676169454658901758-2407072351-7,1,Oranienburg|Lehnitz|Borgsdorf|Birkenwerder(b Berlin)|Hohen Neuendorf(b Berlin)|Berlin-Frohnau,8089064,4,Berlin-Hermsdorf,Berlin,Berlin,13467,13.30769,52.617782,2024-07-08T00:10:00,2024-07-08T00:10:00,2024-07-08T00:10:00,2024-07-08T00:10:00,0,0,,on_time,on_time
-5641342810993358765-2407080011-7,1,Oranienburg|Lehnitz|Borgsdorf|Birkenwerder(b Berlin)|Hohen Neuendorf(b Berlin)|Berlin-Frohnau,8089064,4,Berlin-Hermsdorf,Berlin,Berlin,13467,13.30769,52.617782,2024-07-08T00:30:00,2024-07-08T00:30:00,2024-07-08T00:30:00,2024-07-08T00:30:00,0,0,,on_time,on_time
-211104171317325269-2407072314-29,1,Berlin-Wannsee (S)|Berlin-Nikolassee|Berlin-Schlachtensee|Berlin Mexikoplatz|Berlin-Zehlendorf|Berlin Sundgauer Str|Berlin-Lichterfelde West|Berlin Botanischer Garten|Berlin Rathaus Steglitz|Berlin Feuerbachstr.|Berlin-Friedenau|Berlin-Schöneberg|Berlin Julius-Leber-Brücke|Berlin Yorckstr.(S1)|Berlin Anhalter Bf|Berlin Potsdamer Platz (S)|Berlin Brandenburger Tor|Berlin Friedrichstraße (S)|Berlin Oranienburger Straße|Berlin Nordbahnhof|Berlin Humboldthain|Berlin Gesundbrunnen(S)|Berlin Bornholmer Str.|Berlin Wollankstraße|Berlin-Schönholz|Berlin-Wilhelmsruh|Berlin-Wittenau (Wilhelmsruher Damm)|Berlin-Waidmannslust,8089064,4,Berlin-Hermsdorf,Berlin,Berlin,13467,13.30769,52.617782,2024-07-08T00:15:00,2024-07-08T00:15:00,2024-07-08T00:16:00,2024-07-08T00:16:00,1,1,,on_time,on_time
8848354961888364614-2407080031-7,1,Oranienburg|Lehnitz|Borgsdorf|Birkenwerder(b Berlin)|Hohen Neuendorf(b Berlin)|Berlin-Frohnau,8089064,4,Berlin-Hermsdorf,Berlin,Berlin,13467,13.30769,52.617782,2024-07-08T00:50:00,2024-07-08T00:50:00,,,0,0,,on_time,on_time
-7234128127155025168-2407072334-29,1,Berlin-Wannsee (S)|Berlin-Nikolassee|Berlin-Schlachtensee|Berlin Mexikoplatz|Berlin-Zehlendorf|Berlin Sundgauer Str|Berlin-Lichterfelde West|Berlin Botanischer Garten|Berlin Rathaus Steglitz|Berlin Feuerbachstr.|Berlin-Friedenau|Berlin-Schöneberg|Berlin Julius-Leber-Brücke|Berlin Yorckstr.(S1)|Berlin Anhalter Bf|Berlin Potsdamer Platz (S)|Berlin Brandenburger Tor|Berlin Friedrichstraße (S)|Berlin Oranienburger Straße|Berlin Nordbahnhof|Berlin Humboldthain|Berlin Gesundbrunnen(S)|Berlin Bornholmer Str.|Berlin Wollankstraße|Berlin-Schönholz|Berlin-Wilhelmsruh|Berlin-Wittenau (Wilhelmsruher Damm)|Berlin-Waidmannslust,8089064,4,Berlin-Hermsdorf,Berlin,Berlin,13467,13.30769,52.617782,2024-07-08T00:35:00,2024-07-08T00:35:00,2024-07-08T00:37:00,2024-07-08T00:37:00,2,2,,on_time,on_time
-2230601977227938209-2407072354-29,1,Berlin-Wannsee (S)|Berlin-Nikolassee|Berlin-Schlachtensee|Berlin Mexikoplatz|Berlin-Zehlendorf|Berlin Sundgauer Str|Berlin-Lichterfelde West|Berlin Botanischer Garten|Berlin Rathaus Steglitz|Berlin Feuerbachstr.|Berlin-Friedenau|Berlin-Schöneberg|Berlin Julius-Leber-Brücke|Berlin Yorckstr.(S1)|Berlin Anhalter Bf|Berlin Potsdamer Platz (S)|Berlin Brandenburger Tor|Berlin Friedrichstraße (S)|Berlin Oranienburger Straße|Berlin Nordbahnhof|Berlin Humboldthain|Berlin Gesundbrunnen(S)|Berlin Bornholmer Str.|Berlin Wollankstraße|Berlin-Schönholz|Berlin-Wilhelmsruh|Berlin-Wittenau (Wilhelmsruher Damm)|Berlin-Waidmannslust,8089064,4,Berlin-Hermsdorf,Berlin,Berlin,13467,13.30769,52.617782,2024-07-08T00:55:00,2024-07-08T00:55:00,2024-07-08T00:55:00,2024-07-08T00:55:00,0,0,,on_time,on_time
-5123367024206466707-2407080007-1,S3A,,8010035,4,Berlin-Karlshorst,Berlin,Berlin,10318,13.5279465,52.4797942,,2024-07-08T00:07:00,,,0,0,Bauarbeiten,on_time,on_time
1213501009598195874-2407080047-1,S3A,,8010035,4,Berlin-Karlshorst,Berlin,Berlin,10318,13.5279465,52.4797942,,2024-07-08T00:47:00,,,0,0,Bauarbeiten,on_time,on_time
1112291010172951539-2407080027-1,S3A,,8010035,4,Berlin-Karlshorst,Berlin,Berlin,10318,13.5279465,52.4797942,,2024-07-08T00:27:00,,,0,0,Bauarbeiten,on_time,on_time
3983164985221343074-2407072340-23,2,Blankenfelde (S)|Mahlow|Berlin-Lichtenrade|Berlin Schichauweg|Berlin Buckower Chaussee|Berlin-Marienfelde|Berlin Attilastr.|Berlin Priesterweg|Berlin Südkreuz (S)|Berlin Yorckstr.(S2)|Berlin Anhalter Bf|Berlin Potsdamer Platz (S)|Berlin Brandenburger Tor|Berlin Friedrichstraße (S)|Berlin Oranienburger Straße|Berlin Nordbahnhof|Berlin Humboldthain|Berlin Gesundbrunnen(S)|Berlin Bornholmer Str.|Berlin-Pankow|Berlin-Pankow-Heinersdorf|Berlin-Blankenburg,8011046,4,Berlin-Karow,Berlin,Berlin,13125,13.469204,52.614884,2024-07-08T00:39:00,2024-07-08T00:40:00,2024-07-08T00:39:00,2024-07-08T00:40:00,0,0,,on_time,on_time
7584548684773334673-2407080043-6,2,Bernau (S)|Bernau-Friedenstal|Zepernick(Bernau)|Röntgental|Berlin-Buch,8011046,4,Berlin-Karow,Berlin,Berlin,13125,13.469204,52.614884,2024-07-08T00:56:00,2024-07-08T00:57:00,,,0,0,,on_time,on_time
1523711802490226836-2407080023-6,2,Bernau (S)|Bernau-Friedenstal|Zepernick(Bernau)|Röntgental|Berlin-Buch,8011046,4,Berlin-Karow,Berlin,Berlin,13125,13.469204,52.614884,2024-07-08T00:36:00,2024-07-08T00:37:00,,,0,0,,on_time,on_time
6102500592449219356-2407072300-23,2,Blankenfelde (S)|Mahlow|Berlin-Lichtenrade|Berlin Schichauweg|Berlin Buckower Chaussee|Berlin-Marienfelde|Berlin Attilastr.|Berlin Priesterweg|Berlin Südkreuz (S)|Berlin Yorckstr.(S2)|Berlin Anhalter Bf|Berlin Potsdamer Platz (S)|Berlin Brandenburger Tor|Berlin Friedrichstraße (S)|Berlin Oranienburger Straße|Berlin Nordbahnhof|Berlin Humboldthain|Berlin Gesundbrunnen(S)|Berlin Bornholmer Str.|Berlin-Pankow|Berlin-Pankow-Heinersdorf|Berlin-Blankenburg,8011046,4,Berlin-Karow,Berlin,Berlin,13125,13.469204,52.614884,2024-07-07T23:59:00,2024-07-08T00:00:00,2024-07-08T00:06:00,2024-07-08T00:06:00,7,6,,delay,delay
-6631473175644313911-2407080027-1,27,,8011046,4,Berlin-Karow,Berlin,Berlin,13125,13.469204,52.614884,,2024-07-08T00:27:00,,2024-07-08T00:27:00,0,0,,on_time,on_time
-8301379295245375921-2407080003-6,2,Bernau (S)|Bernau-Friedenstal|Zepernick(Bernau)|Röntgental|Berlin-Buch,8011046,4,Berlin-Karow,Berlin,Berlin,13125,13.469204,52.614884,2024-07-08T00:16:00,2024-07-08T00:17:00,2024-07-08T00:16:00,2024-07-08T00:17:00,0,0,,on_time,on_time
-4818159422843870228-2407072320-23,2,Blankenfelde (S)|Mahlow|Berlin-Lichtenrade|Berlin Schichauweg|Berlin Buckower Chaussee|Berlin-Marienfelde|Berlin Attilastr.|Berlin Priesterweg|Berlin Südkreuz (S)|Berlin Yorckstr.(S2)|Berlin Anhalter Bf|Berlin Potsdamer Platz (S)|Berlin Brandenburger Tor|Berlin Friedrichstraße (S)|Berlin Oranienburger Straße|Berlin Nordbahnhof|Berlin Humboldthain|Berlin Gesundbrunnen(S)|Berlin Bornholmer Str.|Berlin-Pankow|Berlin-Pankow-Heinersdorf|Berlin-Blankenburg,8011046,4,Berlin-Karow,Berlin,Berlin,13125,13.469204,52.614884,2024-07-08T00:19:00,2024-07-08T00:20:00,2024-07-08T00:19:00,2024-07-08T00:20:00,0,0,,on_time,on_time
30572070181351137-2407080021-2,5,Berlin-Mahlsdorf (S),8089068,4,Berlin-Kaulsdorf,Berlin,Berlin,12621,13.58894,52.512093,2024-07-08T00:23:00,2024-07-08T00:23:00,,,0,0,,on_time,on_time
-7089612252540881345-2407072347-20,5,Berlin Westkreuz|Berlin Charlottenburg (S)|Berlin Savignyplatz|Berlin Zoologischer Garten (S)|Berlin-Tiergarten|Berlin Bellevue|Berlin Hbf (S-Bahn)|Berlin Friedrichstraße (S)|Berlin Hackescher Markt|Berlin Alexanderplatz (S)|Berlin Jannowitzbrücke|Berlin Ostbahnhof (S)|Berlin Warschauer Straße|Berlin Ostkreuz (S)|Berlin Nöldnerplatz|Berlin-Lichtenberg (S)|Berlin-Friedrichsfelde Ost|Berlin-Biesdorf|Berlin Wuhletal,8089068,4,Berlin-Kaulsdorf,Berlin,Berlin,12621,13.58894,52.512093,2024-07-08T00:30:00,2024-07-08T00:31:00,2024-07-08T00:30:00,2024-07-08T00:31:00,0,0,,on_time,on_time
8842394844799475175-2407080001-2,5,Berlin-Mahlsdorf (S),8089068,4,Berlin-Kaulsdorf,Berlin,Berlin,12621,13.58894,52.512093,2024-07-08T00:03:00,2024-07-08T00:03:00,2024-07-08T00:03:00,2024-07-08T00:03:00,0,0,,on_time,on_time
-5497641565686166623-2407080041-2,5,Berlin-Mahlsdorf (S),8089068,4,Berlin-Kaulsdorf,Berlin,Berlin,12621,13.58894,52.512093,2024-07-08T00:43:00,2024-07-08T00:43:00,,,0,0,,on_time,on_time
-2310595962716240109-2407080007-20,5,Berlin Westkreuz|Berlin Charlottenburg (S)|Berlin Savignyplatz|Berlin Zoologischer Garten (S)|Berlin-Tiergarten|Berlin Bellevue|Berlin Hbf (S-Bahn)|Berlin Friedrichstraße (S)|Berlin Hackescher Markt|Berlin Alexanderplatz (S)|Berlin Jannowitzbrücke|Berlin Ostbahnhof (S)|Berlin Warschauer Straße|Berlin Ostkreuz (S)|Berlin Nöldnerplatz|Berlin-Lichtenberg (S)|Berlin-Friedrichsfelde Ost|Berlin-Biesdorf|Berlin Wuhletal,8089068,4,Berlin-Kaulsdorf,Berlin,Berlin,12621,13.58894,52.512093,2024-07-08T00:50:00,2024-07-08T00:51:00,2024-07-08T00:50:00,2024-07-08T00:51:00,0,0,,on_time,on_time
-158610741823176254-2407072327-20,5,Berlin Westkreuz|Berlin Charlottenburg (S)|Berlin Savignyplatz|Berlin Zoologischer Garten (S)|Berlin-Tiergarten|Berlin Bellevue|Berlin Hbf (S-Bahn)|Berlin Friedrichstraße (S)|Berlin Hackescher Markt|Berlin Alexanderplatz (S)|Berlin Jannowitzbrücke|Berlin Ostbahnhof (S)|Berlin Warschauer Straße|Berlin Ostkreuz (S)|Berlin Nöldnerplatz|Berlin-Lichtenberg (S)|Berlin-Friedrichsfelde Ost|Berlin-Biesdorf|Berlin Wuhletal,8089068,4,Berlin-Kaulsdorf,Berlin,Berlin,12621,13.58894,52.512093,2024-07-08T00:10:00,2024-07-08T00:11:00,2024-07-08T00:10:00,2024-07-08T00:11:00,0,0,,on_time,on_time
8676169454658901758-2407072351-29,1,Oranienburg|Lehnitz|Borgsdorf|Birkenwerder(b Berlin)|Hohen Neuendorf(b Berlin)|Berlin-Frohnau|Berlin-Hermsdorf|Berlin-Waidmannslust|Berlin-Wittenau (Wilhelmsruher Damm)|Berlin-Wilhelmsruh|Berlin-Schönholz|Berlin Wollankstraße|Berlin Bornholmer Str.|Berlin Gesundbrunnen(S)|Berlin Humboldthain|Berlin Nordbahnhof|Berlin Oranienburger Straße|Berlin Friedrichstraße (S)|Berlin Brandenburger Tor|Berlin Potsdamer Platz (S)|Berlin Anhalter Bf|Berlin Yorckstr.(S1)|Berlin Julius-Leber-Brücke|Berlin-Schöneberg|Berlin-Friedenau|Berlin Feuerbachstr.|Berlin Rathaus Steglitz|Berlin Botanischer Garten,8089071,4,Berlin-Lichterfelde West,Berlin,Berlin,12205,13.293732,52.44335,2024-07-08T00:58:00,2024-07-08T00:58:00,2024-07-08T00:58:00,2024-07-08T00:58:00,0,0,,on_time,on_time
7649088808996046723-2407080014-7,1,Berlin-Wannsee (S)|Berlin-Nikolassee|Berlin-Schlachtensee|Berlin Mexikoplatz|Berlin-Zehlendorf|Berlin Sundgauer Str,8089071,4,Berlin-Lichterfelde West,Berlin,Berlin,12205,13.293732,52.44335,2024-07-08T00:27:00,2024-07-08T00:27:00,2024-07-08T00:27:00,2024-07-08T00:27:00,0,0,,on_time,on_time
-2384604348370111441-2407072311-29,1,Oranienburg|Lehnitz|Borgsdorf|Birkenwerder(b Berlin)|Hohen Neuendorf(b Berlin)|Berlin-Frohnau|Berlin-Hermsdorf|Berlin-Waidmannslust|Berlin-Wittenau (Wilhelmsruher Damm)|Berlin-Wilhelmsruh|Berlin-Schönholz|Berlin Wollankstraße|Berlin Bornholmer Str.|Berlin Gesundbrunnen(S)|Berlin Humboldthain|Berlin Nordbahnhof|Berlin Oranienburger Straße|Berlin Friedrichstraße (S)|Berlin Brandenburger Tor|Berlin Potsdamer Platz (S)|Berlin Anhalter Bf|Berlin Yorckstr.(S1)|Berlin Julius-Leber-Brücke|Berlin-Schöneberg|Berlin-Friedenau|Berlin Feuerbachstr.|Berlin Rathaus Steglitz|Berlin Botanischer Garten,8089071,4,Berlin-Lichterfelde West,Berlin,Berlin,12205,13.293732,52.44335,2024-07-08T00:18:00,2024-07-08T00:18:00,2024-07-08T00:18:00,2024-07-08T00:18:00,0,0,,on_time,on_time
-4475853834191571998-2407072331-29,1,Oranienburg|Lehnitz|Borgsdorf|Birkenwerder(b Berlin)|Hohen Neuendorf(b Berlin)|Berlin-Frohnau|Berlin-Hermsdorf|Berlin-Waidmannslust|Berlin-Wittenau (Wilhelmsruher Damm)|Berlin-Wilhelmsruh|Berlin-Schönholz|Berlin Wollankstraße|Berlin Bornholmer Str.|Berlin Gesundbrunnen(S)|Berlin Humboldthain|Berlin Nordbahnhof|Berlin Oranienburger Straße|Berlin Friedrichstraße (S)|Berlin Brandenburger Tor|Berlin Potsdamer Platz (S)|Berlin Anhalter Bf|Berlin Yorckstr.(S1)|Berlin Julius-Leber-Brücke|Berlin-Schöneberg|Berlin-Friedenau|Berlin Feuerbachstr.|Berlin Rathaus Steglitz|Berlin Botanischer Garten,8089071,4,Berlin-Lichterfelde West,Berlin,Berlin,12205,13.293732,52.44335,2024-07-08T00:38:00,2024-07-08T00:38:00,2024-07-08T00:38:00,2024-07-08T00:38:00,0,0,,on_time,on_time
-4275406157660819340-2407080034-7,1,Berlin-Wannsee (S)|Berlin-Nikolassee|Berlin-Schlachtensee|Berlin Mexikoplatz|Berlin-Zehlendorf|Berlin Sundgauer Str,8089071,4,Berlin-Lichterfelde West,Berlin,Berlin,12205,13.293732,52.44335,2024-07-08T00:47:00,2024-07-08T00:47:00,,,0,0,,on_time,on_time
-2230601977227938209-2407072354-7,1,Berlin-Wannsee (S)|Berlin-Nikolassee|Berlin-Schlachtensee|Berlin Mexikoplatz|Berlin-Zehlendorf|Berlin Sundgauer Str,8089071,4,Berlin-Lichterfelde West,Berlin,Berlin,12205,13.293732,52.44335,2024-07-08T00:07:00,2024-07-08T00:07:00,2024-07-08T00:07:00,2024-07-08T00:07:00,0,0,,on_time,on_time
-1308595689782672773-2407080000-6,2,Blankenfelde (S)|Mahlow|Berlin-Lichtenrade|Berlin Schichauweg|Berlin Buckower Chaussee,8089074,5,Berlin-Marienfelde,Berlin,Berlin,12277,13.375127,52.423634,2024-07-08T00:17:00,2024-07-08T00:18:00,2024-07-08T00:17:00,2024-07-08T00:18:00,0,0,,on_time,on_time
-2963774187440278538-2407072323-23,2,Bernau (S)|Bernau-Friedenstal|Zepernick(Bernau)|Röntgental|Berlin-Buch|Berlin-Karow|Berlin-Blankenburg|Berlin-Pankow-Heinersdorf|Berlin-Pankow|Berlin Bornholmer Str.|Berlin Gesundbrunnen(S)|Berlin Humboldthain|Berlin Nordbahnhof|Berlin Oranienburger Straße|Berlin Friedrichstraße (S)|Berlin Brandenburger Tor|Berlin Potsdamer Platz (S)|Berlin Anhalter Bf|Berlin Yorckstr.(S2)|Berlin Südkreuz (S)|Berlin Priesterweg|Berlin Attilastr.,8089074,5,Berlin-Marienfelde,Berlin,Berlin,12277,13.375127,52.423634,2024-07-08T00:18:00,2024-07-08T00:18:00,2024-07-08T00:19:00,2024-07-08T00:20:00,1,2,,on_time,on_time
-5738915798531129536-2407072343-23,2,Bernau (S)|Bernau-Friedenstal|Zepernick(Bernau)|Röntgental|Berlin-Buch|Berlin-Karow|Berlin-Blankenburg|Berlin-Pankow-Heinersdorf|Berlin-Pankow|Berlin Bornholmer Str.|Berlin Gesundbrunnen(S)|Berlin Humboldthain|Berlin Nordbahnhof|Berlin Oranienburger Straße|Berlin Friedrichstraße (S)|Berlin Brandenburger Tor|Berlin Potsdamer Platz (S)|Berlin Anhalter Bf|Berlin Yorckstr.(S2)|Berlin Südkreuz (S)|Berlin Priesterweg|Berlin Attilastr.,8089074,5,Berlin-Marienfelde,Berlin,Berlin,12277,13.375127,52.423634,2024-07-08T00:38:00,2024-07-08T00:38:00,2024-07-08T00:38:00,2024-07-08T00:38:00,0,0,,on_time,on_time
-5950091281616137024-2407080020-6,2,Blankenfelde (S)|Mahlow|Berlin-Lichtenrade|Berlin Schichauweg|Berlin Buckower Chaussee,8089074,5,Berlin-Marienfelde,Berlin,Berlin,12277,13.375127,52.423634,2024-07-08T00:37:00,2024-07-08T00:38:00,,,0,0,,on_time,on_time
-8301379295245375921-2407080003-23,2,Bernau (S)|Bernau-Friedenstal|Zepernick(Bernau)|Röntgental|Berlin-Buch|Berlin-Karow|Berlin-Blankenburg|Berlin-Pankow-Heinersdorf|Berlin-Pankow|Berlin Bornholmer Str.|Berlin Gesundbrunnen(S)|Berlin Humboldthain|Berlin Nordbahnhof|Berlin Oranienburger Straße|Berlin Friedrichstraße (S)|Berlin Brandenburger Tor|Berlin Potsdamer Platz (S)|Berlin Anhalter Bf|Berlin Yorckstr.(S2)|Berlin Südkreuz (S)|Berlin Priesterweg|Berlin Attilastr.,8089074,5,Berlin-Marienfelde,Berlin,Berlin,12277,13.375127,52.423634,2024-07-08T00:58:00,2024-07-08T00:58:00,2024-07-08T00:58:00,2024-07-08T00:58:00,0,0,,on_time,on_time
6397578513258634163-2407072341-26,7,Potsdam Hbf (S)|Potsdam-Babelsberg|Potsdam Griebnitzsee (S)|Berlin-Wannsee (S)|Berlin-Nikolassee|Berlin-Grunewald|Berlin Westkreuz|Berlin Charlottenburg (S)|Berlin Savignyplatz|Berlin Zoologischer Garten (S)|Berlin-Tiergarten|Berlin Bellevue|Berlin Hbf (S-Bahn)|Berlin Friedrichstraße (S)|Berlin Hackescher Markt|Berlin Alexanderplatz (S)|Berlin Jannowitzbrücke|Berlin Ostbahnhof (S)|Berlin Warschauer Straße|Berlin Ostkreuz (S)|Berlin Nöldnerplatz|Berlin-Lichtenberg (S)|Berlin-Friedrichsfelde Ost|Berlin Springpfuhl|Berlin Poelchaustr.,8089075,4,Berlin-Marzahn,Berlin,Berlin,12681,13.541341,52.543608,2024-07-08T00:53:00,2024-07-08T00:53:00,2024-07-08T00:53:00,2024-07-08T00:53:00,0,0,,on_time,on_time
-5534965849079604138-2407080031-4,7,Ahrensfelde (S)|Berlin Mehrower Allee|Berlin Raoul-Wallenberg-Str.,8089075,4,Berlin-Marzahn,Berlin,Berlin,12681,13.541341,52.543608,2024-07-08T00:36:00,2024-07-08T00:37:00,,,0,0,,on_time,on_time
-4827287623827181677-2407080011-4,7,Ahrensfelde (S)|Berlin Mehrower Allee|Berlin Raoul-Wallenberg-Str.,8089075,4,Berlin-Marzahn,Berlin,Berlin,12681,13.541341,52.543608,2024-07-08T00:16:00,2024-07-08T00:17:00,2024-07-08T00:16:00,2024-07-08T00:17:00,0,0,,on_time,on_time
-461722775312558653-2407080051-4,7,Ahrensfelde (S)|Berlin Mehrower Allee|Berlin Raoul-Wallenberg-Str.,8089075,4,Berlin-Marzahn,Berlin,Berlin,12681,13.541341,52.543608,2024-07-08T00:56:00,2024-07-08T00:57:00,,,0,0,,on_time,on_time
3332264459580462531-2407072321-26,7,Potsdam Hbf (S)|Potsdam-Babelsberg|Potsdam Griebnitzsee (S)|Berlin-Wannsee (S)|Berlin-Nikolassee|Berlin-Grunewald|Berlin Westkreuz|Berlin Charlottenburg (S)|Berlin Savignyplatz|Berlin Zoologischer Garten (S)|Berlin-Tiergarten|Berlin Bellevue|Berlin Hbf (S-Bahn)|Berlin Friedrichstraße (S)|Berlin Hackescher Markt|Berlin Alexanderplatz (S)|Berlin Jannowitzbrücke|Berlin Ostbahnhof (S)|Berlin Warschauer Straße|Berlin Ostkreuz (S)|Berlin Nöldnerplatz|Berlin-Lichtenberg (S)|Berlin-Friedrichsfelde Ost|Berlin Springpfuhl|Berlin Poelchaustr.,8089075,4,Berlin-Marzahn,Berlin,Berlin,12681,13.541341,52.543608,2024-07-08T00:33:00,2024-07-08T00:33:00,,,0,0,,on_time,on_time
3787430757885343072-2407072301-26,7,Potsdam Hbf (S)|Potsdam-Babelsberg|Potsdam Griebnitzsee (S)|Berlin-Wannsee (S)|Berlin-Nikolassee|Berlin-Grunewald|Berlin Westkreuz|Berlin Charlottenburg (S)|Berlin Savignyplatz|Berlin Zoologischer Garten (S)|Berlin-Tiergarten|Berlin Bellevue|Berlin Hbf (S-Bahn)|Berlin Friedrichstraße (S)|Berlin Hackescher Markt|Berlin Alexanderplatz (S)|Berlin Jannowitzbrücke|Berlin Ostbahnhof (S)|Berlin Warschauer Straße|Berlin Ostkreuz (S)|Berlin Nöldnerplatz|Berlin-Lichtenberg (S)|Berlin-Friedrichsfelde Ost|Berlin Springpfuhl|Berlin Poelchaustr.,8089075,4,Berlin-Marzahn,Berlin,Berlin,12681,13.541341,52.543608,2024-07-08T00:13:00,2024-07-08T00:13:00,2024-07-08T00:13:00,2024-07-08T00:14:00,0,1,,on_time,on_time
-8189148788276870459-2407072341-11,46,Königs Wusterhausen|Wildau|Zeuthen|Eichwalde|Berlin-Grünau|Berlin-Adlershof|Berlin-Johannisthal|Berlin-Schöneweide (S)|Berlin Baumschulenweg|Berlin Köllnische Heide,8089077,3,Berlin-Neukölln,Berlin,Berlin,12055,13.44306,52.46942,2024-07-08T00:12:00,2024-07-08T00:13:00,,,0,0,,on_time,on_time
-6946957915671022744-2407072358-15,42,Berlin Beusselstraße|Berlin Jungfernheide (S)|Berlin Westend|Berlin Messe Nord/ICC (Witzleben)|Berlin Westkreuz|Berlin-Halensee|Berlin Hohenzollerndamm|Berlin Heidelberger Platz|Berlin Bundesplatz|Berlin Innsbrucker Platz|Berlin-Schöneberg|Berlin Südkreuz (S)|Berlin-Tempelhof|Berlin Hermannstraße,8089077,3,Berlin-Neukölln,Berlin,Berlin,12055,13.44306,52.46942,2024-07-08T00:28:00,2024-07-08T00:28:00,2024-07-08T00:28:00,2024-07-08T00:28:00,0,0,,on_time,on_time
1959714227586052913-2407080008-14,41,Berlin Beusselstraße|Berlin Westhafen|Berlin-Wedding|Berlin Gesundbrunnen(S)|Berlin Schönhauser Allee|Berlin Prenzlauer Allee|Berlin Greifswalder Str|Berlin Landsberger Allee|Berlin Storkower Str|Berlin Frankfurter Allee|Berlin Ostkreuz (S)|Berlin Treptower Park|Berlin Sonnenallee,8089077,3,Berlin-Neukölln,Berlin,Berlin,12055,13.44306,52.46942,2024-07-08T00:37:00,2024-07-08T00:37:00,2024-07-08T00:37:00,2024-07-08T00:37:00,0,0,,on_time,on_time
3882944869250236994-2407080018-15,42,Berlin Beusselstraße|Berlin Jungfernheide (S)|Berlin Westend|Berlin Messe Nord/ICC (Witzleben)|Berlin Westkreuz|Berlin-Halensee|Berlin Hohenzollerndamm|Berlin Heidelberger Platz|Berlin Bundesplatz|Berlin Innsbrucker Platz|Berlin-Schöneberg|Berlin Südkreuz (S)|Berlin-Tempelhof|Berlin Hermannstraße,8089077,3,Berlin-Neukölln,Berlin,Berlin,12055,13.44306,52.46942,2024-07-08T00:48:00,2024-07-08T00:48:00,2024-07-08T00:48:00,2024-07-08T00:48:00,0,0,,on_time,on_time
8444775672791196589-2407072357-11,45,Flughafen BER (S-Bahn)|Waßmannsdorf|Schönefeld(bei Berlin)|Berlin Grünbergallee|Berlin-Altglienicke|Berlin-Adlershof|Berlin-Johannisthal|Berlin-Schöneweide (S)|Berlin Baumschulenweg|Berlin Köllnische Heide,8089077,3,Berlin-Neukölln,Berlin,Berlin,12055,13.44306,52.46942,2024-07-08T00:29:00,2024-07-08T00:30:00,2024-07-08T00:29:00,2024-07-08T00:30:00,0,0,,on_time,on_time
-9077484454598909267-2407080018-14,41,Berlin Beusselstraße|Berlin Westhafen|Berlin-Wedding|Berlin Gesundbrunnen(S)|Berlin Schönhauser Allee|Berlin Prenzlauer Allee|Berlin Greifswalder Str|Berlin Landsberger Allee|Berlin Storkower Str|Berlin Frankfurter Allee|Berlin Ostkreuz (S)|Berlin Treptower Park|Berlin Sonnenallee,8089077,3,Berlin-Neukölln,Berlin,Berlin,12055,13.44306,52.46942,2024-07-08T00:47:00,2024-07-08T00:47:00,2024-07-08T00:47:00,2024-07-08T00:47:00,0,0,,on_time,on_time
4387045462730231935-2407072358-13,46,Berlin Westend|Berlin Messe Nord/ICC (Witzleben)|Berlin Westkreuz|Berlin-Halensee|Berlin Hohenzollerndamm|Berlin Heidelberger Platz|Berlin Bundesplatz|Berlin Innsbrucker Platz|Berlin-Schöneberg|Berlin Südkreuz (S)|Berlin-Tempelhof|Berlin Hermannstraße,8089077,3,Berlin-Neukölln,Berlin,Berlin,12055,13.44306,52.46942,2024-07-08T00:22:00,2024-07-08T00:23:00,2024-07-08T00:22:00,2024-07-08T00:23:00,0,0,,on_time,on_time
-7716129685769370088-2407080001-11,46,Königs Wusterhausen|Wildau|Zeuthen|Eichwalde|Berlin-Grünau|Berlin-Adlershof|Berlin-Johannisthal|Berlin-Schöneweide (S)|Berlin Baumschulenweg|Berlin Köllnische Heide,8089077,3,Berlin-Neukölln,Berlin,Berlin,12055,13.44306,52.46942,2024-07-08T00:32:00,2024-07-08T00:33:00,2024-07-08T00:32:00,2024-07-08T00:33:00,0,0,,on_time,on_time
-2790898132614475060-2407080008-15,42,Berlin Beusselstraße|Berlin Jungfernheide (S)|Berlin Westend|Berlin Messe Nord/ICC (Witzleben)|Berlin Westkreuz|Berlin-Halensee|Berlin Hohenzollerndamm|Berlin Heidelberger Platz|Berlin Bundesplatz|Berlin Innsbrucker Platz|Berlin-Schöneberg|Berlin Südkreuz (S)|Berlin-Tempelhof|Berlin Hermannstraße,8089077,3,Berlin-Neukölln,Berlin,Berlin,12055,13.44306,52.46942,2024-07-08T00:38:00,2024-07-08T00:38:00,2024-07-08T00:38:00,2024-07-08T00:38:00,0,0,,on_time,on_time
5776070001612816527-2407080028-15,42,Berlin Beusselstraße|Berlin Jungfernheide (S)|Berlin Westend|Berlin Messe Nord/ICC (Witzleben)|Berlin Westkreuz|Berlin-Halensee|Berlin Hohenzollerndamm|Berlin Heidelberger Platz|Berlin Bundesplatz|Berlin Innsbrucker Platz|Berlin-Schöneberg|Berlin Südkreuz (S)|Berlin-Tempelhof|Berlin Hermannstraße,8089077,3,Berlin-Neukölln,Berlin,Berlin,12055,13.44306,52.46942,2024-07-08T00:58:00,2024-07-08T00:58:00,,,0,0,,on_time,on_time
6514326782731112305-2407072338-13,46,Berlin Westend|Berlin Messe Nord/ICC (Witzleben)|Berlin Westkreuz|Berlin-Halensee|Berlin Hohenzollerndamm|Berlin Heidelberger Platz|Berlin Bundesplatz|Berlin Innsbrucker Platz|Berlin-Schöneberg|Berlin Südkreuz (S)|Berlin-Tempelhof|Berlin Hermannstraße,8089077,3,Berlin-Neukölln,Berlin,Berlin,12055,13.44306,52.46942,2024-07-08T00:02:00,2024-07-08T00:03:00,2024-07-08T00:03:00,2024-07-08T00:03:00,1,0,,on_time,on_time
2396266568734110016-2407080021-11,46,Königs Wusterhausen|Wildau|Zeuthen|Eichwalde|Berlin-Grünau|Berlin-Adlershof|Berlin-Johannisthal|Berlin-Schöneweide (S)|Berlin Baumschulenweg|Berlin Köllnische Heide,8089077,3,Berlin-Neukölln,Berlin,Berlin,12055,13.44306,52.46942,2024-07-08T00:52:00,2024-07-08T00:53:00,,,0,0,,on_time,on_time
-1953822519201541759-2407072348-15,42,Berlin Beusselstraße|Berlin Jungfernheide (S)|Berlin Westend|Berlin Messe Nord/ICC (Witzleben)|Berlin Westkreuz|Berlin-Halensee|Berlin Hohenzollerndamm|Berlin Heidelberger Platz|Berlin Bundesplatz|Berlin Innsbrucker Platz|Berlin-Schöneberg|Berlin Südkreuz (S)|Berlin-Tempelhof|Berlin Hermannstraße,8089077,3,Berlin-Neukölln,Berlin,Berlin,12055,13.44306,52.46942,2024-07-08T00:18:00,2024-07-08T00:18:00,2024-07-08T00:18:00,2024-07-08T00:18:00,0,0,,on_time,on_time
-7977806028619017735-2407072358-14,41,Berlin Beusselstraße|Berlin Westhafen|Berlin-Wedding|Berlin Gesundbrunnen(S)|Berlin Schönhauser Allee|Berlin Prenzlauer Allee|Berlin Greifswalder Str|Berlin Landsberger Allee|Berlin Storkower Str|Berlin Frankfurter Allee|Berlin Ostkreuz (S)|Berlin Treptower Park|Berlin Sonnenallee,8089077,3,Berlin-Neukölln,Berlin,Berlin,12055,13.44306,52.46942,2024-07-08T00:27:00,2024-07-08T00:27:00,2024-07-08T00:27:00,2024-07-08T00:27:00,0,0,,on_time,on_time
-1871879830496714182-2407080008-4,45,Berlin Südkreuz (S)|Berlin-Tempelhof|Berlin Hermannstraße,8089077,3,Berlin-Neukölln,Berlin,Berlin,12055,13.44306,52.46942,2024-07-08T00:15:00,2024-07-08T00:16:00,2024-07-08T00:15:00,2024-07-08T00:16:00,0,0,,on_time,on_time
6742226968666454536-2407072348-14,41,Berlin Beusselstraße|Berlin Westhafen|Berlin-Wedding|Berlin Gesundbrunnen(S)|Berlin Schönhauser Allee|Berlin Prenzlauer Allee|Berlin Greifswalder Str|Berlin Landsberger Allee|Berlin Storkower Str|Berlin Frankfurter Allee|Berlin Ostkreuz (S)|Berlin Treptower Park|Berlin Sonnenallee,8089077,3,Berlin-Neukölln,Berlin,Berlin,12055,13.44306,52.46942,2024-07-08T00:17:00,2024-07-08T00:17:00,2024-07-08T00:17:00,2024-07-08T00:17:00,0,0,,on_time,on_time
-8236367455607985793-2407080018-13,46,Berlin Westend|Berlin Messe Nord/ICC (Witzleben)|Berlin Westkreuz|Berlin-Halensee|Berlin Hohenzollerndamm|Berlin Heidelberger Platz|Berlin Bundesplatz|Berlin Innsbrucker Platz|Berlin-Schöneberg|Berlin Südkreuz (S)|Berlin-Tempelhof|Berlin Hermannstraße,8089077,3,Berlin-Neukölln,Berlin,Berlin,12055,13.44306,52.46942,2024-07-08T00:42:00,2024-07-08T00:43:00,2024-07-08T00:42:00,2024-07-08T00:43:00,0,0,,on_time,on_time
-1523060404600637285-2407072338-14,41,Berlin Beusselstraße|Berlin Westhafen|Berlin-Wedding|Berlin Gesundbrunnen(S)|Berlin Schönhauser Allee|Berlin Prenzlauer Allee|Berlin Greifswalder Str|Berlin Landsberger Allee|Berlin Storkower Str|Berlin Frankfurter Allee|Berlin Ostkreuz (S)|Berlin Treptower Park|Berlin Sonnenallee,8089077,3,Berlin-Neukölln,Berlin,Berlin,12055,13.44306,52.46942,2024-07-08T00:07:00,2024-07-08T00:07:00,2024-07-08T00:07:00,2024-07-08T00:07:00,0,0,,on_time,on_time
1160641199814617012-2407072337-11,45,Flughafen BER (S-Bahn)|Waßmannsdorf|Schönefeld(bei Berlin)|Berlin Grünbergallee|Berlin-Altglienicke|Berlin-Adlershof|Berlin-Johannisthal|Berlin-Schöneweide (S)|Berlin Baumschulenweg|Berlin Köllnische Heide,8089077,3,Berlin-Neukölln,Berlin,Berlin,12055,13.44306,52.46942,2024-07-08T00:09:00,2024-07-08T00:10:00,2024-07-08T00:09:00,2024-07-08T00:10:00,0,0,,on_time,on_time
-2733780506631969783-2407072338-15,42,Berlin Beusselstraße|Berlin Jungfernheide (S)|Berlin Westend|Berlin Messe Nord/ICC (Witzleben)|Berlin Westkreuz|Berlin-Halensee|Berlin Hohenzollerndamm|Berlin Heidelberger Platz|Berlin Bundesplatz|Berlin Innsbrucker Platz|Berlin-Schöneberg|Berlin Südkreuz (S)|Berlin-Tempelhof|Berlin Hermannstraße,8089077,3,Berlin-Neukölln,Berlin,Berlin,12055,13.44306,52.46942,2024-07-08T00:08:00,2024-07-08T00:08:00,2024-07-08T00:08:00,2024-07-08T00:08:00,0,0,,on_time,on_time
3564208461273482936-2407080017-11,45,Flughafen BER (S-Bahn)|Waßmannsdorf|Schönefeld(bei Berlin)|Berlin Grünbergallee|Berlin-Altglienicke|Berlin-Adlershof|Berlin-Johannisthal|Berlin-Schöneweide (S)|Berlin Baumschulenweg|Berlin Köllnische Heide,8089077,3,Berlin-Neukölln,Berlin,Berlin,12055,13.44306,52.46942,2024-07-08T00:49:00,2024-07-08T00:50:00,2024-07-08T00:49:00,2024-07-08T00:50:00,0,0,,on_time,on_time
-1308595689782672773-2407080000-20,2,Blankenfelde (S)|Mahlow|Berlin-Lichtenrade|Berlin Schichauweg|Berlin Buckower Chaussee|Berlin-Marienfelde|Berlin Attilastr.|Berlin Priesterweg|Berlin Südkreuz (S)|Berlin Yorckstr.(S2)|Berlin Anhalter Bf|Berlin Potsdamer Platz (S)|Berlin Brandenburger Tor|Berlin Friedrichstraße (S)|Berlin Oranienburger Straße|Berlin Nordbahnhof|Berlin Humboldthain|Berlin Gesundbrunnen(S)|Berlin Bornholmer Str.,8089080,5,Berlin-Pankow,Berlin,Berlin,13187,13.41077,52.566477,2024-07-08T00:52:00,2024-07-08T00:53:00,2024-07-08T00:52:00,2024-07-08T00:53:00,0,0,,on_time,on_time
-5016423122386993955-2407072329-16,8,Berlin-Grünau|Berlin-Adlershof|Berlin-Johannisthal|Berlin-Schöneweide (S)|Berlin Baumschulenweg|Berlin Plänterwald|Berlin Treptower Park|Berlin Ostkreuz (S)|Berlin Frankfurter Allee|Berlin Storkower Str|Berlin Landsberger Allee|Berlin Greifswalder Str|Berlin Prenzlauer Allee|Berlin Schönhauser Allee|Berlin Bornholmer Str.,8089080,5,Berlin-Pankow,Berlin,Berlin,13187,13.41077,52.566477,2024-07-08T00:07:00,2024-07-08T00:07:00,2024-07-08T00:07:00,2024-07-08T00:07:00,0,0,,on_time,on_time
3983164985221343074-2407072340-20,2,Blankenfelde (S)|Mahlow|Berlin-Lichtenrade|Berlin Schichauweg|Berlin Buckower Chaussee|Berlin-Marienfelde|Berlin Attilastr.|Berlin Priesterweg|Berlin Südkreuz (S)|Berlin Yorckstr.(S2)|Berlin Anhalter Bf|Berlin Potsdamer Platz (S)|Berlin Brandenburger Tor|Berlin Friedrichstraße (S)|Berlin Oranienburger Straße|Berlin Nordbahnhof|Berlin Humboldthain|Berlin Gesundbrunnen(S)|Berlin Bornholmer Str.,8089080,5,Berlin-Pankow,Berlin,Berlin,13187,13.41077,52.566477,2024-07-08T00:30:00,2024-07-08T00:31:00,2024-07-08T00:30:00,2024-07-08T00:31:00,0,0,,on_time,on_time
-499427496553395051-2407080025-3,8,Berlin-Blankenburg|Berlin-Pankow-Heinersdorf,8089080,5,Berlin-Pankow,Berlin,Berlin,13187,13.41077,52.566477,2024-07-08T00:29:00,2024-07-08T00:30:00,,,0,0,,on_time,on_time
1523711802490226836-2407080023-9,2,Bernau (S)|Bernau-Friedenstal|Zepernick(Bernau)|Röntgental|Berlin-Buch|Berlin-Karow|Berlin-Blankenburg|Berlin-Pankow-Heinersdorf,8089080,5,Berlin-Pankow,Berlin,Berlin,13187,13.41077,52.566477,2024-07-08T00:45:00,2024-07-08T00:45:00,,,0,0,,on_time,on_time
-5738915798531129536-2407072343-9,2,Bernau (S)|Bernau-Friedenstal|Zepernick(Bernau)|Röntgental|Berlin-Buch|Berlin-Karow|Berlin-Blankenburg|Berlin-Pankow-Heinersdorf,8089080,5,Berlin-Pankow,Berlin,Berlin,13187,13.41077,52.566477,2024-07-08T00:05:00,2024-07-08T00:05:00,2024-07-08T00:07:00,2024-07-08T00:08:00,2,3,,on_time,on_time
4341046623733827144-2407080050-1,8,,8089080,5,Berlin-Pankow,Berlin,Berlin,13187,13.41077,52.566477,,2024-07-08T00:50:00,,,0,0,,on_time,on_time
7453506468933069990-2407080005-3,8,Berlin-Blankenburg|Berlin-Pankow-Heinersdorf,8089080,5,Berlin-Pankow,Berlin,Berlin,13187,13.41077,52.566477,2024-07-08T00:09:00,2024-07-08T00:10:00,2024-07-08T00:09:00,2024-07-08T00:10:00,0,0,,on_time,on_time
-8301379295245375921-2407080003-9,2,Bernau (S)|Bernau-Friedenstal|Zepernick(Bernau)|Röntgental|Berlin-Buch|Berlin-Karow|Berlin-Blankenburg|Berlin-Pankow-Heinersdorf,8089080,5,Berlin-Pankow,Berlin,Berlin,13187,13.41077,52.566477,2024-07-08T00:25:00,2024-07-08T00:25:00,2024-07-08T00:25:00,2024-07-08T00:25:00,0,0,,on_time,on_time
-2105664261925506836-2407072349-16,8,Berlin-Grünau|Berlin-Adlershof|Berlin-Johannisthal|Berlin-Schöneweide (S)|Berlin Baumschulenweg|Berlin Plänterwald|Berlin Treptower Park|Berlin Ostkreuz (S)|Berlin Frankfurter Allee|Berlin Storkower Str|Berlin Landsberger Allee|Berlin Greifswalder Str|Berlin Prenzlauer Allee|Berlin Schönhauser Allee|Berlin Bornholmer Str.,8089080,5,Berlin-Pankow,Berlin,Berlin,13187,13.41077,52.566477,2024-07-08T00:27:00,2024-07-08T00:27:00,2024-07-08T00:27:00,2024-07-08T00:27:00,0,0,,on_time,on_time
-4818159422843870228-2407072320-20,2,Blankenfelde (S)|Mahlow|Berlin-Lichtenrade|Berlin Schichauweg|Berlin Buckower Chaussee|Berlin-Marienfelde|Berlin Attilastr.|Berlin Priesterweg|Berlin Südkreuz (S)|Berlin Yorckstr.(S2)|Berlin Anhalter Bf|Berlin Potsdamer Platz (S)|Berlin Brandenburger Tor|Berlin Friedrichstraße (S)|Berlin Oranienburger Straße|Berlin Nordbahnhof|Berlin Humboldthain|Berlin Gesundbrunnen(S)|Berlin Bornholmer Str.,8089080,5,Berlin-Pankow,Berlin,Berlin,13187,13.41077,52.566477,2024-07-08T00:10:00,2024-07-08T00:11:00,2024-07-08T00:10:00,2024-07-08T00:11:00,0,0,,on_time,on_time
-3443871486920457923-2407080026-3,3,Berlin-Karlshorst (S)|Berlin Betriebsbf Rummelsburg,8089084,4,Berlin-Rummelsburg,Berlin,Berlin,10317,13.478362,52.501309,2024-07-08T00:31:00,2024-07-08T00:31:00,,,0,0,,on_time,on_time
8618826681962089450-2407080046-3,3,Berlin-Karlshorst (S)|Berlin Betriebsbf Rummelsburg,8089084,4,Berlin-Rummelsburg,Berlin,Berlin,10317,13.478362,52.501309,2024-07-08T00:51:00,2024-07-08T00:51:00,,,0,0,,on_time,on_time
7163837928386534196-2407072328-21,3,Berlin-Spandau (S)|Berlin-Stresow|Berlin-Pichelsberg|Berlin Olympiastadion|Berlin Heerstraße|Berlin Messe Süd (Eichkamp)|Berlin Westkreuz|Berlin Charlottenburg (S)|Berlin Savignyplatz|Berlin Zoologischer Garten (S)|Berlin-Tiergarten|Berlin Bellevue|Berlin Hbf (S-Bahn)|Berlin Friedrichstraße (S)|Berlin Hackescher Markt|Berlin Alexanderplatz (S)|Berlin Jannowitzbrücke|Berlin Ostbahnhof (S)|Berlin Warschauer Straße|Berlin Ostkreuz (S),8089084,4,Berlin-Rummelsburg,Berlin,Berlin,10317,13.478362,52.501309,2024-07-08T00:13:00,2024-07-08T00:13:00,2024-07-08T00:13:00,2024-07-08T00:13:00,0,0,,on_time,on_time
2104147134298974835-2407080018-16,3,Berlin-Grunewald|Berlin Westkreuz|Berlin Charlottenburg (S)|Berlin Savignyplatz|Berlin Zoologischer Garten (S)|Berlin-Tiergarten|Berlin Bellevue|Berlin Hbf (S-Bahn)|Berlin Friedrichstraße (S)|Berlin Hackescher Markt|Berlin Alexanderplatz (S)|Berlin Jannowitzbrücke|Berlin Ostbahnhof (S)|Berlin Warschauer Straße|Berlin Ostkreuz (S),8089084,4,Berlin-Rummelsburg,Berlin,Berlin,10317,13.478362,52.501309,2024-07-08T00:53:00,2024-07-08T00:53:00,,,0,0,,on_time,on_time
-15857278624983196-2407072356-3,3,Berlin-Karlshorst (S)|Berlin Betriebsbf Rummelsburg,8089084,4,Berlin-Rummelsburg,Berlin,Berlin,10317,13.478362,52.501309,2024-07-08T00:01:00,2024-07-08T00:01:00,2024-07-08T00:01:00,2024-07-08T00:01:00,0,0,,on_time,on_time
-1050123829049800495-2407080006-3,3,Berlin-Karlshorst (S)|Berlin Betriebsbf Rummelsburg,8089084,4,Berlin-Rummelsburg,Berlin,Berlin,10317,13.478362,52.501309,2024-07-08T00:11:00,2024-07-08T00:11:00,2024-07-08T00:11:00,2024-07-08T00:11:00,0,0,,on_time,on_time
-7947120674196542913-2407072348-21,3,Berlin-Spandau (S)|Berlin-Stresow|Berlin-Pichelsberg|Berlin Olympiastadion|Berlin Heerstraße|Berlin Messe Süd (Eichkamp)|Berlin Westkreuz|Berlin Charlottenburg (S)|Berlin Savignyplatz|Berlin Zoologischer Garten (S)|Berlin-Tiergarten|Berlin Bellevue|Berlin Hbf (S-Bahn)|Berlin Friedrichstraße (S)|Berlin Hackescher Markt|Berlin Alexanderplatz (S)|Berlin Jannowitzbrücke|Berlin Ostbahnhof (S)|Berlin Warschauer Straße|Berlin Ostkreuz (S),8089084,4,Berlin-Rummelsburg,Berlin,Berlin,10317,13.478362,52.501309,2024-07-08T00:33:00,2024-07-08T00:33:00,2024-07-08T00:33:00,2024-07-08T00:33:00,0,0,,on_time,on_time
-2772813503463081835-2407072357-4,3,Berlin Ostbahnhof (S)|Berlin Warschauer Straße|Berlin Ostkreuz (S),8089084,4,Berlin-Rummelsburg,Berlin,Berlin,10317,13.478362,52.501309,2024-07-08T00:03:00,2024-07-08T00:03:00,2024-07-08T00:03:00,2024-07-08T00:03:00,0,0,,on_time,on_time
7649088808996046723-2407080014-3,1,Berlin-Wannsee (S)|Berlin-Nikolassee,8089085,4,Berlin-Schlachtensee,Berlin,Berlin,14129,13.215025,52.439976,2024-07-08T00:18:00,2024-07-08T00:18:00,2024-07-08T00:18:00,2024-07-08T00:18:00,0,0,,on_time,on_time
-7859647027126299844-2407080054-3,1,Berlin-Wannsee (S)|Berlin-Nikolassee,8089085,4,Berlin-Schlachtensee,Berlin,Berlin,14129,13.215025,52.439976,2024-07-08T00:58:00,2024-07-08T00:58:00,,,0,0,,on_time,on_time
-1619243212090648182-2407072251-33,1,Oranienburg|Lehnitz|Borgsdorf|Birkenwerder(b Berlin)|Hohen Neuendorf(b Berlin)|Berlin-Frohnau|Berlin-Hermsdorf|Berlin-Waidmannslust|Berlin-Wittenau (Wilhelmsruher Damm)|Berlin-Wilhelmsruh|Berlin-Schönholz|Berlin Wollankstraße|Berlin Bornholmer Str.|Berlin Gesundbrunnen(S)|Berlin Humboldthain|Berlin Nordbahnhof|Berlin Oranienburger Straße|Berlin Friedrichstraße (S)|Berlin Brandenburger Tor|Berlin Potsdamer Platz (S)|Berlin Anhalter Bf|Berlin Yorckstr.(S1)|Berlin Julius-Leber-Brücke|Berlin-Schöneberg|Berlin-Friedenau|Berlin Feuerbachstr.|Berlin Rathaus Steglitz|Berlin Botanischer Garten|Berlin-Lichterfelde West|Berlin Sundgauer Str|Berlin-Zehlendorf|Berlin Mexikoplatz,8089085,4,Berlin-Schlachtensee,Berlin,Berlin,14129,13.215025,52.439976,2024-07-08T00:07:00,2024-07-08T00:07:00,2024-07-08T00:08:00,2024-07-08T00:08:00,1,1,,on_time,on_time
-2384604348370111441-2407072311-33,1,Oranienburg|Lehnitz|Borgsdorf|Birkenwerder(b Berlin)|Hohen Neuendorf(b Berlin)|Berlin-Frohnau|Berlin-Hermsdorf|Berlin-Waidmannslust|Berlin-Wittenau (Wilhelmsruher Damm)|Berlin-Wilhelmsruh|Berlin-Schönholz|Berlin Wollankstraße|Berlin Bornholmer Str.|Berlin Gesundbrunnen(S)|Berlin Humboldthain|Berlin Nordbahnhof|Berlin Oranienburger Straße|Berlin Friedrichstraße (S)|Berlin Brandenburger Tor|Berlin Potsdamer Platz (S)|Berlin Anhalter Bf|Berlin Yorckstr.(S1)|Berlin Julius-Leber-Brücke|Berlin-Schöneberg|Berlin-Friedenau|Berlin Feuerbachstr.|Berlin Rathaus Steglitz|Berlin Botanischer Garten|Berlin-Lichterfelde West|Berlin Sundgauer Str|Berlin-Zehlendorf|Berlin Mexikoplatz,8089085,4,Berlin-Schlachtensee,Berlin,Berlin,14129,13.215025,52.439976,2024-07-08T00:27:00,2024-07-08T00:27:00,2024-07-08T00:27:00,2024-07-08T00:27:00,0,0,,on_time,on_time
-4475853834191571998-2407072331-33,1,Oranienburg|Lehnitz|Borgsdorf|Birkenwerder(b Berlin)|Hohen Neuendorf(b Berlin)|Berlin-Frohnau|Berlin-Hermsdorf|Berlin-Waidmannslust|Berlin-Wittenau (Wilhelmsruher Damm)|Berlin-Wilhelmsruh|Berlin-Schönholz|Berlin Wollankstraße|Berlin Bornholmer Str.|Berlin Gesundbrunnen(S)|Berlin Humboldthain|Berlin Nordbahnhof|Berlin Oranienburger Straße|Berlin Friedrichstraße (S)|Berlin Brandenburger Tor|Berlin Potsdamer Platz (S)|Berlin Anhalter Bf|Berlin Yorckstr.(S1)|Berlin Julius-Leber-Brücke|Berlin-Schöneberg|Berlin-Friedenau|Berlin Feuerbachstr.|Berlin Rathaus Steglitz|Berlin Botanischer Garten|Berlin-Lichterfelde West|Berlin Sundgauer Str|Berlin-Zehlendorf|Berlin Mexikoplatz,8089085,4,Berlin-Schlachtensee,Berlin,Berlin,14129,13.215025,52.439976,2024-07-08T00:47:00,2024-07-08T00:47:00,2024-07-08T00:47:00,2024-07-08T00:47:00,0,0,,on_time,on_time
-4275406157660819340-2407080034-3,1,Berlin-Wannsee (S)|Berlin-Nikolassee,8089085,4,Berlin-Schlachtensee,Berlin,Berlin,14129,13.215025,52.439976,2024-07-08T00:38:00,2024-07-08T00:38:00,,,0,0,,on_time,on_time
-8189148788276870459-2407072341-15,46,Königs Wusterhausen|Wildau|Zeuthen|Eichwalde|Berlin-Grünau|Berlin-Adlershof|Berlin-Johannisthal|Berlin-Schöneweide (S)|Berlin Baumschulenweg|Berlin Köllnische Heide|Berlin-Neukölln|Berlin Hermannstraße|Berlin-Tempelhof|Berlin Südkreuz (S),8089474,4,Schöneberg,Berlin,Berlin,10827,13.352068,52.479377,2024-07-08T00:22:00,2024-07-08T00:23:00,,,0,0,,on_time,on_time
-6946957915671022744-2407072358-11,42,Berlin Beusselstraße|Berlin Jungfernheide (S)|Berlin Westend|Berlin Messe Nord/ICC (Witzleben)|Berlin Westkreuz|Berlin-Halensee|Berlin Hohenzollerndamm|Berlin Heidelberger Platz|Berlin Bundesplatz|Berlin Innsbrucker Platz,8089474,4,Schöneberg,Berlin,Berlin,10827,13.352068,52.479377,2024-07-08T00:18:00,2024-07-08T00:18:00,2024-07-08T00:18:00,2024-07-08T00:18:00,0,0,,on_time,on_time
1959714227586052913-2407080008-18,41,Berlin Beusselstraße|Berlin Westhafen|Berlin-Wedding|Berlin Gesundbrunnen(S)|Berlin Schönhauser Allee|Berlin Prenzlauer Allee|Berlin Greifswalder Str|Berlin Landsberger Allee|Berlin Storkower Str|Berlin Frankfurter Allee|Berlin Ostkreuz (S)|Berlin Treptower Park|Berlin Sonnenallee|Berlin-Neukölln|Berlin Hermannstraße|Berlin-Tempelhof|Berlin Südkreuz (S),8089474,4,Schöneberg,Berlin,Berlin,10827,13.352068,52.479377,2024-07-08T00:47:00,2024-07-08T00:47:00,2024-07-08T00:47:00,2024-07-08T00:47:00,0,0,,on_time,on_time
-55396792884219896-2407072321-15,46,Königs Wusterhausen|Wildau|Zeuthen|Eichwalde|Berlin-Grünau|Berlin-Adlershof|Berlin-Johannisthal|Berlin-Schöneweide (S)|Berlin Baumschulenweg|Berlin Köllnische Heide|Berlin-Neukölln|Berlin Hermannstraße|Berlin-Tempelhof|Berlin Südkreuz (S),8089474,4,Schöneberg,Berlin,Berlin,10827,13.352068,52.479377,2024-07-08T00:02:00,2024-07-08T00:03:00,2024-07-08T00:02:00,2024-07-08T00:03:00,0,0,,on_time,on_time
3882944869250236994-2407080018-11,42,Berlin Beusselstraße|Berlin Jungfernheide (S)|Berlin Westend|Berlin Messe Nord/ICC (Witzleben)|Berlin Westkreuz|Berlin-Halensee|Berlin Hohenzollerndamm|Berlin Heidelberger Platz|Berlin Bundesplatz|Berlin Innsbrucker Platz,8089474,4,Schöneberg,Berlin,Berlin,10827,13.352068,52.479377,2024-07-08T00:38:00,2024-07-08T00:38:00,2024-07-08T00:38:00,2024-07-08T00:38:00,0,0,,on_time,on_time
8444775672791196589-2407072357-15,45,Flughafen BER (S-Bahn)|Waßmannsdorf|Schönefeld(bei Berlin)|Berlin Grünbergallee|Berlin-Altglienicke|Berlin-Adlershof|Berlin-Johannisthal|Berlin-Schöneweide (S)|Berlin Baumschulenweg|Berlin Köllnische Heide|Berlin-Neukölln|Berlin Hermannstraße|Berlin-Tempelhof|Berlin Südkreuz (S),8089474,4,Schöneberg,Berlin,Berlin,10827,13.352068,52.479377,2024-07-08T00:39:00,2024-07-08T00:40:00,2024-07-08T00:39:00,2024-07-08T00:40:00,0,0,,on_time,on_time
-9077484454598909267-2407080018-18,41,Berlin Beusselstraße|Berlin Westhafen|Berlin-Wedding|Berlin Gesundbrunnen(S)|Berlin Schönhauser Allee|Berlin Prenzlauer Allee|Berlin Greifswalder Str|Berlin Landsberger Allee|Berlin Storkower Str|Berlin Frankfurter Allee|Berlin Ostkreuz (S)|Berlin Treptower Park|Berlin Sonnenallee|Berlin-Neukölln|Berlin Hermannstraße|Berlin-Tempelhof|Berlin Südkreuz (S),8089474,4,Schöneberg,Berlin,Berlin,10827,13.352068,52.479377,2024-07-08T00:57:00,2024-07-08T00:57:00,2024-07-08T00:57:00,2024-07-08T00:57:00,0,0,,on_time,on_time
8676169454658901758-2407072351-24,1,Oranienburg|Lehnitz|Borgsdorf|Birkenwerder(b Berlin)|Hohen Neuendorf(b Berlin)|Berlin-Frohnau|Berlin-Hermsdorf|Berlin-Waidmannslust|Berlin-Wittenau (Wilhelmsruher Damm)|Berlin-Wilhelmsruh|Berlin-Schönholz|Berlin Wollankstraße|Berlin Bornholmer Str.|Berlin Gesundbrunnen(S)|Berlin Humboldthain|Berlin Nordbahnhof|Berlin Oranienburger Straße|Berlin Friedrichstraße (S)|Berlin Brandenburger Tor|Berlin Potsdamer Platz (S)|Berlin Anhalter Bf|Berlin Yorckstr.(S1)|Berlin Julius-Leber-Brücke,8089474,4,Schöneberg,Berlin,Berlin,10827,13.352068,52.479377,2024-07-08T00:48:00,2024-07-08T00:48:00,2024-07-08T00:48:00,2024-07-08T00:48:00,0,0,,on_time,on_time
7649088808996046723-2407080014-12,1,Berlin-Wannsee (S)|Berlin-Nikolassee|Berlin-Schlachtensee|Berlin Mexikoplatz|Berlin-Zehlendorf|Berlin Sundgauer Str|Berlin-Lichterfelde West|Berlin Botanischer Garten|Berlin Rathaus Steglitz|Berlin Feuerbachstr.|Berlin-Friedenau,8089474,4,Schöneberg,Berlin,Berlin,10827,13.352068,52.479377,2024-07-08T00:36:00,2024-07-08T00:37:00,2024-07-08T00:36:00,2024-07-08T00:37:00,0,0,,on_time,on_time
4387045462730231935-2407072358-9,46,Berlin Westend|Berlin Messe Nord/ICC (Witzleben)|Berlin Westkreuz|Berlin-Halensee|Berlin Hohenzollerndamm|Berlin Heidelberger Platz|Berlin Bundesplatz|Berlin Innsbrucker Platz,8089474,4,Schöneberg,Berlin,Berlin,10827,13.352068,52.479377,2024-07-08T00:12:00,2024-07-08T00:13:00,2024-07-08T00:12:00,2024-07-08T00:13:00,0,0,,on_time,on_time
3411058158594026962-2407072328-18,41,Berlin Beusselstraße|Berlin Westhafen|Berlin-Wedding|Berlin Gesundbrunnen(S)|Berlin Schönhauser Allee|Berlin Prenzlauer Allee|Berlin Greifswalder Str|Berlin Landsberger Allee|Berlin Storkower Str|Berlin Frankfurter Allee|Berlin Ostkreuz (S)|Berlin Treptower Park|Berlin Sonnenallee|Berlin-Neukölln|Berlin Hermannstraße|Berlin-Tempelhof|Berlin Südkreuz (S),8089474,4,Schöneberg,Berlin,Berlin,10827,13.352068,52.479377,2024-07-08T00:07:00,2024-07-08T00:07:00,2024-07-08T00:07:00,2024-07-08T00:07:00,0,0,,on_time,on_time
-2790898132614475060-2407080008-11,42,Berlin Beusselstraße|Berlin Jungfernheide (S)|Berlin Westend|Berlin Messe Nord/ICC (Witzleben)|Berlin Westkreuz|Berlin-Halensee|Berlin Hohenzollerndamm|Berlin Heidelberger Platz|Berlin Bundesplatz|Berlin Innsbrucker Platz,8089474,4,Schöneberg,Berlin,Berlin,10827,13.352068,52.479377,2024-07-08T00:28:00,2024-07-08T00:28:00,2024-07-08T00:28:00,2024-07-08T00:28:00,0,0,,on_time,on_time
5776070001612816527-2407080028-11,42,Berlin Beusselstraße|Berlin Jungfernheide (S)|Berlin Westend|Berlin Messe Nord/ICC (Witzleben)|Berlin Westkreuz|Berlin-Halensee|Berlin Hohenzollerndamm|Berlin Heidelberger Platz|Berlin Bundesplatz|Berlin Innsbrucker Platz,8089474,4,Schöneberg,Berlin,Berlin,10827,13.352068,52.479377,2024-07-08T00:48:00,2024-07-08T00:48:00,,,0,0,,on_time,on_time
-2384604348370111441-2407072311-24,1,Oranienburg|Lehnitz|Borgsdorf|Birkenwerder(b Berlin)|Hohen Neuendorf(b Berlin)|Berlin-Frohnau|Berlin-Hermsdorf|Berlin-Waidmannslust|Berlin-Wittenau (Wilhelmsruher Damm)|Berlin-Wilhelmsruh|Berlin-Schönholz|Berlin Wollankstraße|Berlin Bornholmer Str.|Berlin Gesundbrunnen(S)|Berlin Humboldthain|Berlin Nordbahnhof|Berlin Oranienburger Straße|Berlin Friedrichstraße (S)|Berlin Brandenburger Tor|Berlin Potsdamer Platz (S)|Berlin Anhalter Bf|Berlin Yorckstr.(S1)|Berlin Julius-Leber-Brücke,8089474,4,Schöneberg,Berlin,Berlin,10827,13.352068,52.479377,2024-07-08T00:08:00,2024-07-08T00:08:00,2024-07-08T00:09:00,2024-07-08T00:09:00,1,1,,on_time,on_time
-1953822519201541759-2407072348-11,42,Berlin Beusselstraße|Berlin Jungfernheide (S)|Berlin Westend|Berlin Messe Nord/ICC (Witzleben)|Berlin Westkreuz|Berlin-Halensee|Berlin Hohenzollerndamm|Berlin Heidelberger Platz|Berlin Bundesplatz|Berlin Innsbrucker Platz,8089474,4,Schöneberg,Berlin,Berlin,10827,13.352068,52.479377,2024-07-08T00:08:00,2024-07-08T00:08:00,2024-07-08T00:08:00,2024-07-08T00:08:00,0,0,,on_time,on_time
-7977806028619017735-2407072358-18,41,Berlin Beusselstraße|Berlin Westhafen|Berlin-Wedding|Berlin Gesundbrunnen(S)|Berlin Schönhauser Allee|Berlin Prenzlauer Allee|Berlin Greifswalder Str|Berlin Landsberger Allee|Berlin Storkower Str|Berlin Frankfurter Allee|Berlin Ostkreuz (S)|Berlin Treptower Park|Berlin Sonnenallee|Berlin-Neukölln|Berlin Hermannstraße|Berlin-Tempelhof|Berlin Südkreuz (S),8089474,4,Schöneberg,Berlin,Berlin,10827,13.352068,52.479377,2024-07-08T00:37:00,2024-07-08T00:37:00,2024-07-08T00:37:00,2024-07-08T00:37:00,0,0,,on_time,on_time
6742226968666454536-2407072348-18,41,Berlin Beusselstraße|Berlin Westhafen|Berlin-Wedding|Berlin Gesundbrunnen(S)|Berlin Schönhauser Allee|Berlin Prenzlauer Allee|Berlin Greifswalder Str|Berlin Landsberger Allee|Berlin Storkower Str|Berlin Frankfurter Allee|Berlin Ostkreuz (S)|Berlin Treptower Park|Berlin Sonnenallee|Berlin-Neukölln|Berlin Hermannstraße|Berlin-Tempelhof|Berlin Südkreuz (S),8089474,4,Schöneberg,Berlin,Berlin,10827,13.352068,52.479377,2024-07-08T00:27:00,2024-07-08T00:27:00,2024-07-08T00:27:00,2024-07-08T00:27:00,0,0,,on_time,on_time
-4475853834191571998-2407072331-24,1,Oranienburg|Lehnitz|Borgsdorf|Birkenwerder(b Berlin)|Hohen Neuendorf(b Berlin)|Berlin-Frohnau|Berlin-Hermsdorf|Berlin-Waidmannslust|Berlin-Wittenau (Wilhelmsruher Damm)|Berlin-Wilhelmsruh|Berlin-Schönholz|Berlin Wollankstraße|Berlin Bornholmer Str.|Berlin Gesundbrunnen(S)|Berlin Humboldthain|Berlin Nordbahnhof|Berlin Oranienburger Straße|Berlin Friedrichstraße (S)|Berlin Brandenburger Tor|Berlin Potsdamer Platz (S)|Berlin Anhalter Bf|Berlin Yorckstr.(S1)|Berlin Julius-Leber-Brücke,8089474,4,Schöneberg,Berlin,Berlin,10827,13.352068,52.479377,2024-07-08T00:28:00,2024-07-08T00:28:00,2024-07-08T00:28:00,2024-07-08T00:28:00,0,0,,on_time,on_time
-8236367455607985793-2407080018-9,46,Berlin Westend|Berlin Messe Nord/ICC (Witzleben)|Berlin Westkreuz|Berlin-Halensee|Berlin Hohenzollerndamm|Berlin Heidelberger Platz|Berlin Bundesplatz|Berlin Innsbrucker Platz,8089474,4,Schöneberg,Berlin,Berlin,10827,13.352068,52.479377,2024-07-08T00:32:00,2024-07-08T00:33:00,2024-07-08T00:32:00,2024-07-08T00:33:00,0,0,,on_time,on_time
-4275406157660819340-2407080034-12,1,Berlin-Wannsee (S)|Berlin-Nikolassee|Berlin-Schlachtensee|Berlin Mexikoplatz|Berlin-Zehlendorf|Berlin Sundgauer Str|Berlin-Lichterfelde West|Berlin Botanischer Garten|Berlin Rathaus Steglitz|Berlin Feuerbachstr.|Berlin-Friedenau,8089474,4,Schöneberg,Berlin,Berlin,10827,13.352068,52.479377,2024-07-08T00:56:00,2024-07-08T00:57:00,,,0,0,,on_time,on_time
1995051390375763386-2407080038-9,46,Berlin Westend|Berlin Messe Nord/ICC (Witzleben)|Berlin Westkreuz|Berlin-Halensee|Berlin Hohenzollerndamm|Berlin Heidelberger Platz|Berlin Bundesplatz|Berlin Innsbrucker Platz,8089474,4,Schöneberg,Berlin,Berlin,10827,13.352068,52.479377,2024-07-08T00:52:00,2024-07-08T00:53:00,,,0,0,,on_time,on_time
-1079183259924026376-2407080038-11,42,Berlin Beusselstraße|Berlin Jungfernheide (S)|Berlin Westend|Berlin Messe Nord/ICC (Witzleben)|Berlin Westkreuz|Berlin-Halensee|Berlin Hohenzollerndamm|Berlin Heidelberger Platz|Berlin Bundesplatz|Berlin Innsbrucker Platz,8089474,4,Schöneberg,Berlin,Berlin,10827,13.352068,52.479377,2024-07-08T00:58:00,2024-07-08T00:58:00,,,0,0,,on_time,on_time
-1523060404600637285-2407072338-18,41,Berlin Beusselstraße|Berlin Westhafen|Berlin-Wedding|Berlin Gesundbrunnen(S)|Berlin Schönhauser Allee|Berlin Prenzlauer Allee|Berlin Greifswalder Str|Berlin Landsberger Allee|Berlin Storkower Str|Berlin Frankfurter Allee|Berlin Ostkreuz (S)|Berlin Treptower Park|Berlin Sonnenallee|Berlin-Neukölln|Berlin Hermannstraße|Berlin-Tempelhof|Berlin Südkreuz (S),8089474,4,Schöneberg,Berlin,Berlin,10827,13.352068,52.479377,2024-07-08T00:17:00,2024-07-08T00:17:00,2024-07-08T00:17:00,2024-07-08T00:17:00,0,0,,on_time,on_time
1160641199814617012-2407072337-15,45,Flughafen BER (S-Bahn)|Waßmannsdorf|Schönefeld(bei Berlin)|Berlin Grünbergallee|Berlin-Altglienicke|Berlin-Adlershof|Berlin-Johannisthal|Berlin-Schöneweide (S)|Berlin Baumschulenweg|Berlin Köllnische Heide|Berlin-Neukölln|Berlin Hermannstraße|Berlin-Tempelhof|Berlin Südkreuz (S),8089474,4,Schöneberg,Berlin,Berlin,10827,13.352068,52.479377,2024-07-08T00:19:00,2024-07-08T00:20:00,2024-07-08T00:19:00,2024-07-08T00:20:00,0,0,,on_time,on_time
-2230601977227938209-2407072354-12,1,Berlin-Wannsee (S)|Berlin-Nikolassee|Berlin-Schlachtensee|Berlin Mexikoplatz|Berlin-Zehlendorf|Berlin Sundgauer Str|Berlin-Lichterfelde West|Berlin Botanischer Garten|Berlin Rathaus Steglitz|Berlin Feuerbachstr.|Berlin-Friedenau,8089474,4,Schöneberg,Berlin,Berlin,10827,13.352068,52.479377,2024-07-08T00:16:00,2024-07-08T00:17:00,2024-07-08T00:16:00,2024-07-08T00:17:00,0,0,,on_time,on_time
3564208461273482936-2407080017-15,45,Flughafen BER (S-Bahn)|Waßmannsdorf|Schönefeld(bei Berlin)|Berlin Grünbergallee|Berlin-Altglienicke|Berlin-Adlershof|Berlin-Johannisthal|Berlin-Schöneweide (S)|Berlin Baumschulenweg|Berlin Köllnische Heide|Berlin-Neukölln|Berlin Hermannstraße|Berlin-Tempelhof|Berlin Südkreuz (S),8089474,4,Schöneberg,Berlin,Berlin,10827,13.352068,52.479377,2024-07-08T00:59:00,2024-07-08T01:00:00,2024-07-08T00:59:00,2024-07-08T01:00:00,0,0,,on_time,on_time
234481728399650543-2407080008-8,25,Hennigsdorf (S)|Berlin-Heiligensee|Berlin-Schulzendorf|Berlin-Tegel (S)|Berlin Eichborndamm|Berlin Karl-Bonhoeffer-Nervenklinik|Berlin Alt-Reinickendorf,8089087,4,Berlin-Schönholz,Berlin,Berlin,13409,13.381111,52.571422,2024-07-08T00:28:00,2024-07-08T00:28:00,2024-07-08T00:28:00,2024-07-08T00:28:00,0,0,,on_time,on_time
1493763324898451586-2407080005-20,25,Teltow Stadt|Berlin-Lichterfelde Süd|Berlin Osdorfer Straße|Berlin-Lichterfelde Ost (S)|Berlin-Lankwitz|Berlin Südende|Berlin Priesterweg|Berlin Südkreuz (S)|Berlin Yorckstr.(S2)|Berlin Anhalter Bf|Berlin Potsdamer Platz (S)|Berlin Brandenburger Tor|Berlin Friedrichstraße (S)|Berlin Oranienburger Straße|Berlin Nordbahnhof|Berlin Humboldthain|Berlin Gesundbrunnen(S)|Berlin Bornholmer Str.|Berlin Wollankstraße,8089087,4,Berlin-Schönholz,Berlin,Berlin,13409,13.381111,52.571422,2024-07-08T00:47:00,2024-07-08T00:48:00,2024-07-08T00:47:00,2024-07-08T00:48:00,0,0,,on_time,on_time
8676169454658901758-2407072351-11,1,Oranienburg|Lehnitz|Borgsdorf|Birkenwerder(b Berlin)|Hohen Neuendorf(b Berlin)|Berlin-Frohnau|Berlin-Hermsdorf|Berlin-Waidmannslust|Berlin-Wittenau (Wilhelmsruher Damm)|Berlin-Wilhelmsruh,8089087,4,Berlin-Schönholz,Berlin,Berlin,13409,13.381111,52.571422,2024-07-08T00:20:00,2024-07-08T00:21:00,2024-07-08T00:20:00,2024-07-08T00:21:00,0,0,,on_time,on_time
-5641342810993358765-2407080011-11,1,Oranienburg|Lehnitz|Borgsdorf|Birkenwerder(b Berlin)|Hohen Neuendorf(b Berlin)|Berlin-Frohnau|Berlin-Hermsdorf|Berlin-Waidmannslust|Berlin-Wittenau (Wilhelmsruher Damm)|Berlin-Wilhelmsruh,8089087,4,Berlin-Schönholz,Berlin,Berlin,13409,13.381111,52.571422,2024-07-08T00:40:00,2024-07-08T00:41:00,2024-07-08T00:40:00,2024-07-08T00:41:00,0,0,,on_time,on_time
-4846341387412847765-2407072348-8,25,Hennigsdorf (S)|Berlin-Heiligensee|Berlin-Schulzendorf|Berlin-Tegel (S)|Berlin Eichborndamm|Berlin Karl-Bonhoeffer-Nervenklinik|Berlin Alt-Reinickendorf,8089087,4,Berlin-Schönholz,Berlin,Berlin,13409,13.381111,52.571422,2024-07-08T00:08:00,2024-07-08T00:08:00,2024-07-08T00:08:00,2024-07-08T00:08:00,0,0,,on_time,on_time
201389137455149213-2407072325-20,25,Teltow Stadt|Berlin-Lichterfelde Süd|Berlin Osdorfer Straße|Berlin-Lichterfelde Ost (S)|Berlin-Lankwitz|Berlin Südende|Berlin Priesterweg|Berlin Südkreuz (S)|Berlin Yorckstr.(S2)|Berlin Anhalter Bf|Berlin Potsdamer Platz (S)|Berlin Brandenburger Tor|Berlin Friedrichstraße (S)|Berlin Oranienburger Straße|Berlin Nordbahnhof|Berlin Humboldthain|Berlin Gesundbrunnen(S)|Berlin Bornholmer Str.|Berlin Wollankstraße,8089087,4,Berlin-Schönholz,Berlin,Berlin,13409,13.381111,52.571422,2024-07-08T00:07:00,2024-07-08T00:08:00,2024-07-08T00:07:00,2024-07-08T00:08:00,0,0,,on_time,on_time
-211104171317325269-2407072314-25,1,Berlin-Wannsee (S)|Berlin-Nikolassee|Berlin-Schlachtensee|Berlin Mexikoplatz|Berlin-Zehlendorf|Berlin Sundgauer Str|Berlin-Lichterfelde West|Berlin Botanischer Garten|Berlin Rathaus Steglitz|Berlin Feuerbachstr.|Berlin-Friedenau|Berlin-Schöneberg|Berlin Julius-Leber-Brücke|Berlin Yorckstr.(S1)|Berlin Anhalter Bf|Berlin Potsdamer Platz (S)|Berlin Brandenburger Tor|Berlin Friedrichstraße (S)|Berlin Oranienburger Straße|Berlin Nordbahnhof|Berlin Humboldthain|Berlin Gesundbrunnen(S)|Berlin Bornholmer Str.|Berlin Wollankstraße,8089087,4,Berlin-Schönholz,Berlin,Berlin,13409,13.381111,52.571422,2024-07-08T00:04:00,2024-07-08T00:05:00,2024-07-08T00:05:00,2024-07-08T00:06:00,1,1,,on_time,on_time
3683594136415632334-2407080028-8,25,Hennigsdorf (S)|Berlin-Heiligensee|Berlin-Schulzendorf|Berlin-Tegel (S)|Berlin Eichborndamm|Berlin Karl-Bonhoeffer-Nervenklinik|Berlin Alt-Reinickendorf,8089087,4,Berlin-Schönholz,Berlin,Berlin,13409,13.381111,52.571422,2024-07-08T00:48:00,2024-07-08T00:48:00,,,0,0,,on_time,on_time
-4475853834191571998-2407072331-11,1,Oranienburg|Lehnitz|Borgsdorf|Birkenwerder(b Berlin)|Hohen Neuendorf(b Berlin)|Berlin-Frohnau|Berlin-Hermsdorf|Berlin-Waidmannslust|Berlin-Wittenau (Wilhelmsruher Damm)|Berlin-Wilhelmsruh,8089087,4,Berlin-Schönholz,Berlin,Berlin,13409,13.381111,52.571422,2024-07-08T00:00:00,2024-07-08T00:01:00,2024-07-08T00:01:00,2024-07-08T00:01:00,1,0,,on_time,on_time
-4079464492388970773-2407072345-20,25,Teltow Stadt|Berlin-Lichterfelde Süd|Berlin Osdorfer Straße|Berlin-Lichterfelde Ost (S)|Berlin-Lankwitz|Berlin Südende|Berlin Priesterweg|Berlin Südkreuz (S)|Berlin Yorckstr.(S2)|Berlin Anhalter Bf|Berlin Potsdamer Platz (S)|Berlin Brandenburger Tor|Berlin Friedrichstraße (S)|Berlin Oranienburger Straße|Berlin Nordbahnhof|Berlin Humboldthain|Berlin Gesundbrunnen(S)|Berlin Bornholmer Str.|Berlin Wollankstraße,8089087,4,Berlin-Schönholz,Berlin,Berlin,13409,13.381111,52.571422,2024-07-08T00:27:00,2024-07-08T00:28:00,2024-07-08T00:27:00,2024-07-08T00:28:00,0,0,,on_time,on_time
-7234128127155025168-2407072334-25,1,Berlin-Wannsee (S)|Berlin-Nikolassee|Berlin-Schlachtensee|Berlin Mexikoplatz|Berlin-Zehlendorf|Berlin Sundgauer Str|Berlin-Lichterfelde West|Berlin Botanischer Garten|Berlin Rathaus Steglitz|Berlin Feuerbachstr.|Berlin-Friedenau|Berlin-Schöneberg|Berlin Julius-Leber-Brücke|Berlin Yorckstr.(S1)|Berlin Anhalter Bf|Berlin Potsdamer Platz (S)|Berlin Brandenburger Tor|Berlin Friedrichstraße (S)|Berlin Oranienburger Straße|Berlin Nordbahnhof|Berlin Humboldthain|Berlin Gesundbrunnen(S)|Berlin Bornholmer Str.|Berlin Wollankstraße,8089087,4,Berlin-Schönholz,Berlin,Berlin,13409,13.381111,52.571422,2024-07-08T00:24:00,2024-07-08T00:25:00,2024-07-08T00:28:00,2024-07-08T00:28:00,4,3,,on_time,on_time
-2230601977227938209-2407072354-25,1,Berlin-Wannsee (S)|Berlin-Nikolassee|Berlin-Schlachtensee|Berlin Mexikoplatz|Berlin-Zehlendorf|Berlin Sundgauer Str|Berlin-Lichterfelde West|Berlin Botanischer Garten|Berlin Rathaus Steglitz|Berlin Feuerbachstr.|Berlin-Friedenau|Berlin-Schöneberg|Berlin Julius-Leber-Brücke|Berlin Yorckstr.(S1)|Berlin Anhalter Bf|Berlin Potsdamer Platz (S)|Berlin Brandenburger Tor|Berlin Friedrichstraße (S)|Berlin Oranienburger Straße|Berlin Nordbahnhof|Berlin Humboldthain|Berlin Gesundbrunnen(S)|Berlin Bornholmer Str.|Berlin Wollankstraße,8089087,4,Berlin-Schönholz,Berlin,Berlin,13409,13.381111,52.571422,2024-07-08T00:44:00,2024-07-08T00:45:00,2024-07-08T00:44:00,2024-07-08T00:45:00,0,0,,on_time,on_time
-5194156004862660093-2407072125-24,8,Wismar|Dorf Mecklenburg|Bad Kleinen|Lübstorf|Schwerin Hbf|Schwerin Mitte|Schwerin Süd|Holthusen|Sülstorf|Rastow|Lüblow(Meckl)|Ludwigslust|Grabow(Meckl)|Karstädt|Wittenberge|Bad Wilsnack|Glöwen|Breddin|Neustadt(Dosse)|Friesack(Mark)|Paulinenaue|Nauen|Falkensee,8010404,2,Berlin-Spandau,Berlin,Berlin,13597,13.1968975,52.5346481,2024-07-08T00:21:00,2024-07-08T00:23:00,2024-07-08T00:21:00,2024-07-08T00:23:00,0,0,,on_time,on_time
-8761881508899340400-2407080008-7,2,Nauen|Brieselang|Finkenkrug|Falkensee|Seegefeld|Albrechtshof,8010404,2,Berlin-Spandau,Berlin,Berlin,13597,13.1968975,52.5346481,2024-07-08T00:33:00,2024-07-08T00:35:00,2024-07-08T00:33:00,2024-07-08T00:35:00,0,0,,on_time,on_time
6182068753204726904-2407072344-9,8,Flughafen BER|Berlin Ostkreuz|Berlin Ostbahnhof|Berlin Alexanderplatz|Berlin Friedrichstraße|Berlin Hbf|Berlin Zoologischer Garten|Berlin-Charlottenburg,8010404,2,Berlin-Spandau,Berlin,Berlin,13597,13.1968975,52.5346481,2024-07-08T00:34:00,2024-07-08T00:36:00,2024-07-08T00:37:00,2024-07-08T00:39:00,3,3,,on_time,on_time
-8944768795446656367-2407080050-1,47,,8089088,5,Berlin-Spindlersfeld,Berlin,Berlin,12555,13.561448,52.447162,,2024-07-08T00:50:00,,,0,0,,on_time,on_time
-2603982598704939668-2407080010-1,47,,8089088,5,Berlin-Spindlersfeld,Berlin,Berlin,12555,13.561448,52.447162,,2024-07-08T00:10:00,,2024-07-08T00:10:00,0,0,,on_time,on_time
8241343582820223608-2407080030-1,47,,8089088,5,Berlin-Spindlersfeld,Berlin,Berlin,12555,13.561448,52.447162,,2024-07-08T00:30:00,,,0,0,,on_time,on_time
-8189148788276870459-2407072341-13,46,Königs Wusterhausen|Wildau|Zeuthen|Eichwalde|Berlin-Grünau|Berlin-Adlershof|Berlin-Johannisthal|Berlin-Schöneweide (S)|Berlin Baumschulenweg|Berlin Köllnische Heide|Berlin-Neukölln|Berlin Hermannstraße,8089090,4,Berlin-Tempelhof,Berlin,Berlin,12099,13.384547,52.470967,2024-07-08T00:18:00,2024-07-08T00:18:00,,,0,0,,on_time,on_time
-6946957915671022744-2407072358-13,42,Berlin Beusselstraße|Berlin Jungfernheide (S)|Berlin Westend|Berlin Messe Nord/ICC (Witzleben)|Berlin Westkreuz|Berlin-Halensee|Berlin Hohenzollerndamm|Berlin Heidelberger Platz|Berlin Bundesplatz|Berlin Innsbrucker Platz|Berlin-Schöneberg|Berlin Südkreuz (S),8089090,4,Berlin-Tempelhof,Berlin,Berlin,12099,13.384547,52.470967,2024-07-08T00:22:00,2024-07-08T00:23:00,2024-07-08T00:22:00,2024-07-08T00:23:00,0,0,,on_time,on_time
1959714227586052913-2407080008-16,41,Berlin Beusselstraße|Berlin Westhafen|Berlin-Wedding|Berlin Gesundbrunnen(S)|Berlin Schönhauser Allee|Berlin Prenzlauer Allee|Berlin Greifswalder Str|Berlin Landsberger Allee|Berlin Storkower Str|Berlin Frankfurter Allee|Berlin Ostkreuz (S)|Berlin Treptower Park|Berlin Sonnenallee|Berlin-Neukölln|Berlin Hermannstraße,8089090,4,Berlin-Tempelhof,Berlin,Berlin,12099,13.384547,52.470967,2024-07-08T00:42:00,2024-07-08T00:43:00,2024-07-08T00:42:00,2024-07-08T00:43:00,0,0,,on_time,on_time
3882944869250236994-2407080018-13,42,Berlin Beusselstraße|Berlin Jungfernheide (S)|Berlin Westend|Berlin Messe Nord/ICC (Witzleben)|Berlin Westkreuz|Berlin-Halensee|Berlin Hohenzollerndamm|Berlin Heidelberger Platz|Berlin Bundesplatz|Berlin Innsbrucker Platz|Berlin-Schöneberg|Berlin Südkreuz (S),8089090,4,Berlin-Tempelhof,Berlin,Berlin,12099,13.384547,52.470967,2024-07-08T00:42:00,2024-07-08T00:43:00,2024-07-08T00:42:00,2024-07-08T00:43:00,0,0,,on_time,on_time
8444775672791196589-2407072357-13,45,Flughafen BER (S-Bahn)|Waßmannsdorf|Schönefeld(bei Berlin)|Berlin Grünbergallee|Berlin-Altglienicke|Berlin-Adlershof|Berlin-Johannisthal|Berlin-Schöneweide (S)|Berlin Baumschulenweg|Berlin Köllnische Heide|Berlin-Neukölln|Berlin Hermannstraße,8089090,4,Berlin-Tempelhof,Berlin,Berlin,12099,13.384547,52.470967,2024-07-08T00:35:00,2024-07-08T00:35:00,2024-07-08T00:35:00,2024-07-08T00:35:00,0,0,,on_time,on_time
-9077484454598909267-2407080018-16,41,Berlin Beusselstraße|Berlin Westhafen|Berlin-Wedding|Berlin Gesundbrunnen(S)|Berlin Schönhauser Allee|Berlin Prenzlauer Allee|Berlin Greifswalder Str|Berlin Landsberger Allee|Berlin Storkower Str|Berlin Frankfurter Allee|Berlin Ostkreuz (S)|Berlin Treptower Park|Berlin Sonnenallee|Berlin-Neukölln|Berlin Hermannstraße,8089090,4,Berlin-Tempelhof,Berlin,Berlin,12099,13.384547,52.470967,2024-07-08T00:52:00,2024-07-08T00:53:00,2024-07-08T00:52:00,2024-07-08T00:53:00,0,0,,on_time,on_time
4387045462730231935-2407072358-11,46,Berlin Westend|Berlin Messe Nord/ICC (Witzleben)|Berlin Westkreuz|Berlin-Halensee|Berlin Hohenzollerndamm|Berlin Heidelberger Platz|Berlin Bundesplatz|Berlin Innsbrucker Platz|Berlin-Schöneberg|Berlin Südkreuz (S),8089090,4,Berlin-Tempelhof,Berlin,Berlin,12099,13.384547,52.470967,2024-07-08T00:17:00,2024-07-08T00:17:00,2024-07-08T00:17:00,2024-07-08T00:17:00,0,0,,on_time,on_time
3411058158594026962-2407072328-16,41,Berlin Beusselstraße|Berlin Westhafen|Berlin-Wedding|Berlin Gesundbrunnen(S)|Berlin Schönhauser Allee|Berlin Prenzlauer Allee|Berlin Greifswalder Str|Berlin Landsberger Allee|Berlin Storkower Str|Berlin Frankfurter Allee|Berlin Ostkreuz (S)|Berlin Treptower Park|Berlin Sonnenallee|Berlin-Neukölln|Berlin Hermannstraße,8089090,4,Berlin-Tempelhof,Berlin,Berlin,12099,13.384547,52.470967,2024-07-08T00:02:00,2024-07-08T00:03:00,2024-07-08T00:03:00,2024-07-08T00:03:00,1,0,,on_time,on_time
-7716129685769370088-2407080001-13,46,Königs Wusterhausen|Wildau|Zeuthen|Eichwalde|Berlin-Grünau|Berlin-Adlershof|Berlin-Johannisthal|Berlin-Schöneweide (S)|Berlin Baumschulenweg|Berlin Köllnische Heide|Berlin-Neukölln|Berlin Hermannstraße,8089090,4,Berlin-Tempelhof,Berlin,Berlin,12099,13.384547,52.470967,2024-07-08T00:38:00,2024-07-08T00:38:00,2024-07-08T00:38:00,2024-07-08T00:38:00,0,0,,on_time,on_time
-2790898132614475060-2407080008-13,42,Berlin Beusselstraße|Berlin Jungfernheide (S)|Berlin Westend|Berlin Messe Nord/ICC (Witzleben)|Berlin Westkreuz|Berlin-Halensee|Berlin Hohenzollerndamm|Berlin Heidelberger Platz|Berlin Bundesplatz|Berlin Innsbrucker Platz|Berlin-Schöneberg|Berlin Südkreuz (S),8089090,4,Berlin-Tempelhof,Berlin,Berlin,12099,13.384547,52.470967,2024-07-08T00:32:00,2024-07-08T00:33:00,2024-07-08T00:32:00,2024-07-08T00:33:00,0,0,,on_time,on_time
5776070001612816527-2407080028-13,42,Berlin Beusselstraße|Berlin Jungfernheide (S)|Berlin Westend|Berlin Messe Nord/ICC (Witzleben)|Berlin Westkreuz|Berlin-Halensee|Berlin Hohenzollerndamm|Berlin Heidelberger Platz|Berlin Bundesplatz|Berlin Innsbrucker Platz|Berlin-Schöneberg|Berlin Südkreuz (S),8089090,4,Berlin-Tempelhof,Berlin,Berlin,12099,13.384547,52.470967,2024-07-08T00:52:00,2024-07-08T00:53:00,,,0,0,,on_time,on_time
2396266568734110016-2407080021-13,46,Königs Wusterhausen|Wildau|Zeuthen|Eichwalde|Berlin-Grünau|Berlin-Adlershof|Berlin-Johannisthal|Berlin-Schöneweide (S)|Berlin Baumschulenweg|Berlin Köllnische Heide|Berlin-Neukölln|Berlin Hermannstraße,8089090,4,Berlin-Tempelhof,Berlin,Berlin,12099,13.384547,52.470967,2024-07-08T00:58:00,2024-07-08T00:58:00,,,0,0,,on_time,on_time
-1953822519201541759-2407072348-13,42,Berlin Beusselstraße|Berlin Jungfernheide (S)|Berlin Westend|Berlin Messe Nord/ICC (Witzleben)|Berlin Westkreuz|Berlin-Halensee|Berlin Hohenzollerndamm|Berlin Heidelberger Platz|Berlin Bundesplatz|Berlin Innsbrucker Platz|Berlin-Schöneberg|Berlin Südkreuz (S),8089090,4,Berlin-Tempelhof,Berlin,Berlin,12099,13.384547,52.470967,2024-07-08T00:12:00,2024-07-08T00:13:00,2024-07-08T00:12:00,2024-07-08T00:13:00,0,0,,on_time,on_time
-7977806028619017735-2407072358-16,41,Berlin Beusselstraße|Berlin Westhafen|Berlin-Wedding|Berlin Gesundbrunnen(S)|Berlin Schönhauser Allee|Berlin Prenzlauer Allee|Berlin Greifswalder Str|Berlin Landsberger Allee|Berlin Storkower Str|Berlin Frankfurter Allee|Berlin Ostkreuz (S)|Berlin Treptower Park|Berlin Sonnenallee|Berlin-Neukölln|Berlin Hermannstraße,8089090,4,Berlin-Tempelhof,Berlin,Berlin,12099,13.384547,52.470967,2024-07-08T00:32:00,2024-07-08T00:33:00,2024-07-08T00:32:00,2024-07-08T00:33:00,0,0,,on_time,on_time
-1871879830496714182-2407080008-2,45,Berlin Südkreuz (S),8089090,4,Berlin-Tempelhof,Berlin,Berlin,12099,13.384547,52.470967,2024-07-08T00:10:00,2024-07-08T00:10:00,2024-07-08T00:10:00,2024-07-08T00:10:00,0,0,,on_time,on_time
6742226968666454536-2407072348-16,41,Berlin Beusselstraße|Berlin Westhafen|Berlin-Wedding|Berlin Gesundbrunnen(S)|Berlin Schönhauser Allee|Berlin Prenzlauer Allee|Berlin Greifswalder Str|Berlin Landsberger Allee|Berlin Storkower Str|Berlin Frankfurter Allee|Berlin Ostkreuz (S)|Berlin Treptower Park|Berlin Sonnenallee|Berlin-Neukölln|Berlin Hermannstraße,8089090,4,Berlin-Tempelhof,Berlin,Berlin,12099,13.384547,52.470967,2024-07-08T00:22:00,2024-07-08T00:23:00,2024-07-08T00:22:00,2024-07-08T00:23:00,0,0,,on_time,on_time
-8236367455607985793-2407080018-11,46,Berlin Westend|Berlin Messe Nord/ICC (Witzleben)|Berlin Westkreuz|Berlin-Halensee|Berlin Hohenzollerndamm|Berlin Heidelberger Platz|Berlin Bundesplatz|Berlin Innsbrucker Platz|Berlin-Schöneberg|Berlin Südkreuz (S),8089090,4,Berlin-Tempelhof,Berlin,Berlin,12099,13.384547,52.470967,2024-07-08T00:37:00,2024-07-08T00:37:00,2024-07-08T00:37:00,2024-07-08T00:37:00,0,0,,on_time,on_time
1995051390375763386-2407080038-11,46,Berlin Westend|Berlin Messe Nord/ICC (Witzleben)|Berlin Westkreuz|Berlin-Halensee|Berlin Hohenzollerndamm|Berlin Heidelberger Platz|Berlin Bundesplatz|Berlin Innsbrucker Platz|Berlin-Schöneberg|Berlin Südkreuz (S),8089090,4,Berlin-Tempelhof,Berlin,Berlin,12099,13.384547,52.470967,2024-07-08T00:57:00,2024-07-08T00:57:00,,,0,0,,on_time,on_time
-1523060404600637285-2407072338-16,41,Berlin Beusselstraße|Berlin Westhafen|Berlin-Wedding|Berlin Gesundbrunnen(S)|Berlin Schönhauser Allee|Berlin Prenzlauer Allee|Berlin Greifswalder Str|Berlin Landsberger Allee|Berlin Storkower Str|Berlin Frankfurter Allee|Berlin Ostkreuz (S)|Berlin Treptower Park|Berlin Sonnenallee|Berlin-Neukölln|Berlin Hermannstraße,8089090,4,Berlin-Tempelhof,Berlin,Berlin,12099,13.384547,52.470967,2024-07-08T00:12:00,2024-07-08T00:13:00,2024-07-08T00:12:00,2024-07-08T00:13:00,0,0,,on_time,on_time
1160641199814617012-2407072337-13,45,Flughafen BER (S-Bahn)|Waßmannsdorf|Schönefeld(bei Berlin)|Berlin Grünbergallee|Berlin-Altglienicke|Berlin-Adlershof|Berlin-Johannisthal|Berlin-Schöneweide (S)|Berlin Baumschulenweg|Berlin Köllnische Heide|Berlin-Neukölln|Berlin Hermannstraße,8089090,4,Berlin-Tempelhof,Berlin,Berlin,12099,13.384547,52.470967,2024-07-08T00:15:00,2024-07-08T00:15:00,2024-07-08T00:15:00,2024-07-08T00:15:00,0,0,,on_time,on_time
-2733780506631969783-2407072338-13,42,Berlin Beusselstraße|Berlin Jungfernheide (S)|Berlin Westend|Berlin Messe Nord/ICC (Witzleben)|Berlin Westkreuz|Berlin-Halensee|Berlin Hohenzollerndamm|Berlin Heidelberger Platz|Berlin Bundesplatz|Berlin Innsbrucker Platz|Berlin-Schöneberg|Berlin Südkreuz (S),8089090,4,Berlin-Tempelhof,Berlin,Berlin,12099,13.384547,52.470967,2024-07-08T00:02:00,2024-07-08T00:03:00,2024-07-08T00:02:00,2024-07-08T00:03:00,0,0,,on_time,on_time
3564208461273482936-2407080017-13,45,Flughafen BER (S-Bahn)|Waßmannsdorf|Schönefeld(bei Berlin)|Berlin Grünbergallee|Berlin-Altglienicke|Berlin-Adlershof|Berlin-Johannisthal|Berlin-Schöneweide (S)|Berlin Baumschulenweg|Berlin Köllnische Heide|Berlin-Neukölln|Berlin Hermannstraße,8089090,4,Berlin-Tempelhof,Berlin,Berlin,12099,13.384547,52.470967,2024-07-08T00:55:00,2024-07-08T00:55:00,2024-07-08T00:55:00,2024-07-08T00:55:00,0,0,,on_time,on_time
-7462794287495582564-2407080018-7,7,Berlin Ostbahnhof|Berlin Alexanderplatz|Berlin Friedrichstraße|Berlin Hbf|Berlin Zoologischer Garten|Berlin-Charlottenburg,8010405,2,Berlin-Wannsee,Berlin,Berlin,14109,13.1795275,52.4209723,2024-07-08T00:47:00,2024-07-08T00:48:00,2024-07-08T00:47:00,2024-07-08T00:48:00,0,0,,on_time,on_time
-1430869917883125442-2407072318-16,7,Dessau Hbf|Roßlau(Elbe)|Jeber-Bergfrieden|Medewitz(Mark)|Wiesenburg(Mark)|Bad Belzig|Baitz|Brück(Mark)|Borkheide|Beelitz-Heilstätten|Seddin|Michendorf|Wilhelmshorst|Potsdam-Rehbrücke|Potsdam Medienstadt Babelsberg,8010405,2,Berlin-Wannsee,Berlin,Berlin,14109,13.1795275,52.4209723,2024-07-08T00:36:00,2024-07-08T00:37:00,2024-07-08T00:39:00,2024-07-08T00:40:00,3,3,,on_time,on_time
2001635860734548872-2407072324-18,1,Frankfurt(Oder)|Frankfurt(Oder)-Rosengarten|Pillgram|Jacobsdorf(Mark)|Briesen(Mark)|Berkenbrück|Fürstenwalde(Spree)|Hangelsberg|Fangschleuse|Erkner|Berlin Ostkreuz|Berlin Ostbahnhof|Berlin Alexanderplatz|Berlin Friedrichstraße|Berlin Hbf|Berlin Zoologischer Garten|Berlin-Charlottenburg,8010405,2,Berlin-Wannsee,Berlin,Berlin,14109,13.1795275,52.4209723,2024-07-08T00:59:00,2024-07-08T01:00:00,2024-07-08T01:00:00,2024-07-08T01:01:00,1,1,,on_time,on_time
-2846549535632273880-2407072224-18,1,Frankfurt(Oder)|Frankfurt(Oder)-Rosengarten|Pillgram|Jacobsdorf(Mark)|Briesen(Mark)|Berkenbrück|Fürstenwalde(Spree)|Hangelsberg|Fangschleuse|Erkner|Berlin Ostkreuz|Berlin Ostbahnhof|Berlin Alexanderplatz|Berlin Friedrichstraße|Berlin Hbf|Berlin Zoologischer Garten|Berlin-Charlottenburg,8010405,2,Berlin-Wannsee,Berlin,Berlin,14109,13.1795275,52.4209723,2024-07-07T23:59:00,2024-07-08T00:00:00,2024-07-07T23:59:00,2024-07-08T00:00:00,0,0,,on_time,on_time
8676169454658901758-2407072351-10,1,Oranienburg|Lehnitz|Borgsdorf|Birkenwerder(b Berlin)|Hohen Neuendorf(b Berlin)|Berlin-Frohnau|Berlin-Hermsdorf|Berlin-Waidmannslust|Berlin-Wittenau (Wilhelmsruher Damm),8089095,4,Berlin-Wilhelmsruh,Berlin,Berlin,13158,13.362976,52.581447,2024-07-08T00:18:00,2024-07-08T00:18:00,2024-07-08T00:18:00,2024-07-08T00:18:00,0,0,,on_time,on_time
-5641342810993358765-2407080011-10,1,Oranienburg|Lehnitz|Borgsdorf|Birkenwerder(b Berlin)|Hohen Neuendorf(b Berlin)|Berlin-Frohnau|Berlin-Hermsdorf|Berlin-Waidmannslust|Berlin-Wittenau (Wilhelmsruher Damm),8089095,4,Berlin-Wilhelmsruh,Berlin,Berlin,13158,13.362976,52.581447,2024-07-08T00:38:00,2024-07-08T00:38:00,2024-07-08T00:38:00,2024-07-08T00:38:00,0,0,,on_time,on_time
-211104171317325269-2407072314-26,1,Berlin-Wannsee (S)|Berlin-Nikolassee|Berlin-Schlachtensee|Berlin Mexikoplatz|Berlin-Zehlendorf|Berlin Sundgauer Str|Berlin-Lichterfelde West|Berlin Botanischer Garten|Berlin Rathaus Steglitz|Berlin Feuerbachstr.|Berlin-Friedenau|Berlin-Schöneberg|Berlin Julius-Leber-Brücke|Berlin Yorckstr.(S1)|Berlin Anhalter Bf|Berlin Potsdamer Platz (S)|Berlin Brandenburger Tor|Berlin Friedrichstraße (S)|Berlin Oranienburger Straße|Berlin Nordbahnhof|Berlin Humboldthain|Berlin Gesundbrunnen(S)|Berlin Bornholmer Str.|Berlin Wollankstraße|Berlin-Schönholz,8089095,4,Berlin-Wilhelmsruh,Berlin,Berlin,13158,13.362976,52.581447,2024-07-08T00:07:00,2024-07-08T00:08:00,2024-07-08T00:08:00,2024-07-08T00:09:00,1,1,,on_time,on_time
8848354961888364614-2407080031-10,1,Oranienburg|Lehnitz|Borgsdorf|Birkenwerder(b Berlin)|Hohen Neuendorf(b Berlin)|Berlin-Frohnau|Berlin-Hermsdorf|Berlin-Waidmannslust|Berlin-Wittenau (Wilhelmsruher Damm),8089095,4,Berlin-Wilhelmsruh,Berlin,Berlin,13158,13.362976,52.581447,2024-07-08T00:58:00,2024-07-08T00:58:00,,,0,0,,on_time,on_time
-7234128127155025168-2407072334-26,1,Berlin-Wannsee (S)|Berlin-Nikolassee|Berlin-Schlachtensee|Berlin Mexikoplatz|Berlin-Zehlendorf|Berlin Sundgauer Str|Berlin-Lichterfelde West|Berlin Botanischer Garten|Berlin Rathaus Steglitz|Berlin Feuerbachstr.|Berlin-Friedenau|Berlin-Schöneberg|Berlin Julius-Leber-Brücke|Berlin Yorckstr.(S1)|Berlin Anhalter Bf|Berlin Potsdamer Platz (S)|Berlin Brandenburger Tor|Berlin Friedrichstraße (S)|Berlin Oranienburger Straße|Berlin Nordbahnhof|Berlin Humboldthain|Berlin Gesundbrunnen(S)|Berlin Bornholmer Str.|Berlin Wollankstraße|Berlin-Schönholz,8089095,4,Berlin-Wilhelmsruh,Berlin,Berlin,13158,13.362976,52.581447,2024-07-08T00:27:00,2024-07-08T00:28:00,2024-07-08T00:30:00,2024-07-08T00:30:00,3,2,,on_time,on_time
-2230601977227938209-2407072354-26,1,Berlin-Wannsee (S)|Berlin-Nikolassee|Berlin-Schlachtensee|Berlin Mexikoplatz|Berlin-Zehlendorf|Berlin Sundgauer Str|Berlin-Lichterfelde West|Berlin Botanischer Garten|Berlin Rathaus Steglitz|Berlin Feuerbachstr.|Berlin-Friedenau|Berlin-Schöneberg|Berlin Julius-Leber-Brücke|Berlin Yorckstr.(S1)|Berlin Anhalter Bf|Berlin Potsdamer Platz (S)|Berlin Brandenburger Tor|Berlin Friedrichstraße (S)|Berlin Oranienburger Straße|Berlin Nordbahnhof|Berlin Humboldthain|Berlin Gesundbrunnen(S)|Berlin Bornholmer Str.|Berlin Wollankstraße|Berlin-Schönholz,8089095,4,Berlin-Wilhelmsruh,Berlin,Berlin,13158,13.362976,52.581447,2024-07-08T00:47:00,2024-07-08T00:48:00,2024-07-08T00:47:00,2024-07-08T00:48:00,0,0,,on_time,on_time
7649088808996046723-2407080014-5,1,Berlin-Wannsee (S)|Berlin-Nikolassee|Berlin-Schlachtensee|Berlin Mexikoplatz,8089098,4,Berlin-Zehlendorf,Berlin,Berlin,14165,13.258659,52.431067,2024-07-08T00:23:00,2024-07-08T00:23:00,2024-07-08T00:23:00,2024-07-08T00:23:00,0,0,,on_time,on_time
-1619243212090648182-2407072251-31,1,Oranienburg|Lehnitz|Borgsdorf|Birkenwerder(b Berlin)|Hohen Neuendorf(b Berlin)|Berlin-Frohnau|Berlin-Hermsdorf|Berlin-Waidmannslust|Berlin-Wittenau (Wilhelmsruher Damm)|Berlin-Wilhelmsruh|Berlin-Schönholz|Berlin Wollankstraße|Berlin Bornholmer Str.|Berlin Gesundbrunnen(S)|Berlin Humboldthain|Berlin Nordbahnhof|Berlin Oranienburger Straße|Berlin Friedrichstraße (S)|Berlin Brandenburger Tor|Berlin Potsdamer Platz (S)|Berlin Anhalter Bf|Berlin Yorckstr.(S1)|Berlin Julius-Leber-Brücke|Berlin-Schöneberg|Berlin-Friedenau|Berlin Feuerbachstr.|Berlin Rathaus Steglitz|Berlin Botanischer Garten|Berlin-Lichterfelde West|Berlin Sundgauer Str,8089098,4,Berlin-Zehlendorf,Berlin,Berlin,14165,13.258659,52.431067,2024-07-08T00:02:00,2024-07-08T00:02:00,2024-07-08T00:03:00,2024-07-08T00:04:00,1,2,,on_time,on_time
-2384604348370111441-2407072311-31,1,Oranienburg|Lehnitz|Borgsdorf|Birkenwerder(b Berlin)|Hohen Neuendorf(b Berlin)|Berlin-Frohnau|Berlin-Hermsdorf|Berlin-Waidmannslust|Berlin-Wittenau (Wilhelmsruher Damm)|Berlin-Wilhelmsruh|Berlin-Schönholz|Berlin Wollankstraße|Berlin Bornholmer Str.|Berlin Gesundbrunnen(S)|Berlin Humboldthain|Berlin Nordbahnhof|Berlin Oranienburger Straße|Berlin Friedrichstraße (S)|Berlin Brandenburger Tor|Berlin Potsdamer Platz (S)|Berlin Anhalter Bf|Berlin Yorckstr.(S1)|Berlin Julius-Leber-Brücke|Berlin-Schöneberg|Berlin-Friedenau|Berlin Feuerbachstr.|Berlin Rathaus Steglitz|Berlin Botanischer Garten|Berlin-Lichterfelde West|Berlin Sundgauer Str,8089098,4,Berlin-Zehlendorf,Berlin,Berlin,14165,13.258659,52.431067,2024-07-08T00:22:00,2024-07-08T00:22:00,2024-07-08T00:22:00,2024-07-08T00:22:00,0,0,,on_time,on_time
-4475853834191571998-2407072331-31,1,Oranienburg|Lehnitz|Borgsdorf|Birkenwerder(b Berlin)|Hohen Neuendorf(b Berlin)|Berlin-Frohnau|Berlin-Hermsdorf|Berlin-Waidmannslust|Berlin-Wittenau (Wilhelmsruher Damm)|Berlin-Wilhelmsruh|Berlin-Schönholz|Berlin Wollankstraße|Berlin Bornholmer Str.|Berlin Gesundbrunnen(S)|Berlin Humboldthain|Berlin Nordbahnhof|Berlin Oranienburger Straße|Berlin Friedrichstraße (S)|Berlin Brandenburger Tor|Berlin Potsdamer Platz (S)|Berlin Anhalter Bf|Berlin Yorckstr.(S1)|Berlin Julius-Leber-Brücke|Berlin-Schöneberg|Berlin-Friedenau|Berlin Feuerbachstr.|Berlin Rathaus Steglitz|Berlin Botanischer Garten|Berlin-Lichterfelde West|Berlin Sundgauer Str,8089098,4,Berlin-Zehlendorf,Berlin,Berlin,14165,13.258659,52.431067,2024-07-08T00:42:00,2024-07-08T00:42:00,2024-07-08T00:42:00,2024-07-08T00:42:00,0,0,,on_time,on_time
-4275406157660819340-2407080034-5,1,Berlin-Wannsee (S)|Berlin-Nikolassee|Berlin-Schlachtensee|Berlin Mexikoplatz,8089098,4,Berlin-Zehlendorf,Berlin,Berlin,14165,13.258659,52.431067,2024-07-08T00:43:00,2024-07-08T00:43:00,,,0,0,,on_time,on_time
-2230601977227938209-2407072354-5,1,Berlin-Wannsee (S)|Berlin-Nikolassee|Berlin-Schlachtensee|Berlin Mexikoplatz,8089098,4,Berlin-Zehlendorf,Berlin,Berlin,14165,13.258659,52.431067,2024-07-08T00:03:00,2024-07-08T00:03:00,2024-07-08T00:03:00,2024-07-08T00:03:00,0,0,,on_time,on_time
-3390013903921837926-2407080013-10,1,Hamburg Airport|Hamburg-Ohlsdorf|Hamburg Rübenkamp|Hamburg Alte Wöhr|Hamburg-Barmbek|Hamburg Friedrichsberg|Hamburg Wandsbeker Chaussee|Hamburg Hasselbrook|Hamburg Landwehr,8000908,3,Berliner Tor,Hamburg,Hamburg,20099,10.02463,53.55287,2024-07-08T00:34:00,2024-07-08T00:35:00,,,0,0,,on_time,on_time
-3521475736976801889-2407080008-13,1,Hamburg-Poppenbüttel|Hamburg-Wellingsbüttel|Hamburg Hoheneichen|Hamburg Kornweg(Klein Borstel)|Hamburg-Ohlsdorf|Hamburg Rübenkamp|Hamburg Alte Wöhr|Hamburg-Barmbek|Hamburg Friedrichsberg|Hamburg Wandsbeker Chaussee|Hamburg Hasselbrook|Hamburg Landwehr,8000908,3,Berliner Tor,Hamburg,Hamburg,20099,10.02463,53.55287,2024-07-08T00:34:00,2024-07-08T00:35:00,,,0,0,,on_time,on_time
-8259733845561586295-2407072352-6,2,Hamburg-Altona(S)|Hamburg Holstenstraße|Hamburg-Sternschanze|Hamburg Dammtor|Hamburg Hbf (S-Bahn),8000908,3,Berliner Tor,Hamburg,Hamburg,20099,10.02463,53.55287,2024-07-08T00:06:00,2024-07-08T00:07:00,2024-07-08T00:06:00,2024-07-08T00:07:00,0,0,,on_time,on_time
-4134203509296320161-2407080006-11,2,Aumühle|Wohltorf|Reinbek|Hamburg-Bergedorf|Hamburg-Nettelnburg|Hamburg-Allermöhe|Hamburg Mittlerer Landweg|Hamburg Billwerder-Moorfleet|Hamburg-Tiefstack|Hamburg-Rothenburgsort,8000908,3,Berliner Tor,Hamburg,Hamburg,20099,10.02463,53.55287,2024-07-08T00:34:00,2024-07-08T00:35:00,,,0,0,,on_time,on_time
-3316603274241347251-2407072346-11,2,Aumühle|Wohltorf|Reinbek|Hamburg-Bergedorf|Hamburg-Nettelnburg|Hamburg-Allermöhe|Hamburg Mittlerer Landweg|Hamburg Billwerder-Moorfleet|Hamburg-Tiefstack|Hamburg-Rothenburgsort,8000908,3,Berliner Tor,Hamburg,Hamburg,20099,10.02463,53.55287,2024-07-08T00:14:00,2024-07-08T00:15:00,2024-07-08T00:14:00,2024-07-08T00:15:00,0,0,,on_time,on_time
-5006626778859705318-2407072348-13,1,Hamburg-Poppenbüttel|Hamburg-Wellingsbüttel|Hamburg Hoheneichen|Hamburg Kornweg(Klein Borstel)|Hamburg-Ohlsdorf|Hamburg Rübenkamp|Hamburg Alte Wöhr|Hamburg-Barmbek|Hamburg Friedrichsberg|Hamburg Wandsbeker Chaussee|Hamburg Hasselbrook|Hamburg Landwehr,8000908,3,Berliner Tor,Hamburg,Hamburg,20099,10.02463,53.55287,2024-07-08T00:14:00,2024-07-08T00:15:00,2024-07-08T00:17:00,2024-07-08T00:17:00,3,2,,on_time,on_time
5179437117536276202-2407080032-6,2,Hamburg-Altona(S)|Hamburg Holstenstraße|Hamburg-Sternschanze|Hamburg Dammtor|Hamburg Hbf (S-Bahn),8000908,3,Berliner Tor,Hamburg,Hamburg,20099,10.02463,53.55287,2024-07-08T00:46:00,2024-07-08T00:47:00,,,0,0,,on_time,on_time
-5416266371209213922-2407072323-18,1,Wedel(Holst)|Hamburg-Rissen|Hamburg-Sülldorf|Hamburg-Iserbrook|Hamburg-Blankenese|Hamburg Hochkamp|Hamburg Klein Flottbek|Hamburg-Othmarschen|Hamburg-Bahrenfeld|Hamburg-Ottensen|Hamburg-Altona(S)|Hamburg Königstraße|Hamburg Reeperbahn|Hamburg Landungsbrücken|Hamburg Stadthausbrücke|Hamburg Jungfernstieg|Hamburg Hbf (S-Bahn),8000908,3,Berliner Tor,Hamburg,Hamburg,20099,10.02463,53.55287,2024-07-08T00:06:00,2024-07-08T00:06:00,2024-07-08T00:06:00,2024-07-08T00:06:00,0,0,,on_time,on_time
-2177588258474375206-2407080023-9,5,Hamburg Elbgaustraße|Hamburg-Eidelstedt|Hamburg-Stellingen|Hamburg-Langenfelde|Hamburg Holstenstraße|Hamburg-Sternschanze|Hamburg Dammtor|Hamburg Hbf (S-Bahn),8000908,3,Berliner Tor,Hamburg,Hamburg,20099,10.02463,53.55287,2024-07-08T00:44:00,2024-07-08T00:44:00,,,0,0,,on_time,on_time
9183839067170826159-2407080012-6,2,Hamburg-Altona(S)|Hamburg Holstenstraße|Hamburg-Sternschanze|Hamburg Dammtor|Hamburg Hbf (S-Bahn),8000908,3,Berliner Tor,Hamburg,Hamburg,20099,10.02463,53.55287,2024-07-08T00:26:00,2024-07-08T00:27:00,,,0,0,,on_time,on_time
3534916180088668718-2407080003-18,1,Wedel(Holst)|Hamburg-Rissen|Hamburg-Sülldorf|Hamburg-Iserbrook|Hamburg-Blankenese|Hamburg Hochkamp|Hamburg Klein Flottbek|Hamburg-Othmarschen|Hamburg-Bahrenfeld|Hamburg-Ottensen|Hamburg-Altona(S)|Hamburg Königstraße|Hamburg Reeperbahn|Hamburg Landungsbrücken|Hamburg Stadthausbrücke|Hamburg Jungfernstieg|Hamburg Hbf (S-Bahn),8000908,3,Berliner Tor,Hamburg,Hamburg,20099,10.02463,53.55287,2024-07-08T00:46:00,2024-07-08T00:46:00,2024-07-08T00:46:00,2024-07-08T00:46:00,0,0,,on_time,on_time
6919721643001814752-2407080017-1,5,,8000908,3,Berliner Tor,Hamburg,Hamburg,20099,10.02463,53.55287,,2024-07-08T00:17:00,,,0,0,,on_time,on_time
3945870737082109061-2407072353-10,1,Hamburg Airport|Hamburg-Ohlsdorf|Hamburg Rübenkamp|Hamburg Alte Wöhr|Hamburg-Barmbek|Hamburg Friedrichsberg|Hamburg Wandsbeker Chaussee|Hamburg Hasselbrook|Hamburg Landwehr,8000908,3,Berliner Tor,Hamburg,Hamburg,20099,10.02463,53.55287,2024-07-08T00:14:00,2024-07-08T00:15:00,2024-07-08T00:17:00,2024-07-08T00:17:00,3,2,,on_time,on_time
-1093508172194817351-2407072343-18,1,Wedel(Holst)|Hamburg-Rissen|Hamburg-Sülldorf|Hamburg-Iserbrook|Hamburg-Blankenese|Hamburg Hochkamp|Hamburg Klein Flottbek|Hamburg-Othmarschen|Hamburg-Bahrenfeld|Hamburg-Ottensen|Hamburg-Altona(S)|Hamburg Königstraße|Hamburg Reeperbahn|Hamburg Landungsbrücken|Hamburg Stadthausbrücke|Hamburg Jungfernstieg|Hamburg Hbf (S-Bahn),8000908,3,Berliner Tor,Hamburg,Hamburg,20099,10.02463,53.55287,2024-07-08T00:26:00,2024-07-08T00:26:00,2024-07-08T00:26:00,2024-07-08T00:26:00,0,0,,on_time,on_time
7022789033164733279-2407072300-21,3,Lutherstadt Wittenberg Hbf|Zörnigall|Bülzig|Zahna|Blönsdorf|Niedergörsdorf|Jüterbog|Luckenwalde|Woltersdorf/Nuthe-Urstromtal|Trebbin|Thyrow|Ludwigsfelde|Birkengrund|Großbeeren|Teltow|Berlin-Lichterfelde Ost|Berlin Südkreuz|Berlin Potsdamer Platz|Berlin Hbf|Berlin Gesundbrunnen,8013470,3,Bernau (b Berlin),Brandenburg,Bernau bei Berlin,16321,13.5926414,52.6755689,2024-07-08T00:56:00,2024-07-08T00:57:00,2024-07-08T00:56:00,2024-07-08T00:57:00,0,0,Information,on_time,on_time
8055140796578231506-2407072306-8,3,Schwedt(Oder)|Schwedt(Oder)Mitte|Pinnow(Uckermark)|Angermünde|Chorin|Britz|Eberswalde Hbf,8013470,3,Bernau (b Berlin),Brandenburg,Bernau bei Berlin,16321,13.5926414,52.6755689,2024-07-08T00:06:00,2024-07-08T00:08:00,2024-07-08T00:08:00,2024-07-08T00:09:00,2,1,Information,on_time,on_time
-276896031776243712-2407072351-10,RE5,München Hbf Gl.5-10|München Ost|Grafing Bahnhof|Aßling(Oberbay)|Ostermünchen|Großkarolinenfeld|Rosenheim|Bad Endorf|Prien am Chiemsee,8000911,5,Bernau a. Chiemsee,Bayern,Bernau a. Chiemsee,83233,12.380957,47.816482,2024-07-08T00:59:00,2024-07-08T01:00:00,2024-07-08T00:59:00,2024-07-08T01:00:00,0,0,,on_time,on_time
-3867961652283034517-2407080023-1,44,,8010043,5,Bernburg Hbf,Sachsen-Anhalt,Bernburg,6404,11.751455,51.79612,,2024-07-08T00:23:00,,2024-07-08T00:23:00,0,0,,on_time,on_time
-3426650178482568113-2407080019-4,18,Stuttgart Hbf|Ludwigsburg|Bietigheim-Bissingen,8000925,5,Besigheim,Baden-Württemberg,Besigheim,74354,9.136645,48.997723,2024-07-08T00:41:00,2024-07-08T00:41:00,2024-07-08T00:41:00,2024-07-08T00:41:00,0,0,,on_time,on_time
-3443871486920457923-2407080026-2,3,Berlin-Karlshorst (S),8089006,4,Betriebsbahnhof Berlin-Rummelsburg,Berlin,Berlin,10317,13.497786,52.493827,2024-07-08T00:29:00,2024-07-08T00:29:00,,,0,0,,on_time,on_time
8618826681962089450-2407080046-2,3,Berlin-Karlshorst (S),8089006,4,Betriebsbahnhof Berlin-Rummelsburg,Berlin,Berlin,10317,13.497786,52.493827,2024-07-08T00:49:00,2024-07-08T00:49:00,,,0,0,,on_time,on_time
7163837928386534196-2407072328-22,3,Berlin-Spandau (S)|Berlin-Stresow|Berlin-Pichelsberg|Berlin Olympiastadion|Berlin Heerstraße|Berlin Messe Süd (Eichkamp)|Berlin Westkreuz|Berlin Charlottenburg (S)|Berlin Savignyplatz|Berlin Zoologischer Garten (S)|Berlin-Tiergarten|Berlin Bellevue|Berlin Hbf (S-Bahn)|Berlin Friedrichstraße (S)|Berlin Hackescher Markt|Berlin Alexanderplatz (S)|Berlin Jannowitzbrücke|Berlin Ostbahnhof (S)|Berlin Warschauer Straße|Berlin Ostkreuz (S)|Berlin-Rummelsburg,8089006,4,Betriebsbahnhof Berlin-Rummelsburg,Berlin,Berlin,10317,13.497786,52.493827,2024-07-08T00:15:00,2024-07-08T00:16:00,2024-07-08T00:15:00,,0,0,,on_time,on_time
2104147134298974835-2407080018-17,3,Berlin-Grunewald|Berlin Westkreuz|Berlin Charlottenburg (S)|Berlin Savignyplatz|Berlin Zoologischer Garten (S)|Berlin-Tiergarten|Berlin Bellevue|Berlin Hbf (S-Bahn)|Berlin Friedrichstraße (S)|Berlin Hackescher Markt|Berlin Alexanderplatz (S)|Berlin Jannowitzbrücke|Berlin Ostbahnhof (S)|Berlin Warschauer Straße|Berlin Ostkreuz (S)|Berlin-Rummelsburg,8089006,4,Betriebsbahnhof Berlin-Rummelsburg,Berlin,Berlin,10317,13.497786,52.493827,2024-07-08T00:55:00,2024-07-08T00:56:00,2024-07-08T00:55:00,,0,0,,on_time,on_time
-1050123829049800495-2407080006-2,3,Berlin-Karlshorst (S),8089006,4,Betriebsbahnhof Berlin-Rummelsburg,Berlin,Berlin,10317,13.497786,52.493827,2024-07-08T00:09:00,2024-07-08T00:09:00,2024-07-08T00:09:00,2024-07-08T00:09:00,0,0,,on_time,on_time
-7947120674196542913-2407072348-22,3,Berlin-Spandau (S)|Berlin-Stresow|Berlin-Pichelsberg|Berlin Olympiastadion|Berlin Heerstraße|Berlin Messe Süd (Eichkamp)|Berlin Westkreuz|Berlin Charlottenburg (S)|Berlin Savignyplatz|Berlin Zoologischer Garten (S)|Berlin-Tiergarten|Berlin Bellevue|Berlin Hbf (S-Bahn)|Berlin Friedrichstraße (S)|Berlin Hackescher Markt|Berlin Alexanderplatz (S)|Berlin Jannowitzbrücke|Berlin Ostbahnhof (S)|Berlin Warschauer Straße|Berlin Ostkreuz (S)|Berlin-Rummelsburg,8089006,4,Betriebsbahnhof Berlin-Rummelsburg,Berlin,Berlin,10317,13.497786,52.493827,2024-07-08T00:35:00,2024-07-08T00:36:00,2024-07-08T00:35:00,,0,0,,on_time,on_time
-2772813503463081835-2407072357-5,3,Berlin Ostbahnhof (S)|Berlin Warschauer Straße|Berlin Ostkreuz (S)|Berlin-Rummelsburg,8089006,4,Betriebsbahnhof Berlin-Rummelsburg,Berlin,Berlin,10317,13.497786,52.493827,2024-07-08T00:05:00,2024-07-08T00:06:00,2024-07-08T00:05:00,,0,0,,on_time,on_time
1974895317199967519-2407072348-8,45,Berlin Südkreuz (S)|Berlin-Tempelhof|Berlin Hermannstraße|Berlin-Neukölln|Berlin Köllnische Heide|Berlin Baumschulenweg|Berlin-Schöneweide (S),8089007,4,Johannisthal,Berlin,Berlin,12439,13.52368,52.446905,2024-07-08T00:06:00,2024-07-08T00:06:00,2024-07-08T00:06:00,2024-07-08T00:06:00,0,0,,on_time,on_time
3360893944022444050-2407072338-24,9,Berlin-Spandau (S)|Berlin-Stresow|Berlin-Pichelsberg|Berlin Olympiastadion|Berlin Heerstraße|Berlin Messe Süd (Eichkamp)|Berlin Westkreuz|Berlin Charlottenburg (S)|Berlin Savignyplatz|Berlin Zoologischer Garten (S)|Berlin-Tiergarten|Berlin Bellevue|Berlin Hbf (S-Bahn)|Berlin Friedrichstraße (S)|Berlin Hackescher Markt|Berlin Alexanderplatz (S)|Berlin Jannowitzbrücke|Berlin Ostbahnhof (S)|Berlin Warschauer Straße|Berlin Treptower Park|Berlin Plänterwald|Berlin Baumschulenweg|Berlin-Schöneweide (S),8089007,4,Johannisthal,Berlin,Berlin,12439,13.52368,52.446905,2024-07-08T00:35:00,2024-07-08T00:36:00,2024-07-08T00:35:00,2024-07-08T00:36:00,0,0,,on_time,on_time
-8189148788276870459-2407072341-7,46,Königs Wusterhausen|Wildau|Zeuthen|Eichwalde|Berlin-Grünau|Berlin-Adlershof,8089007,4,Johannisthal,Berlin,Berlin,12439,13.52368,52.446905,2024-07-08T00:02:00,2024-07-08T00:02:00,2024-07-08T00:02:00,,0,0,,on_time,on_time
8754252874419393638-2407072349-7,9,Flughafen BER (S-Bahn)|Waßmannsdorf|Schönefeld(bei Berlin)|Berlin Grünbergallee|Berlin-Altglienicke|Berlin-Adlershof,8089007,4,Johannisthal,Berlin,Berlin,12439,13.52368,52.446905,2024-07-08T00:09:00,2024-07-08T00:10:00,2024-07-08T00:09:00,2024-07-08T00:10:00,0,0,,on_time,on_time
-578452750217533255-2407080049-3,8,Berlin-Grünau|Berlin-Adlershof,8089007,4,Johannisthal,Berlin,Berlin,12439,13.52368,52.446905,2024-07-08T00:54:00,2024-07-08T00:55:00,,,0,0,,on_time,on_time
6809920023340627969-2407080009-7,9,Flughafen BER (S-Bahn)|Waßmannsdorf|Schönefeld(bei Berlin)|Berlin Grünbergallee|Berlin-Altglienicke|Berlin-Adlershof,8089007,4,Johannisthal,Berlin,Berlin,12439,13.52368,52.446905,2024-07-08T00:29:00,2024-07-08T00:30:00,2024-07-08T00:29:00,2024-07-08T00:30:00,0,0,,on_time,on_time
8444775672791196589-2407072357-7,45,Flughafen BER (S-Bahn)|Waßmannsdorf|Schönefeld(bei Berlin)|Berlin Grünbergallee|Berlin-Altglienicke|Berlin-Adlershof,8089007,4,Johannisthal,Berlin,Berlin,12439,13.52368,52.446905,2024-07-08T00:17:00,2024-07-08T00:17:00,2024-07-08T00:17:00,2024-07-08T00:17:00,0,0,,on_time,on_time
4387045462730231935-2407072358-17,46,Berlin Westend|Berlin Messe Nord/ICC (Witzleben)|Berlin Westkreuz|Berlin-Halensee|Berlin Hohenzollerndamm|Berlin Heidelberger Platz|Berlin Bundesplatz|Berlin Innsbrucker Platz|Berlin-Schöneberg|Berlin Südkreuz (S)|Berlin-Tempelhof|Berlin Hermannstraße|Berlin-Neukölln|Berlin Köllnische Heide|Berlin Baumschulenweg|Berlin-Schöneweide (S),8089007,4,Johannisthal,Berlin,Berlin,12439,13.52368,52.446905,2024-07-08T00:33:00,2024-07-08T00:33:00,2024-07-08T00:33:00,2024-07-08T00:33:00,0,0,,on_time,on_time
-7716129685769370088-2407080001-7,46,Königs Wusterhausen|Wildau|Zeuthen|Eichwalde|Berlin-Grünau|Berlin-Adlershof,8089007,4,Johannisthal,Berlin,Berlin,12439,13.52368,52.446905,2024-07-08T00:22:00,2024-07-08T00:22:00,2024-07-08T00:22:00,2024-07-08T00:22:00,0,0,,on_time,on_time
-8927383541084970752-2407072318-24,9,Berlin-Spandau (S)|Berlin-Stresow|Berlin-Pichelsberg|Berlin Olympiastadion|Berlin Heerstraße|Berlin Messe Süd (Eichkamp)|Berlin Westkreuz|Berlin Charlottenburg (S)|Berlin Savignyplatz|Berlin Zoologischer Garten (S)|Berlin-Tiergarten|Berlin Bellevue|Berlin Hbf (S-Bahn)|Berlin Friedrichstraße (S)|Berlin Hackescher Markt|Berlin Alexanderplatz (S)|Berlin Jannowitzbrücke|Berlin Ostbahnhof (S)|Berlin Warschauer Straße|Berlin Treptower Park|Berlin Plänterwald|Berlin Baumschulenweg|Berlin-Schöneweide (S),8089007,4,Johannisthal,Berlin,Berlin,12439,13.52368,52.446905,2024-07-08T00:15:00,2024-07-08T00:16:00,2024-07-08T00:15:00,2024-07-08T00:16:00,0,0,,on_time,on_time
3419072004785619222-2407072358-24,9,Berlin-Spandau (S)|Berlin-Stresow|Berlin-Pichelsberg|Berlin Olympiastadion|Berlin Heerstraße|Berlin Messe Süd (Eichkamp)|Berlin Westkreuz|Berlin Charlottenburg (S)|Berlin Savignyplatz|Berlin Zoologischer Garten (S)|Berlin-Tiergarten|Berlin Bellevue|Berlin Hbf (S-Bahn)|Berlin Friedrichstraße (S)|Berlin Hackescher Markt|Berlin Alexanderplatz (S)|Berlin Jannowitzbrücke|Berlin Ostbahnhof (S)|Berlin Warschauer Straße|Berlin Treptower Park|Berlin Plänterwald|Berlin Baumschulenweg|Berlin-Schöneweide (S),8089007,4,Johannisthal,Berlin,Berlin,12439,13.52368,52.446905,2024-07-08T00:55:00,2024-07-08T00:56:00,2024-07-08T00:55:00,2024-07-08T00:56:00,0,0,,on_time,on_time
4696287817138109395-2407080009-3,8,Berlin-Grünau|Berlin-Adlershof,8089007,4,Johannisthal,Berlin,Berlin,12439,13.52368,52.446905,2024-07-08T00:14:00,2024-07-08T00:15:00,2024-07-08T00:14:00,2024-07-08T00:15:00,0,0,,on_time,on_time
6514326782731112305-2407072338-17,46,Berlin Westend|Berlin Messe Nord/ICC (Witzleben)|Berlin Westkreuz|Berlin-Halensee|Berlin Hohenzollerndamm|Berlin Heidelberger Platz|Berlin Bundesplatz|Berlin Innsbrucker Platz|Berlin-Schöneberg|Berlin Südkreuz (S)|Berlin-Tempelhof|Berlin Hermannstraße|Berlin-Neukölln|Berlin Köllnische Heide|Berlin Baumschulenweg|Berlin-Schöneweide (S),8089007,4,Johannisthal,Berlin,Berlin,12439,13.52368,52.446905,2024-07-08T00:13:00,2024-07-08T00:13:00,2024-07-08T00:13:00,2024-07-08T00:13:00,0,0,,on_time,on_time
6210496988613694272-2407080029-3,8,Berlin-Grünau|Berlin-Adlershof,8089007,4,Johannisthal,Berlin,Berlin,12439,13.52368,52.446905,2024-07-08T00:34:00,2024-07-08T00:35:00,,,0,0,,on_time,on_time
2396266568734110016-2407080021-7,46,Königs Wusterhausen|Wildau|Zeuthen|Eichwalde|Berlin-Grünau|Berlin-Adlershof,8089007,4,Johannisthal,Berlin,Berlin,12439,13.52368,52.446905,2024-07-08T00:42:00,2024-07-08T00:42:00,,,0,0,,on_time,on_time
-1871879830496714182-2407080008-8,45,Berlin Südkreuz (S)|Berlin-Tempelhof|Berlin Hermannstraße|Berlin-Neukölln|Berlin Köllnische Heide|Berlin Baumschulenweg|Berlin-Schöneweide (S),8089007,4,Johannisthal,Berlin,Berlin,12439,13.52368,52.446905,2024-07-08T00:26:00,2024-07-08T00:26:00,2024-07-08T00:26:00,2024-07-08T00:26:00,0,0,,on_time,on_time
-8236367455607985793-2407080018-17,46,Berlin Westend|Berlin Messe Nord/ICC (Witzleben)|Berlin Westkreuz|Berlin-Halensee|Berlin Hohenzollerndamm|Berlin Heidelberger Platz|Berlin Bundesplatz|Berlin Innsbrucker Platz|Berlin-Schöneberg|Berlin Südkreuz (S)|Berlin-Tempelhof|Berlin Hermannstraße|Berlin-Neukölln|Berlin Köllnische Heide|Berlin Baumschulenweg|Berlin-Schöneweide (S),8089007,4,Johannisthal,Berlin,Berlin,12439,13.52368,52.446905,2024-07-08T00:53:00,2024-07-08T00:53:00,2024-07-08T00:53:00,2024-07-08T00:53:00,0,0,,on_time,on_time
2130504990082182327-2407072325-16,8,Berlin-Blankenburg|Berlin-Pankow-Heinersdorf|Berlin-Pankow|Berlin Bornholmer Str.|Berlin Schönhauser Allee|Berlin Prenzlauer Allee|Berlin Greifswalder Str|Berlin Landsberger Allee|Berlin Storkower Str|Berlin Frankfurter Allee|Berlin Ostkreuz (S)|Berlin Treptower Park|Berlin Plänterwald|Berlin Baumschulenweg|Berlin-Schöneweide (S),8089007,4,Johannisthal,Berlin,Berlin,12439,13.52368,52.446905,2024-07-08T00:00:00,2024-07-08T00:01:00,2024-07-08T00:00:00,2024-07-08T00:01:00,0,0,,on_time,on_time
7453506468933069990-2407080005-16,8,Berlin-Blankenburg|Berlin-Pankow-Heinersdorf|Berlin-Pankow|Berlin Bornholmer Str.|Berlin Schönhauser Allee|Berlin Prenzlauer Allee|Berlin Greifswalder Str|Berlin Landsberger Allee|Berlin Storkower Str|Berlin Frankfurter Allee|Berlin Ostkreuz (S)|Berlin Treptower Park|Berlin Plänterwald|Berlin Baumschulenweg|Berlin-Schöneweide (S),8089007,4,Johannisthal,Berlin,Berlin,12439,13.52368,52.446905,2024-07-08T00:40:00,2024-07-08T00:41:00,2024-07-08T00:40:00,2024-07-08T00:41:00,0,0,,on_time,on_time
8253464076549036480-2407080029-7,9,Flughafen BER (S-Bahn)|Waßmannsdorf|Schönefeld(bei Berlin)|Berlin Grünbergallee|Berlin-Altglienicke|Berlin-Adlershof,8089007,4,Johannisthal,Berlin,Berlin,12439,13.52368,52.446905,2024-07-08T00:49:00,2024-07-08T00:50:00,,,0,0,,on_time,on_time
8655015963546991131-2407072324-21,8,Birkenwerder(b Berlin)|Hohen Neuendorf(b Berlin)|Bergfelde(b Berlin)|Schönfließ(b Oranienburg)|Mühlenbeck-Mönchmühle|Berlin-Blankenburg|Berlin-Pankow-Heinersdorf|Berlin-Pankow|Berlin Bornholmer Str.|Berlin Schönhauser Allee|Berlin Prenzlauer Allee|Berlin Greifswalder Str|Berlin Landsberger Allee|Berlin Storkower Str|Berlin Frankfurter Allee|Berlin Ostkreuz (S)|Berlin Treptower Park|Berlin Plänterwald|Berlin Baumschulenweg|Berlin-Schöneweide (S),8089007,4,Johannisthal,Berlin,Berlin,12439,13.52368,52.446905,2024-07-08T00:20:00,2024-07-08T00:21:00,2024-07-08T00:20:00,2024-07-08T00:21:00,0,0,,on_time,on_time
3564208461273482936-2407080017-7,45,Flughafen BER (S-Bahn)|Waßmannsdorf|Schönefeld(bei Berlin)|Berlin Grünbergallee|Berlin-Altglienicke|Berlin-Adlershof,8089007,4,Johannisthal,Berlin,Berlin,12439,13.52368,52.446905,2024-07-08T00:37:00,2024-07-08T00:37:00,2024-07-08T00:37:00,2024-07-08T00:37:00,0,0,,on_time,on_time
-1764616001057382001-2407072323-15,9,Köln Hbf|Köln Messe/Deutz|Porz(Rhein)|Troisdorf|Siegburg/Bonn|Hennef(Sieg)|Eitorf|Herchen|Schladern(Sieg)|Au(Sieg)|Etzbach|Wissen(Sieg)|Niederhövels|Scheuerfeld(Sieg),8000034,3,Betzdorf (Sieg),Rheinland-Pfalz,Betzdorf,57518,7.87005,50.789294,2024-07-08T00:37:00,2024-07-08T00:38:00,2024-07-08T00:37:00,2024-07-08T00:38:00,0,0,Information. (Quelle: zuginfo.nrw),on_time,on_time
-2435548534074429787-2407080010-9,RB90,Siegen Hbf|Eiserfeld(Sieg)|Niederschelden Nord|Niederschelden|Mudersbach|Brachbach|Freusburg Siedlung|Kirchen,8000034,3,Betzdorf (Sieg),Rheinland-Pfalz,Betzdorf,57518,7.87005,50.789294,2024-07-08T00:33:00,2024-07-08T00:34:00,2024-07-08T00:33:00,2024-07-08T00:34:00,0,0,,on_time,on_time
-8097229136581884814-2407080018-6,2,Schorndorf|Weiler(Rems)|Winterbach(b Schorndorf)|Geradstetten|Grunbach,8000934,5,Beutelsbach,Baden-Württemberg,Weinstadt,71384,9.386029,48.810293,2024-07-08T00:30:00,2024-07-08T00:30:00,2024-07-08T00:30:00,2024-07-08T00:31:00,0,1,Information,on_time,on_time
224206650494097505-2407080003-22,2,Filderstadt|Stuttgart Flughafen/Messe|Echterdingen|Leinfelden|Oberaichen|Stuttgart-Rohr|Stuttgart-Vaihingen|Stuttgart-Österfeld|Stuttgart Universität|Stuttgart Schwabstr.|Stuttgart Feuersee|Stuttgart Stadtmitte|Stuttgart Hbf (tief)|Stuttgart-Bad Cannstatt|Stuttgart Nürnberger Str.|Stuttgart-Sommerrain|Fellbach|Waiblingen|Rommelshausen|Stetten-Beinstein|Endersbach,8000934,5,Beutelsbach,Baden-Württemberg,Weinstadt,71384,9.386029,48.810293,2024-07-08T00:58:00,2024-07-08T00:58:00,2024-07-08T00:58:00,2024-07-08T00:58:00,0,0,Information,on_time,on_time
-2053374381372023085-2407072333-22,2,Filderstadt|Stuttgart Flughafen/Messe|Echterdingen|Leinfelden|Oberaichen|Stuttgart-Rohr|Stuttgart-Vaihingen|Stuttgart-Österfeld|Stuttgart Universität|Stuttgart Schwabstr.|Stuttgart Feuersee|Stuttgart Stadtmitte|Stuttgart Hbf (tief)|Stuttgart-Bad Cannstatt|Stuttgart Nürnberger Str.|Stuttgart-Sommerrain|Fellbach|Waiblingen|Rommelshausen|Stetten-Beinstein|Endersbach,8000934,5,Beutelsbach,Baden-Württemberg,Weinstadt,71384,9.386029,48.810293,2024-07-08T00:28:00,2024-07-08T00:28:00,2024-07-08T00:29:00,2024-07-08T00:30:00,1,2,Information,on_time,on_time
6570008134094305920-2407072348-6,2,Schorndorf|Weiler(Rems)|Winterbach(b Schorndorf)|Geradstetten|Grunbach,8000934,5,Beutelsbach,Baden-Württemberg,Weinstadt,71384,9.386029,48.810293,2024-07-08T00:00:00,2024-07-08T00:00:00,2024-07-08T00:00:00,2024-07-08T00:01:00,0,1,Information,on_time,on_time
-4727796059064957447-2407080031-7,74,Illingen(Saar)|Gennweiler|Wemmetsweiler Rathaus|Schiffweiler|Neunkirchen(Saar)Hbf|Neunkirchen(Saar)-Wellesweiler,8000941,5,Bexbach,Saarland,Bexbach,66450,7.254456,49.345698,2024-07-08T00:59:00,2024-07-08T00:59:00,2024-07-08T00:59:00,2024-07-08T00:59:00,0,0,,on_time,on_time
7111862614987079643-2407072358-2,74,Homburg(Saar)Hbf,8000941,5,Bexbach,Saarland,Bexbach,66450,7.254456,49.345698,2024-07-08T00:03:00,2024-07-08T00:04:00,2024-07-08T00:04:00,2024-07-08T00:05:00,1,1,,on_time,on_time
9046932502166817863-2407072341-7,74,Illingen(Saar)|Gennweiler|Wemmetsweiler Rathaus|Schiffweiler|Neunkirchen(Saar)Hbf|Neunkirchen(Saar)-Wellesweiler,8000941,5,Bexbach,Saarland,Bexbach,66450,7.254456,49.345698,2024-07-08T00:10:00,2024-07-08T00:11:00,2024-07-08T00:10:00,2024-07-08T00:11:00,0,0,,on_time,on_time
5020092755340026746-2407072300-12,RB20,Freudenstadt Hbf|Loßburg-Rodt|Alpirsbach|Schenkenzell|Schiltach Mitte|Schiltach|Halbmeil|Wolfach|Hausach|Haslach|Steinach(Baden),8000942,5,Biberach (Baden),Baden-Württemberg,Biberach,77781,8.032762,48.338388,2024-07-08T00:00:00,2024-07-08T00:00:00,2024-07-08T00:00:00,2024-07-08T00:00:00,0,0,,on_time,on_time
6903472960980596173-2407080014-2,RB20,Gengenbach,8000942,5,Biberach (Baden),Baden-Württemberg,Biberach,77781,8.032762,48.338388,2024-07-08T00:19:00,2024-07-08T00:20:00,,,0,0,,on_time,on_time
8434158149748317121-2407072335-8,RS21,Ulm Hbf|Ulm-Donautal|Erbach(Württ)|Laupheim West|Laupheim Stadt|Schemmerberg|Warthausen,8000943,4,Biberach (Riß),Baden-Württemberg,Biberach (Riß),88400,9.793127,48.101845,2024-07-08T00:17:00,2024-07-08T00:18:00,2024-07-08T00:17:00,2024-07-08T00:18:00,0,0,,on_time,on_time
-1864719989850494098-2407080018-3,5,Ulm Hbf|Laupheim West,8000943,4,Biberach (Riß),Baden-Württemberg,Biberach (Riß),88400,9.793127,48.101845,2024-07-08T00:41:00,2024-07-08T00:42:00,2024-07-08T00:41:00,2024-07-08T00:42:00,0,0,,on_time,on_time
-1351324616938075364-2407072337-6,3,Friedrichshafen Stadt|Meckenbeuren|Ravensburg|Aulendorf|Bad Schussenried,8000943,4,Biberach (Riß),Baden-Württemberg,Biberach (Riß),88400,9.793127,48.101845,2024-07-08T00:23:00,2024-07-08T00:24:00,2024-07-08T00:42:00,2024-07-08T00:42:00,19,18,,delay,delay
6083675552144505734-2407080034-2,9,Groß-Rohrheim,8000503,4,Biblis,Hessen,Biblis,68647,8.450413,49.688881,2024-07-08T00:36:00,2024-07-08T00:37:00,,,0,0,Information,on_time,on_time
-3561563870183925829-2407072355-9,9,Mannheim Hbf|Mannheim Handelshafen|Mannheim-Neckarstadt|Mannheim-Luzenberg|Mannheim-Waldhof|Lampertheim|Bürstadt|Bobstadt,8000503,4,Biblis,Hessen,Biblis,68647,8.450413,49.688881,2024-07-08T00:19:00,2024-07-08T00:20:00,2024-07-08T00:20:00,2024-07-08T00:21:00,1,1,Information,on_time,on_time
6246205014592858079-2407080009-9,70,Mannheim Hbf|Mannheim Handelshafen|Mannheim-Neckarstadt|Mannheim-Luzenberg|Mannheim-Waldhof|Lampertheim|Bürstadt|Bobstadt,8000503,4,Biblis,Hessen,Biblis,68647,8.450413,49.688881,2024-07-08T00:34:00,2024-07-08T00:35:00,2024-07-08T00:37:00,2024-07-08T00:38:00,3,3,,on_time,on_time
-5526423918324731832-2407080012-11,70,Frankfurt(Main)Hbf|Frankfurt-Niederrad|Walldorf(Hess)|Mörfelden|Groß Gerau-Dornberg|Riedstadt-Goddelau|Stockstadt(Rhein)|Biebesheim|Gernsheim|Groß-Rohrheim,8000503,4,Biblis,Hessen,Biblis,68647,8.450413,49.688881,2024-07-08T00:56:00,2024-07-08T00:57:00,2024-07-08T00:56:00,2024-07-08T00:57:00,0,0,,on_time,on_time
5391302266099657590-2407072320-16,68,Heidelberg Hbf|Heidelberg-Pfaffengrund/Wieblingen|Neu-Edingen/Friedrichsfeld|Ladenburg|Heddesheim/Hirschberg|Weinheim-Lützelsachsen|Weinheim(Bergstr)Hbf|Weinheim-Sulzbach|Hemsbach|Laudenbach(Bergstr)|Heppenheim(Bergstr)|Bensheim|Bensheim-Auerbach|Zwingenberg(Bergstr)|Hähnlein-Alsbach,8000948,5,Bickenbach (Bergstr),Hessen,Bickenbach,64404,8.603415,49.759632,2024-07-08T00:14:00,2024-07-08T00:15:00,2024-07-08T00:15:00,2024-07-08T00:16:00,1,1,Information,on_time,on_time
8097664128135578451-2407080006-6,68,Frankfurt(Main)Hbf|Langen(Hess)|Darmstadt Hbf|Darmstadt Süd|Darmstadt-Eberstadt,8000948,5,Bickenbach (Bergstr),Hessen,Bickenbach,64404,8.603415,49.759632,2024-07-08T00:42:00,2024-07-08T00:46:00,2024-07-08T00:42:00,2024-07-08T00:47:00,0,1,Information,on_time,on_time
-7686913215100515568-2407072316-16,67,Mannheim Hbf|Mannheim ARENA/Maimarkt|Neu-Edingen/Friedrichsfeld|Ladenburg|Heddesheim/Hirschberg|Weinheim-Lützelsachsen|Weinheim(Bergstr)Hbf|Weinheim-Sulzbach|Hemsbach|Laudenbach(Bergstr)|Heppenheim(Bergstr)|Bensheim|Bensheim-Auerbach|Zwingenberg(Bergstr)|Hähnlein-Alsbach,8000948,5,Bickenbach (Bergstr),Hessen,Bickenbach,64404,8.603415,49.759632,2024-07-08T00:14:00,2024-07-08T00:15:00,2024-07-08T00:15:00,2024-07-08T00:16:00,1,1,Information,on_time,on_time
6246205014592858079-2407080009-12,70,Mannheim Hbf|Mannheim Handelshafen|Mannheim-Neckarstadt|Mannheim-Luzenberg|Mannheim-Waldhof|Lampertheim|Bürstadt|Bobstadt|Biblis|Groß-Rohrheim|Gernsheim,8000951,5,Biebesheim,Hessen,Biebesheim,64585,8.473978,49.781977,2024-07-08T00:44:00,2024-07-08T00:44:00,2024-07-08T00:46:00,2024-07-08T00:47:00,2,3,,on_time,on_time
-5526423918324731832-2407080012-8,70,Frankfurt(Main)Hbf|Frankfurt-Niederrad|Walldorf(Hess)|Mörfelden|Groß Gerau-Dornberg|Riedstadt-Goddelau|Stockstadt(Rhein),8000951,5,Biebesheim,Hessen,Biebesheim,64585,8.473978,49.781977,2024-07-08T00:45:00,2024-07-08T00:45:00,2024-07-08T00:45:00,2024-07-08T00:45:00,0,0,,on_time,on_time
5729393359484274537-2407080007-1,69,,8000036,2,Bielefeld Hbf,Nordrhein-Westfalen,Bielefeld,33602,8.532722,52.029261,,2024-07-08T00:07:00,,2024-07-08T00:07:00,0,0,,on_time,on_time
4760651137475633059-2407072359-3,RB31,Uelzen|Bad Bevensen,8000955,5,Bienenbüttel,Niedersachsen,Bienenbüttel,29553,10.484714,53.142127,2024-07-08T00:13:00,2024-07-08T00:13:00,2024-07-08T00:13:00,2024-07-08T00:13:00,0,0,,on_time,on_time
6460993900723984023-2407072333-11,RB31,Hamburg Hbf|Hamburg-Harburg|Meckelfeld|Maschen|Stelle|Ashausen|Winsen(Luhe)|Radbruch|Bardowick|Lüneburg,8000955,5,Bienenbüttel,Niedersachsen,Bienenbüttel,29553,10.484714,53.142127,2024-07-08T00:31:00,2024-07-08T00:31:00,2024-07-08T00:39:00,2024-07-08T00:39:00,8,8,,delay,delay
30572070181351137-2407080021-4,5,Berlin-Mahlsdorf (S)|Berlin-Kaulsdorf|Berlin Wuhletal,8089055,4,Biesdorf,Berlin,Berlin,12683,13.555878,52.513097,2024-07-08T00:27:00,2024-07-08T00:27:00,,,0,0,,on_time,on_time
-7089612252540881345-2407072347-18,5,Berlin Westkreuz|Berlin Charlottenburg (S)|Berlin Savignyplatz|Berlin Zoologischer Garten (S)|Berlin-Tiergarten|Berlin Bellevue|Berlin Hbf (S-Bahn)|Berlin Friedrichstraße (S)|Berlin Hackescher Markt|Berlin Alexanderplatz (S)|Berlin Jannowitzbrücke|Berlin Ostbahnhof (S)|Berlin Warschauer Straße|Berlin Ostkreuz (S)|Berlin Nöldnerplatz|Berlin-Lichtenberg (S)|Berlin-Friedrichsfelde Ost,8089055,4,Biesdorf,Berlin,Berlin,12683,13.555878,52.513097,2024-07-08T00:27:00,2024-07-08T00:27:00,2024-07-08T00:27:00,2024-07-08T00:27:00,0,0,,on_time,on_time
8842394844799475175-2407080001-4,5,Berlin-Mahlsdorf (S)|Berlin-Kaulsdorf|Berlin Wuhletal,8089055,4,Biesdorf,Berlin,Berlin,12683,13.555878,52.513097,2024-07-08T00:07:00,2024-07-08T00:07:00,2024-07-08T00:07:00,2024-07-08T00:07:00,0,0,,on_time,on_time
-5497641565686166623-2407080041-4,5,Berlin-Mahlsdorf (S)|Berlin-Kaulsdorf|Berlin Wuhletal,8089055,4,Biesdorf,Berlin,Berlin,12683,13.555878,52.513097,2024-07-08T00:47:00,2024-07-08T00:47:00,,,0,0,,on_time,on_time
-2310595962716240109-2407080007-18,5,Berlin Westkreuz|Berlin Charlottenburg (S)|Berlin Savignyplatz|Berlin Zoologischer Garten (S)|Berlin-Tiergarten|Berlin Bellevue|Berlin Hbf (S-Bahn)|Berlin Friedrichstraße (S)|Berlin Hackescher Markt|Berlin Alexanderplatz (S)|Berlin Jannowitzbrücke|Berlin Ostbahnhof (S)|Berlin Warschauer Straße|Berlin Ostkreuz (S)|Berlin Nöldnerplatz|Berlin-Lichtenberg (S)|Berlin-Friedrichsfelde Ost,8089055,4,Biesdorf,Berlin,Berlin,12683,13.555878,52.513097,2024-07-08T00:47:00,2024-07-08T00:47:00,2024-07-08T00:47:00,2024-07-08T00:47:00,0,0,,on_time,on_time
-158610741823176254-2407072327-18,5,Berlin Westkreuz|Berlin Charlottenburg (S)|Berlin Savignyplatz|Berlin Zoologischer Garten (S)|Berlin-Tiergarten|Berlin Bellevue|Berlin Hbf (S-Bahn)|Berlin Friedrichstraße (S)|Berlin Hackescher Markt|Berlin Alexanderplatz (S)|Berlin Jannowitzbrücke|Berlin Ostbahnhof (S)|Berlin Warschauer Straße|Berlin Ostkreuz (S)|Berlin Nöldnerplatz|Berlin-Lichtenberg (S)|Berlin-Friedrichsfelde Ost,8089055,4,Biesdorf,Berlin,Berlin,12683,13.555878,52.513097,2024-07-08T00:07:00,2024-07-08T00:07:00,2024-07-08T00:07:00,2024-07-08T00:07:00,0,0,,on_time,on_time
5653537330727532664-2407072320-7,70,München Hbf Gl.27-36|München-Pasing|Geltendorf|Kaufering|Buchloe|Kaufbeuren,8000962,5,Biessenhofen,Bayern,Biessenhofen,87640,10.640467,47.829956,2024-07-08T00:22:00,2024-07-08T00:22:00,2024-07-08T00:33:00,2024-07-08T00:34:00,11,12,,delay,delay
-1797922092292712922-2407072340-9,RB77,Füssen|Weizern-Hopferau|Seeg|Lengenwang|Leuterschach|Marktoberdorf Schule|Marktoberdorf|Ebenhofen,8000962,5,Biessenhofen,Bayern,Biessenhofen,87640,10.640467,47.829956,2024-07-08T00:28:00,2024-07-08T00:29:00,2024-07-08T00:28:00,2024-07-08T00:29:00,0,0,,on_time,on_time
6042821254424532039-2407080007-15,8,"Tullastraße/Alter Schlachthof, Karlsruhe|Gottesauer Platz/BGV, Karlsruhe|Durlacher Tor/KIT-Campus Süd (U), Karlsruhe|Kronenplatz (U), Karlsruhe|Marktplatz (Pyramide U), Karlsruhe|Ettlinger Tor/Staatstheater (U), Karlsruhe|Kongresszentrum (U), Karlsruhe|Augartenstraße, Karlsruhe|Poststraße, Karlsruhe|Karlsruhe Bahnhofsvorplatz|Karlsruhe Albtalbahnhof|Forchheim(b Karlsruhe)|Durmersheim Nord|Durmersheim",8000963,5,Bietigheim (Baden),Baden-Württemberg,Bietigheim,76467,8.258045,48.910587,2024-07-08T00:38:00,2024-07-08T00:39:00,2024-07-08T00:38:00,2024-07-08T00:39:00,0,0,,on_time,on_time
2688663987559130320-2407072202-48,8,Bondorf(b Herrenberg)|Ergenzingen|Eutingen im Gäu|Eutingen Nord|Hochdorf(b Horb)|Horb-Heiligenfeld|Bittelbronn|Schopfloch(b Freudenstadt)|Dornstetten|Dornstetten-Aach|Grüntal-Wittlensweiler|Freudenstadt Hbf|Freudenstadt Industriegebiet|Freudenstadt Schulzentrum|Freudenstadt Stadt|Friedrichstal b Freudenstadt|Baiersbronn Bf|Baiersbronn Schule|Klosterreichenbach|Heselbach|Röt|Huzenbach|Schwarzenberg|Schönmünzach|Kirschbaumwasen|Raumünzach|Forbach(Schwarzw)|Gausbach|Langenbrand|Au im Murgtal|Weisenbach|Hilpertsau|Obertsrot|Gernsbach Mitte|Gernsbach Bf|Hörden|Ottenau|Gaggenau Mercedes-Benz Werk|Gaggenau Bf|Bad Rotenfels Weinbrennerstraße|Bad Rotenfels Bf|Bad Rotenfels Schloss|Bischweier|Kuppenheim|Rastatt Beinle|Rastatt|Ötigheim,8000963,5,Bietigheim (Baden),Baden-Württemberg,Bietigheim,76467,8.258045,48.910587,2024-07-08T00:28:00,2024-07-08T00:29:00,2024-07-08T00:28:00,2024-07-08T00:29:00,0,0,,on_time,on_time
3914756390975745361-2407072345-12,17a,Pforzheim Hbf|Eutingen(Baden)|Niefern|Enzberg|Mühlacker|Mühlacker Rößlesweg|Illingen(Württ)|Vaihingen(Enz)|Sersheim|Sachsenheim|Ellental,8000038,2,Bietigheim-Bissingen,Baden-Württemberg,Bietigheim-Bissingen,74321,9.137557,48.947933,2024-07-08T00:22:00,2024-07-08T00:30:00,2024-07-08T00:22:00,2024-07-08T00:30:00,0,0,,on_time,on_time
-8312900327591284329-2407080004-1,17a,,8000038,2,Bietigheim-Bissingen,Baden-Württemberg,Bietigheim-Bissingen,74321,9.137557,48.947933,,2024-07-08T00:04:00,,2024-07-08T00:04:00,0,0,,on_time,on_time
7142163727799764498-2407072312-7,1,Karlsruhe Hbf|Karlsruhe-Durlach|Wilferdingen-Singen|Pforzheim Hbf|Mühlacker|Vaihingen(Enz),8000038,2,Bietigheim-Bissingen,Baden-Württemberg,Bietigheim-Bissingen,74321,9.137557,48.947933,2024-07-08T00:02:00,2024-07-08T00:03:00,,,0,0,,on_time,on_time
-3426650178482568113-2407080019-3,18,Stuttgart Hbf|Ludwigsburg,8000038,2,Bietigheim-Bissingen,Baden-Württemberg,Bietigheim-Bissingen,74321,9.137557,48.947933,2024-07-08T00:35:00,2024-07-08T00:36:00,2024-07-08T00:35:00,2024-07-08T00:36:00,0,0,,on_time,on_time
8164387048971779418-2407080007-1,5,,8000038,2,Bietigheim-Bissingen,Baden-Württemberg,Bietigheim-Bissingen,74321,9.137557,48.947933,,2024-07-08T00:07:00,,2024-07-08T00:07:00,0,0,Information,on_time,on_time
5352144314638299564-2407080023-3,17a,Stuttgart Hbf|Ludwigsburg,8000038,2,Bietigheim-Bissingen,Baden-Württemberg,Bietigheim-Bissingen,74321,9.137557,48.947933,2024-07-08T00:39:00,2024-07-08T00:40:00,2024-07-08T00:39:00,2024-07-08T00:40:00,0,0,,on_time,on_time
-8332221861054296360-2407080016-3,1,Stuttgart Hbf|Ludwigsburg,8000038,2,Bietigheim-Bissingen,Baden-Württemberg,Bietigheim-Bissingen,74321,9.137557,48.947933,2024-07-08T00:32:00,2024-07-08T00:32:00,2024-07-08T00:32:00,2024-07-08T00:32:00,0,0,,on_time,on_time
-8259733845561586295-2407072352-9,2,Hamburg-Altona(S)|Hamburg Holstenstraße|Hamburg-Sternschanze|Hamburg Dammtor|Hamburg Hbf (S-Bahn)|Hamburg Berliner Tor|Hamburg-Rothenburgsort|Hamburg-Tiefstack,8000971,5,Billwerder-Moorfleet,Hamburg,Hamburg,22113,10.096658,53.515589,2024-07-08T00:15:00,2024-07-08T00:15:00,2024-07-08T00:15:00,2024-07-08T00:15:00,0,0,,on_time,on_time
-4134203509296320161-2407080006-8,2,Aumühle|Wohltorf|Reinbek|Hamburg-Bergedorf|Hamburg-Nettelnburg|Hamburg-Allermöhe|Hamburg Mittlerer Landweg,8000971,5,Billwerder-Moorfleet,Hamburg,Hamburg,22113,10.096658,53.515589,2024-07-08T00:26:00,2024-07-08T00:26:00,,,0,0,,on_time,on_time
-3316603274241347251-2407072346-8,2,Aumühle|Wohltorf|Reinbek|Hamburg-Bergedorf|Hamburg-Nettelnburg|Hamburg-Allermöhe|Hamburg Mittlerer Landweg,8000971,5,Billwerder-Moorfleet,Hamburg,Hamburg,22113,10.096658,53.515589,2024-07-08T00:06:00,2024-07-08T00:06:00,2024-07-08T00:06:00,2024-07-08T00:06:00,0,0,,on_time,on_time
5179437117536276202-2407080032-9,2,Hamburg-Altona(S)|Hamburg Holstenstraße|Hamburg-Sternschanze|Hamburg Dammtor|Hamburg Hbf (S-Bahn)|Hamburg Berliner Tor|Hamburg-Rothenburgsort|Hamburg-Tiefstack,8000971,5,Billwerder-Moorfleet,Hamburg,Hamburg,22113,10.096658,53.515589,2024-07-08T00:55:00,2024-07-08T00:55:00,,,0,0,,on_time,on_time
9183839067170826159-2407080012-9,2,Hamburg-Altona(S)|Hamburg Holstenstraße|Hamburg-Sternschanze|Hamburg Dammtor|Hamburg Hbf (S-Bahn)|Hamburg Berliner Tor|Hamburg-Rothenburgsort|Hamburg-Tiefstack,8000971,5,Billwerder-Moorfleet,Hamburg,Hamburg,22113,10.096658,53.515589,2024-07-08T00:35:00,2024-07-08T00:35:00,,,0,0,,on_time,on_time
-4800519778142256146-2407080010-9,26,Mainz Hbf|Mainz-Mombach|Budenheim|Uhlerborn|Heidesheim(Rheinhess)|Ingelheim|Gau Algesheim|Bingen-Gaulsheim,8000976,4,Bingen (Rhein) Stadt,Rheinland-Pfalz,Bingen,55411,7.902985,49.969746,2024-07-08T00:38:00,2024-07-08T00:39:00,2024-07-08T00:38:00,2024-07-08T00:39:00,0,0,,on_time,on_time
-4800519778142256146-2407080010-8,26,Mainz Hbf|Mainz-Mombach|Budenheim|Uhlerborn|Heidesheim(Rheinhess)|Ingelheim|Gau Algesheim,8000975,5,Bingen-Gaulsheim,Rheinland-Pfalz,Bingen-Gaulsheim,55411,7.950983,49.967073,2024-07-08T00:35:00,2024-07-08T00:35:00,2024-07-08T00:35:00,2024-07-08T00:35:00,0,0,,on_time,on_time
-7089612252540881345-2407072347-22,5,Berlin Westkreuz|Berlin Charlottenburg (S)|Berlin Savignyplatz|Berlin Zoologischer Garten (S)|Berlin-Tiergarten|Berlin Bellevue|Berlin Hbf (S-Bahn)|Berlin Friedrichstraße (S)|Berlin Hackescher Markt|Berlin Alexanderplatz (S)|Berlin Jannowitzbrücke|Berlin Ostbahnhof (S)|Berlin Warschauer Straße|Berlin Ostkreuz (S)|Berlin Nöldnerplatz|Berlin-Lichtenberg (S)|Berlin-Friedrichsfelde Ost|Berlin-Biesdorf|Berlin Wuhletal|Berlin-Kaulsdorf|Berlin-Mahlsdorf (S),8070002,4,Birkenstein,Brandenburg,Hoppegarten,15366,13.647187,52.515601,2024-07-08T00:36:00,2024-07-08T00:37:00,2024-07-08T00:36:00,2024-07-08T00:37:00,0,0,,on_time,on_time
-1661884591786734418-2407080053-2,5,Berlin-Mahlsdorf (S),8070002,4,Birkenstein,Brandenburg,Hoppegarten,15366,13.647187,52.515601,2024-07-08T00:56:00,2024-07-08T00:57:00,,,0,0,,on_time,on_time
29114199650511781-2407080013-2,5,Berlin-Mahlsdorf (S),8070002,4,Birkenstein,Brandenburg,Hoppegarten,15366,13.647187,52.515601,2024-07-08T00:16:00,2024-07-08T00:17:00,2024-07-08T00:16:00,2024-07-08T00:17:00,0,0,,on_time,on_time
-3200361865905307920-2407080009-9,5,Strausberg Nord|Strausberg Stadt|Strausberg-Hegermühle|Strausberg (S)|Petershagen Nord|Fredersdorf(b Berlin)|Neuenhagen(b Berlin)|Hoppegarten(Mark),8070002,4,Birkenstein,Brandenburg,Hoppegarten,15366,13.647187,52.515601,2024-07-08T00:37:00,2024-07-08T00:37:00,2024-07-08T00:37:00,2024-07-08T00:37:00,0,0,,on_time,on_time
-6035210325140340870-2407072254-32,1,Berlin-Wannsee (S)|Berlin-Nikolassee|Berlin-Schlachtensee|Berlin Mexikoplatz|Berlin-Zehlendorf|Berlin Sundgauer Str|Berlin-Lichterfelde West|Berlin Botanischer Garten|Berlin Rathaus Steglitz|Berlin Feuerbachstr.|Berlin-Friedenau|Berlin-Schöneberg|Berlin Julius-Leber-Brücke|Berlin Yorckstr.(S1)|Berlin Anhalter Bf|Berlin Potsdamer Platz (S)|Berlin Brandenburger Tor|Berlin Friedrichstraße (S)|Berlin Oranienburger Straße|Berlin Nordbahnhof|Berlin Humboldthain|Berlin Gesundbrunnen(S)|Berlin Bornholmer Str.|Berlin Wollankstraße|Berlin-Schönholz|Berlin-Wilhelmsruh|Berlin-Wittenau (Wilhelmsruher Damm)|Berlin-Waidmannslust|Berlin-Hermsdorf|Berlin-Frohnau|Hohen Neuendorf(b Berlin),8080190,4,Birkenwerder (b Berlin),Brandenburg,Birkenwerder,16547,13.288772,52.688249,2024-07-08T00:05:00,2024-07-08T00:06:00,2024-07-08T00:05:00,2024-07-08T00:06:00,0,0,,on_time,on_time
8676169454658901758-2407072351-4,1,Oranienburg|Lehnitz|Borgsdorf,8080190,4,Birkenwerder (b Berlin),Brandenburg,Birkenwerder,16547,13.288772,52.688249,2024-07-08T00:00:00,2024-07-08T00:00:00,2024-07-08T00:00:00,2024-07-08T00:01:00,0,1,,on_time,on_time
-5641342810993358765-2407080011-4,1,Oranienburg|Lehnitz|Borgsdorf,8080190,4,Birkenwerder (b Berlin),Brandenburg,Birkenwerder,16547,13.288772,52.688249,2024-07-08T00:20:00,2024-07-08T00:20:00,2024-07-08T00:20:00,2024-07-08T00:20:00,0,0,,on_time,on_time
-211104171317325269-2407072314-32,1,Berlin-Wannsee (S)|Berlin-Nikolassee|Berlin-Schlachtensee|Berlin Mexikoplatz|Berlin-Zehlendorf|Berlin Sundgauer Str|Berlin-Lichterfelde West|Berlin Botanischer Garten|Berlin Rathaus Steglitz|Berlin Feuerbachstr.|Berlin-Friedenau|Berlin-Schöneberg|Berlin Julius-Leber-Brücke|Berlin Yorckstr.(S1)|Berlin Anhalter Bf|Berlin Potsdamer Platz (S)|Berlin Brandenburger Tor|Berlin Friedrichstraße (S)|Berlin Oranienburger Straße|Berlin Nordbahnhof|Berlin Humboldthain|Berlin Gesundbrunnen(S)|Berlin Bornholmer Str.|Berlin Wollankstraße|Berlin-Schönholz|Berlin-Wilhelmsruh|Berlin-Wittenau (Wilhelmsruher Damm)|Berlin-Waidmannslust|Berlin-Hermsdorf|Berlin-Frohnau|Hohen Neuendorf(b Berlin),8080190,4,Birkenwerder (b Berlin),Brandenburg,Birkenwerder,16547,13.288772,52.688249,2024-07-08T00:25:00,2024-07-08T00:26:00,2024-07-08T00:26:00,2024-07-08T00:27:00,1,1,,on_time,on_time
8848354961888364614-2407080031-4,1,Oranienburg|Lehnitz|Borgsdorf,8080190,4,Birkenwerder (b Berlin),Brandenburg,Birkenwerder,16547,13.288772,52.688249,2024-07-08T00:40:00,2024-07-08T00:40:00,,,0,0,,on_time,on_time
-7234128127155025168-2407072334-32,1,Berlin-Wannsee (S)|Berlin-Nikolassee|Berlin-Schlachtensee|Berlin Mexikoplatz|Berlin-Zehlendorf|Berlin Sundgauer Str|Berlin-Lichterfelde West|Berlin Botanischer Garten|Berlin Rathaus Steglitz|Berlin Feuerbachstr.|Berlin-Friedenau|Berlin-Schöneberg|Berlin Julius-Leber-Brücke|Berlin Yorckstr.(S1)|Berlin Anhalter Bf|Berlin Potsdamer Platz (S)|Berlin Brandenburger Tor|Berlin Friedrichstraße (S)|Berlin Oranienburger Straße|Berlin Nordbahnhof|Berlin Humboldthain|Berlin Gesundbrunnen(S)|Berlin Bornholmer Str.|Berlin Wollankstraße|Berlin-Schönholz|Berlin-Wilhelmsruh|Berlin-Wittenau (Wilhelmsruher Damm)|Berlin-Waidmannslust|Berlin-Hermsdorf|Berlin-Frohnau|Hohen Neuendorf(b Berlin),8080190,4,Birkenwerder (b Berlin),Brandenburg,Birkenwerder,16547,13.288772,52.688249,2024-07-08T00:45:00,2024-07-08T00:46:00,2024-07-08T00:45:00,2024-07-08T00:46:00,0,0,,on_time,on_time
-5012084765708061335-2407072333-7,RB58,Rüsselsheim Opelwerk|Rüsselsheim|Frankfurt(M) Flughafen Fernbf|Frankfurt(Main)Süd|Frankfurt(Main)Ost|Frankfurt-Mainkur,8000996,5,Maintal West,Hessen,Maintal,63477,8.805296,50.140987,2024-07-08T00:11:00,2024-07-08T00:11:00,,,0,0,Großstörung,on_time,on_time
-2061827729431017903-2407080030-5,54,Frankfurt(Main)Hbf|Frankfurt(Main)Süd|Frankfurt(Main)Ost|Frankfurt-Mainkur,8000996,5,Maintal West,Hessen,Maintal,63477,8.805296,50.140987,2024-07-08T00:46:00,2024-07-08T00:46:00,,,0,0,Störung,on_time,on_time
-6420897253859089585-2407072350-7,RB60,Dresden Hbf|Dresden Mitte|Dresden-Neustadt|Dresden-Klotzsche|Radeberg|Arnsdorf(Dresden),8010049,5,Bischofswerda,Sachsen,Bischofswerda,1877,14.186144,51.125585,2024-07-08T00:23:00,2024-07-08T00:28:00,2024-07-08T00:32:00,2024-07-08T00:32:00,9,4,,delay,on_time
1202483610931944812-2407072318-13,RB60,Görlitz|Görlitz-Rauschwalde|Gersdorf(Görlitz)|Reichenbach(Oberlausitz)|Zoblitz|Löbau(Sachs)|Breitendorf|Pommritz|Kubschütz|Bautzen|Seitschen|Demitz-Thumitz,8010049,5,Bischofswerda,Sachsen,Bischofswerda,1877,14.186144,51.125585,2024-07-08T00:10:00,2024-07-08T00:33:00,2024-07-08T00:10:00,2024-07-08T00:33:00,0,0,,on_time,on_time
3699460996554102396-2407072350-7,RB61,Dresden Hbf|Dresden Mitte|Dresden-Neustadt|Dresden-Klotzsche|Radeberg|Arnsdorf(Dresden),8010049,5,Bischofswerda,Sachsen,Bischofswerda,1877,14.186144,51.125585,2024-07-08T00:23:00,2024-07-08T00:26:00,2024-07-08T00:32:00,2024-07-08T00:34:00,9,8,,delay,delay
2492143918486028416-2407072351-11,RB61,Ebersbach(Sachs)|Neusalza-Spremberg|Taubenheim(Spree)|Sohland|Schirgiswalde-Kirschau|Wilthen|Neukirch(Lausitz)Ost|Neukirch(Lausitz)West|Putzkau|Schmölln(Ol),8010049,5,Bischofswerda,Sachsen,Bischofswerda,1877,14.186144,51.125585,2024-07-08T00:26:00,2024-07-08T00:33:00,2024-07-08T00:26:00,2024-07-08T00:33:00,0,0,,on_time,on_time
88568078225937621-2407072306-15,4,Hildesheim Hbf|Emmerke|Barnten|Sarstedt|Rethen(Leine)|Hannover Messe/Laatzen|Hannover Bismarckstr.|Hannover Hbf|Hannover-Nordstadt|Hannover-Ledeburg|Hannover-Vinnhorst|Langenhagen Mitte|Langenhagen Pferdemarkt|Langenhagen-Kaltenweide,8001000,5,Bissendorf,Niedersachsen,Wedemark,30900,9.748191,52.522705,2024-07-08T00:00:00,2024-07-08T00:00:00,2024-07-08T00:16:00,2024-07-08T00:16:00,16,16,Information,delay,delay
-5726971871542223575-2407072308-26,1,Hamburg-Poppenbüttel|Hamburg-Wellingsbüttel|Hamburg Hoheneichen|Hamburg Kornweg(Klein Borstel)|Hamburg-Ohlsdorf|Hamburg Rübenkamp|Hamburg Alte Wöhr|Hamburg-Barmbek|Hamburg Friedrichsberg|Hamburg Wandsbeker Chaussee|Hamburg Hasselbrook|Hamburg Landwehr|Hamburg Berliner Tor|Hamburg Hbf (S-Bahn)|Hamburg Jungfernstieg|Hamburg Stadthausbrücke|Hamburg Landungsbrücken|Hamburg Reeperbahn|Hamburg Königstraße|Hamburg-Altona(S)|Hamburg-Ottensen|Hamburg-Bahrenfeld|Hamburg-Othmarschen|Hamburg Klein Flottbek|Hamburg Hochkamp,8001007,3,Blankenese,Hamburg,Hamburg,22587,9.814607,53.564364,2024-07-08T00:05:00,2024-07-08T00:06:00,2024-07-08T00:05:00,2024-07-08T00:06:00,0,0,,on_time,on_time
-5006626778859705318-2407072348-26,1,Hamburg-Poppenbüttel|Hamburg-Wellingsbüttel|Hamburg Hoheneichen|Hamburg Kornweg(Klein Borstel)|Hamburg-Ohlsdorf|Hamburg Rübenkamp|Hamburg Alte Wöhr|Hamburg-Barmbek|Hamburg Friedrichsberg|Hamburg Wandsbeker Chaussee|Hamburg Hasselbrook|Hamburg Landwehr|Hamburg Berliner Tor|Hamburg Hbf (S-Bahn)|Hamburg Jungfernstieg|Hamburg Stadthausbrücke|Hamburg Landungsbrücken|Hamburg Reeperbahn|Hamburg Königstraße|Hamburg-Altona(S)|Hamburg-Ottensen|Hamburg-Bahrenfeld|Hamburg-Othmarschen|Hamburg Klein Flottbek|Hamburg Hochkamp,8001007,3,Blankenese,Hamburg,Hamburg,22587,9.814607,53.564364,2024-07-08T00:45:00,2024-07-08T00:46:00,2024-07-08T00:45:00,2024-07-08T00:46:00,0,0,,on_time,on_time
-9007562312501070911-2407072333-23,1,Hamburg Airport|Hamburg-Ohlsdorf|Hamburg Rübenkamp|Hamburg Alte Wöhr|Hamburg-Barmbek|Hamburg Friedrichsberg|Hamburg Wandsbeker Chaussee|Hamburg Hasselbrook|Hamburg Landwehr|Hamburg Berliner Tor|Hamburg Hbf (S-Bahn)|Hamburg Jungfernstieg|Hamburg Stadthausbrücke|Hamburg Landungsbrücken|Hamburg Reeperbahn|Hamburg Königstraße|Hamburg-Altona(S)|Hamburg-Ottensen|Hamburg-Bahrenfeld|Hamburg-Othmarschen|Hamburg Klein Flottbek|Hamburg Hochkamp,8001007,3,Blankenese,Hamburg,Hamburg,22587,9.814607,53.564364,2024-07-08T00:25:00,2024-07-08T00:26:00,2024-07-08T00:28:00,2024-07-08T00:30:00,3,4,,on_time,on_time
-1178631155959872738-2407072328-26,1,Hamburg-Poppenbüttel|Hamburg-Wellingsbüttel|Hamburg Hoheneichen|Hamburg Kornweg(Klein Borstel)|Hamburg-Ohlsdorf|Hamburg Rübenkamp|Hamburg Alte Wöhr|Hamburg-Barmbek|Hamburg Friedrichsberg|Hamburg Wandsbeker Chaussee|Hamburg Hasselbrook|Hamburg Landwehr|Hamburg Berliner Tor|Hamburg Hbf (S-Bahn)|Hamburg Jungfernstieg|Hamburg Stadthausbrücke|Hamburg Landungsbrücken|Hamburg Reeperbahn|Hamburg Königstraße|Hamburg-Altona(S)|Hamburg-Ottensen|Hamburg-Bahrenfeld|Hamburg-Othmarschen|Hamburg Klein Flottbek|Hamburg Hochkamp,8001007,3,Blankenese,Hamburg,Hamburg,22587,9.814607,53.564364,2024-07-08T00:25:00,2024-07-08T00:26:00,2024-07-08T00:28:00,2024-07-08T00:30:00,3,4,,on_time,on_time
3534916180088668718-2407080003-5,1,Wedel(Holst)|Hamburg-Rissen|Hamburg-Sülldorf|Hamburg-Iserbrook,8001007,3,Blankenese,Hamburg,Hamburg,22587,9.814607,53.564364,2024-07-08T00:16:00,2024-07-08T00:17:00,2024-07-08T00:16:00,2024-07-08T00:17:00,0,0,,on_time,on_time
2348175559750561464-2407072313-23,1,Hamburg Airport|Hamburg-Ohlsdorf|Hamburg Rübenkamp|Hamburg Alte Wöhr|Hamburg-Barmbek|Hamburg Friedrichsberg|Hamburg Wandsbeker Chaussee|Hamburg Hasselbrook|Hamburg Landwehr|Hamburg Berliner Tor|Hamburg Hbf (S-Bahn)|Hamburg Jungfernstieg|Hamburg Stadthausbrücke|Hamburg Landungsbrücken|Hamburg Reeperbahn|Hamburg Königstraße|Hamburg-Altona(S)|Hamburg-Ottensen|Hamburg-Bahrenfeld|Hamburg-Othmarschen|Hamburg Klein Flottbek|Hamburg Hochkamp,8001007,3,Blankenese,Hamburg,Hamburg,22587,9.814607,53.564364,2024-07-08T00:05:00,2024-07-08T00:06:00,2024-07-08T00:05:00,2024-07-08T00:06:00,0,0,,on_time,on_time
3945870737082109061-2407072353-23,1,Hamburg Airport|Hamburg-Ohlsdorf|Hamburg Rübenkamp|Hamburg Alte Wöhr|Hamburg-Barmbek|Hamburg Friedrichsberg|Hamburg Wandsbeker Chaussee|Hamburg Hasselbrook|Hamburg Landwehr|Hamburg Berliner Tor|Hamburg Hbf (S-Bahn)|Hamburg Jungfernstieg|Hamburg Stadthausbrücke|Hamburg Landungsbrücken|Hamburg Reeperbahn|Hamburg Königstraße|Hamburg-Altona(S)|Hamburg-Ottensen|Hamburg-Bahrenfeld|Hamburg-Othmarschen|Hamburg Klein Flottbek|Hamburg Hochkamp,8001007,3,Blankenese,Hamburg,Hamburg,22587,9.814607,53.564364,2024-07-08T00:45:00,2024-07-08T00:46:00,2024-07-08T00:45:00,2024-07-08T00:46:00,0,0,,on_time,on_time
-97626342025318856-2407080043-1,8,,8010053,4,Blankenfelde (Kr Teltow-Fläming),Brandenburg,Blankenfelde,15827,13.415982,52.337213,,2024-07-08T00:43:00,,2024-07-08T00:43:00,0,0,,on_time,on_time
3846530474941700870-2407080006-13,9,Mannheim Hbf|Mannheim-Neckarau|Mannheim-Rheinau|Schwetzingen-Hirschacker|Schwetzingen|Oftersheim|Hockenheim|Neulußheim|Waghäusel|Wiesental|Graben-Neudorf|Friedrichstal(Baden),8001009,5,Blankenloch,Baden-Württemberg,Stutensee,76297,8.464729,49.066528,2024-07-08T00:52:00,2024-07-08T00:52:00,2024-07-08T00:54:00,2024-07-08T00:54:00,2,2,Information,on_time,on_time
-4852394723515491479-2407080022-3,9,Karlsruhe Hbf|Karlsruhe-Hagsfeld,8001009,5,Blankenloch,Baden-Württemberg,Stutensee,76297,8.464729,49.066528,2024-07-08T00:30:00,2024-07-08T00:31:00,2024-07-08T00:30:00,2024-07-08T00:31:00,0,0,Information,on_time,on_time
1425773803268788033-2407072331-18,6,Bensheim|Heppenheim(Bergstr)|Laudenbach(Bergstr)|Hemsbach|Weinheim-Sulzbach|Weinheim(Bergstr)Hbf|Heddesheim/Hirschberg|Ladenburg|Neu-Edingen/Friedrichsfeld|Mannheim-Seckenheim|Mannheim ARENA/Maimarkt|Mannheim Hbf|Ludwigshafen(Rhein) Mitte|Ludwigshafen(Rh)Hbf|Ludwigshafen-Oggersheim|Frankenthal Süd|Frankenthal Hbf,8001032,4,Bobenheim,Rheinland-Pfalz,Bobenheim,67240,8.35032,49.588139,2024-07-08T00:35:00,2024-07-08T00:36:00,2024-07-08T00:37:00,2024-07-08T00:38:00,2,2,Information,on_time,on_time
-6711944245409804133-2407080018-5,RB77,Augsburg Hbf|Augsburg Morellstr.|Augsburg Messe|Inningen,8001033,4,Bobingen,Bayern,Bobingen,86399,10.837891,48.266373,2024-07-08T00:33:00,2024-07-08T00:33:00,2024-07-08T00:33:00,2024-07-08T00:33:00,0,0,,on_time,on_time
-2117726194312836395-2407072308-9,71,Memmingen|Sontheim(Schwab)|Stetten(Schwab)|Mindelheim|Rammingen(Bay)|Türkheim(Bay)Bf|Buchloe|Schwabmünchen,8001033,4,Bobingen,Bayern,Bobingen,86399,10.837891,48.266373,2024-07-08T00:27:00,2024-07-08T00:32:00,2024-07-08T00:35:00,2024-07-08T00:36:00,8,4,,delay,on_time
-7696913984968518161-2407080037-3,13,Aalen Hbf|Mögglingen(Gmünd),8005979,5,Böbingen (Rems),Baden-Württemberg,Böbingen (Rems),73560,9.912807,48.822439,2024-07-08T00:49:00,2024-07-08T00:49:00,2024-07-08T00:49:00,2024-07-08T00:49:00,0,0,Information,on_time,on_time
-5102010428554591741-2407072320-10,13,Stuttgart Hbf|Stuttgart-Bad Cannstatt|Waiblingen|Schorndorf|Urbach(b Schorndorf)|Plüderhausen|Waldhausen(b Schorndorf)|Lorch(Württ)|Schwäbisch Gmünd,8005979,5,Böbingen (Rems),Baden-Württemberg,Böbingen (Rems),73560,9.912807,48.822439,2024-07-08T00:08:00,2024-07-08T00:08:00,2024-07-08T00:08:00,2024-07-08T00:08:00,0,0,Information,on_time,on_time
8092363418274949423-2407072350-24,1,Kirchheim(Teck)|Kirchheim(Teck)-Ötlingen|Wendlingen(Neckar)|Wernau(Neckar)|Plochingen|Altbach|Esslingen-Zell|Oberesslingen|Esslingen(Neckar)|Esslingen-Mettingen|Stuttgart-Obertürkheim|Stuttgart-Untertürkheim|Stuttgart Neckarpark|Stuttgart-Bad Cannstatt|Stuttgart Hbf (tief)|Stuttgart Stadtmitte|Stuttgart Feuersee|Stuttgart Schwabstr.|Stuttgart Universität|Stuttgart-Österfeld|Stuttgart-Vaihingen|Stuttgart-Rohr|Goldberg(Württ),8001055,3,Böblingen,Baden-Württemberg,Böblingen,71034,9.004128,48.687758,2024-07-08T00:59:00,2024-07-08T00:59:00,2024-07-08T00:59:00,2024-07-08T01:00:00,0,1,Information,on_time,on_time
4705599029793291676-2407072320-24,1,Kirchheim(Teck)|Kirchheim(Teck)-Ötlingen|Wendlingen(Neckar)|Wernau(Neckar)|Plochingen|Altbach|Esslingen-Zell|Oberesslingen|Esslingen(Neckar)|Esslingen-Mettingen|Stuttgart-Obertürkheim|Stuttgart-Untertürkheim|Stuttgart Neckarpark|Stuttgart-Bad Cannstatt|Stuttgart Hbf (tief)|Stuttgart Stadtmitte|Stuttgart Feuersee|Stuttgart Schwabstr.|Stuttgart Universität|Stuttgart-Österfeld|Stuttgart-Vaihingen|Stuttgart-Rohr|Goldberg(Württ),8001055,3,Böblingen,Baden-Württemberg,Böblingen,71034,9.004128,48.687758,2024-07-08T00:29:00,2024-07-08T00:29:00,2024-07-08T00:29:00,2024-07-08T00:30:00,0,1,Information,on_time,on_time
-6259882265361652539-2407080035-1,RB46,,8001055,3,Böblingen,Baden-Württemberg,Böblingen,71034,9.004128,48.687758,,2024-07-08T00:35:00,,2024-07-08T00:35:00,0,0,,on_time,on_time
-8774147686098078692-2407080004-1,60,,8001055,3,Böblingen,Baden-Württemberg,Böblingen,71034,9.004128,48.687758,,2024-07-08T00:04:00,,2024-07-08T00:04:00,0,0,Information,on_time,on_time
-9074467080985277700-2407080034-1,60,,8001055,3,Böblingen,Baden-Württemberg,Böblingen,71034,9.004128,48.687758,,2024-07-08T00:34:00,,,0,0,Information,on_time,on_time
-8304442680762532771-2407080016-6,1,Herrenberg|Nufringen|Gärtringen|Ehningen(b Böblingen)|Hulb,8001055,3,Böblingen,Baden-Württemberg,Böblingen,71034,9.004128,48.687758,2024-07-08T00:30:00,2024-07-08T00:30:00,2024-07-08T00:30:00,2024-07-08T00:31:00,0,1,Information,on_time,on_time
4035296386850578453-2407072346-6,1,Herrenberg|Nufringen|Gärtringen|Ehningen(b Böblingen)|Hulb,8001055,3,Böblingen,Baden-Württemberg,Böblingen,71034,9.004128,48.687758,2024-07-08T00:00:00,2024-07-08T00:00:00,2024-07-08T00:00:00,2024-07-08T00:00:00,0,0,Information,on_time,on_time
-5780077195928446684-2407080049-1,RB46,,8000041,2,Bochum Hbf,Nordrhein-Westfalen,Bochum,44787,7.223275,51.478609,,2024-07-08T00:49:00,,,0,0,,on_time,on_time
1338383913504646908-2407080016-5,40,Hagen Hbf|Hagen-Vorhalle|Wetter(Ruhr)|Witten Hbf,8000041,2,Bochum Hbf,Nordrhein-Westfalen,Bochum,44787,7.223275,51.478609,2024-07-08T00:42:00,2024-07-08T00:43:00,2024-07-08T00:42:00,2024-07-08T00:43:00,0,0,,on_time,on_time
515497488599163691-2407080050-1,RE6,,8000041,2,Bochum Hbf,Nordrhein-Westfalen,Bochum,44787,7.223275,51.478609,,2024-07-08T00:50:00,,,0,0,,on_time,on_time
2929896190159586465-2407080012-4,40,Essen Hbf|Essen-Kray Süd|Wattenscheid,8000041,2,Bochum Hbf,Nordrhein-Westfalen,Bochum,44787,7.223275,51.478609,2024-07-08T00:25:00,2024-07-08T00:26:00,2024-07-08T00:25:00,2024-07-08T00:26:00,0,0,,on_time,on_time
8638280345807755066-2407072248-12,6,Köln/Bonn Flughafen|Köln Hbf|Dormagen|Neuss Hbf|Düsseldorf-Bilk|Düsseldorf Hbf|Düsseldorf Flughafen|Duisburg Hbf|Mülheim(Ruhr)Hbf|Essen Hbf|Wattenscheid,8000041,2,Bochum Hbf,Nordrhein-Westfalen,Bochum,44787,7.223275,51.478609,2024-07-08T00:41:00,2024-07-08T00:43:00,2024-07-08T00:41:00,2024-07-08T00:43:00,0,0,,on_time,on_time
5650308648048969523-2407072351-9,1,Dortmund Hbf|Dortmund-Dorstfeld|Dortmund-Dorstfeld Süd|Dortmund Universität|Dortmund-Oespel|Dortmund-Kley|Bochum-Langendreer|Bochum-Langendreer West,8000041,2,Bochum Hbf,Nordrhein-Westfalen,Bochum,44787,7.223275,51.478609,2024-07-08T00:16:00,2024-07-08T00:17:00,2024-07-08T00:16:00,2024-07-08T00:17:00,0,0,Information. (Quelle: zuginfo.nrw),on_time,on_time
1357697637198735008-2407072337-23,1,Düsseldorf Hbf|Düsseldorf Wehrhahn|Düsseldorf-Zoo|Düsseldorf-Derendorf|Düsseldorf-Unterrath|Düsseldorf Flughafen|Angermund|Duisburg-Rahm|Duisburg-Großenbaum|Duisburg-Buchholz|Duisburg-Schlenk|Duisburg Hbf|Mülheim(Ruhr)Styrum|Mülheim(Ruhr)Hbf|Essen-Frohnhausen|Essen West|Essen Hbf|Essen-Steele|Essen-Steele Ost|Essen-Eiberg|Wattenscheid-Höntrop|Bochum-Ehrenfeld,8000041,2,Bochum Hbf,Nordrhein-Westfalen,Bochum,44787,7.223275,51.478609,2024-07-08T00:43:00,2024-07-08T00:44:00,2024-07-08T00:43:00,2024-07-08T00:44:00,0,0,Information. (Quelle: zuginfo.nrw),on_time,on_time
-3839873299490496603-2407072151-20,1,Aachen Hbf|Aachen-Rothe Erde|Stolberg(Rheinl)Hbf|Eschweiler Hbf|Langerwehe|Düren|Horrem|Köln-Ehrenfeld|Köln Hbf|Köln Messe/Deutz|Köln-Mülheim|Leverkusen Mitte|Düsseldorf-Benrath|Düsseldorf Hbf|Düsseldorf Flughafen|Duisburg Hbf|Mülheim(Ruhr)Hbf|Essen Hbf|Wattenscheid,8000041,2,Bochum Hbf,Nordrhein-Westfalen,Bochum,44787,7.223275,51.478609,2024-07-08T00:02:00,2024-07-08T00:03:00,2024-07-08T00:02:00,2024-07-08T00:03:00,0,0,,on_time,on_time
3554000708093905771-2407072307-23,1,Düsseldorf Hbf|Düsseldorf Wehrhahn|Düsseldorf-Zoo|Düsseldorf-Derendorf|Düsseldorf-Unterrath|Düsseldorf Flughafen|Angermund|Duisburg-Rahm|Duisburg-Großenbaum|Duisburg-Buchholz|Duisburg-Schlenk|Duisburg Hbf|Mülheim(Ruhr)Styrum|Mülheim(Ruhr)Hbf|Essen-Frohnhausen|Essen West|Essen Hbf|Essen-Steele|Essen-Steele Ost|Essen-Eiberg|Wattenscheid-Höntrop|Bochum-Ehrenfeld,8000041,2,Bochum Hbf,Nordrhein-Westfalen,Bochum,44787,7.223275,51.478609,2024-07-08T00:13:00,2024-07-08T00:14:00,2024-07-08T00:13:00,2024-07-08T00:14:00,0,0,Information. (Quelle: zuginfo.nrw),on_time,on_time
8508930744013894031-2407080017-11,3,Oberhausen Hbf|Mülheim(Ruhr)Styrum|Mülheim(Ruhr)West|Mülheim(Ruhr)Hbf|Essen-Frohnhausen|Essen West|Essen Hbf|Essen-Steele|Essen-Steele Ost|Essen-Horst,8001038,5,Bochum-Dahlhausen,Nordrhein-Westfalen,Bochum,44879,7.140842,51.426358,2024-07-08T00:49:00,2024-07-08T00:50:00,2024-07-08T00:49:00,2024-07-08T00:50:00,0,0,Information. (Quelle: zuginfo.nrw),on_time,on_time
-16012992582156176-2407080003-3,3,Hattingen(Ruhr) Mitte|Hattingen(Ruhr),8001038,5,Bochum-Dahlhausen,Nordrhein-Westfalen,Bochum,44879,7.140842,51.426358,2024-07-08T00:09:00,2024-07-08T00:10:00,2024-07-08T00:16:00,2024-07-08T00:16:00,7,6,Information. (Quelle: zuginfo.nrw),delay,delay
5650308648048969523-2407072351-10,1,Dortmund Hbf|Dortmund-Dorstfeld|Dortmund-Dorstfeld Süd|Dortmund Universität|Dortmund-Oespel|Dortmund-Kley|Bochum-Langendreer|Bochum-Langendreer West|Bochum Hbf,8001039,5,Bochum-Ehrenfeld,Nordrhein-Westfalen,Bochum,44793,7.20915,51.472117,2024-07-08T00:18:00,2024-07-08T00:19:00,2024-07-08T00:18:00,2024-07-08T00:19:00,0,0,Information. (Quelle: zuginfo.nrw),on_time,on_time
1357697637198735008-2407072337-22,1,Düsseldorf Hbf|Düsseldorf Wehrhahn|Düsseldorf-Zoo|Düsseldorf-Derendorf|Düsseldorf-Unterrath|Düsseldorf Flughafen|Angermund|Duisburg-Rahm|Duisburg-Großenbaum|Duisburg-Buchholz|Duisburg-Schlenk|Duisburg Hbf|Mülheim(Ruhr)Styrum|Mülheim(Ruhr)Hbf|Essen-Frohnhausen|Essen West|Essen Hbf|Essen-Steele|Essen-Steele Ost|Essen-Eiberg|Wattenscheid-Höntrop,8001039,5,Bochum-Ehrenfeld,Nordrhein-Westfalen,Bochum,44793,7.20915,51.472117,2024-07-08T00:41:00,2024-07-08T00:41:00,2024-07-08T00:41:00,2024-07-08T00:42:00,0,1,Information. (Quelle: zuginfo.nrw),on_time,on_time
3554000708093905771-2407072307-22,1,Düsseldorf Hbf|Düsseldorf Wehrhahn|Düsseldorf-Zoo|Düsseldorf-Derendorf|Düsseldorf-Unterrath|Düsseldorf Flughafen|Angermund|Duisburg-Rahm|Duisburg-Großenbaum|Duisburg-Buchholz|Duisburg-Schlenk|Duisburg Hbf|Mülheim(Ruhr)Styrum|Mülheim(Ruhr)Hbf|Essen-Frohnhausen|Essen West|Essen Hbf|Essen-Steele|Essen-Steele Ost|Essen-Eiberg|Wattenscheid-Höntrop,8001039,5,Bochum-Ehrenfeld,Nordrhein-Westfalen,Bochum,44793,7.20915,51.472117,2024-07-08T00:11:00,2024-07-08T00:11:00,2024-07-08T00:11:00,2024-07-08T00:11:00,0,0,Information. (Quelle: zuginfo.nrw),on_time,on_time
1357697637198735008-2407072337-25,1,Düsseldorf Hbf|Düsseldorf Wehrhahn|Düsseldorf-Zoo|Düsseldorf-Derendorf|Düsseldorf-Unterrath|Düsseldorf Flughafen|Angermund|Duisburg-Rahm|Duisburg-Großenbaum|Duisburg-Buchholz|Duisburg-Schlenk|Duisburg Hbf|Mülheim(Ruhr)Styrum|Mülheim(Ruhr)Hbf|Essen-Frohnhausen|Essen West|Essen Hbf|Essen-Steele|Essen-Steele Ost|Essen-Eiberg|Wattenscheid-Höntrop|Bochum-Ehrenfeld|Bochum Hbf|Bochum-Langendreer West,8000358,4,Bochum-Langendreer,Nordrhein-Westfalen,Bochum,44892,7.323645,51.477992,2024-07-08T00:50:00,2024-07-08T00:51:00,2024-07-08T00:50:00,2024-07-08T00:51:00,0,0,Information. (Quelle: zuginfo.nrw),on_time,on_time
3554000708093905771-2407072307-25,1,Düsseldorf Hbf|Düsseldorf Wehrhahn|Düsseldorf-Zoo|Düsseldorf-Derendorf|Düsseldorf-Unterrath|Düsseldorf Flughafen|Angermund|Duisburg-Rahm|Duisburg-Großenbaum|Duisburg-Buchholz|Duisburg-Schlenk|Duisburg Hbf|Mülheim(Ruhr)Styrum|Mülheim(Ruhr)Hbf|Essen-Frohnhausen|Essen West|Essen Hbf|Essen-Steele|Essen-Steele Ost|Essen-Eiberg|Wattenscheid-Höntrop|Bochum-Ehrenfeld|Bochum Hbf|Bochum-Langendreer West,8000358,4,Bochum-Langendreer,Nordrhein-Westfalen,Bochum,44892,7.323645,51.477992,2024-07-08T00:20:00,2024-07-08T00:21:00,2024-07-08T00:20:00,2024-07-08T00:21:00,0,0,Information. (Quelle: zuginfo.nrw),on_time,on_time
5650308648048969523-2407072351-8,1,Dortmund Hbf|Dortmund-Dorstfeld|Dortmund-Dorstfeld Süd|Dortmund Universität|Dortmund-Oespel|Dortmund-Kley|Bochum-Langendreer,8004474,4,Bochum-Langendreer West,Nordrhein-Westfalen,Bochum,44892,7.304327,51.478032,2024-07-08T00:10:00,2024-07-08T00:11:00,2024-07-08T00:10:00,2024-07-08T00:11:00,0,0,Information. (Quelle: zuginfo.nrw),on_time,on_time
-4679947521529972973-2407080008-4,6,Mainz Hbf|Mainz Römisches Theater|Mainz-Laubenheim,8000359,4,Bodenheim,Rheinland-Pfalz,Bodenheim,55294,8.312491,49.929585,2024-07-08T00:19:00,2024-07-08T00:19:00,2024-07-08T00:19:00,2024-07-08T00:19:00,0,0,Information,on_time,on_time
-7131878525973819330-2407072256-23,2,Karlsruhe Hbf|Karlsruhe-Durlach|Bruchsal|Ubstadt-Weiher|Bad Schönborn Süd|Bad Schönborn-Kronau|Rot-Malsch|Wiesloch-Walldorf|St Ilgen-Sandhausen|Heidelberg-Kirchheim/Rohrbach|Heidelberg Hbf|Heidelberg-Pfaffengrund/Wieblingen|Mannheim-Friedrichsfeld Süd|Mannheim-Seckenheim|Mannheim ARENA/Maimarkt|Mannheim Hbf|Ludwigshafen(Rhein) Mitte|Ludwigshafen(Rh)Hbf|Ludwigshafen-Mundenheim|Ludwigshafen-Rheingönheim|Limburgerhof|Schifferstadt,8001057,5,Böhl-Iggelheim,Rheinland-Pfalz,Böhl-Iggelheim,67459,8.303602,49.379831,2024-07-08T00:35:00,2024-07-08T00:36:00,2024-07-08T00:36:00,2024-07-08T00:36:00,1,0,,on_time,on_time
2888469454497743447-2407080008-13,5,Leipzig Hbf (tief)|Leipzig Markt|Leipzig Wilhelm-Leuschner-Platz|Leipzig Bayerischer Bahnhof|Leipzig MDR|Leipzig-Connewitz|Markkleeberg Nord|Markkleeberg|Markkleeberg-Großstädteln|Markkleeberg-Gaschwitz|Großdeuben|Böhlen(Leipzig),8011222,5,Böhlen Werke,Sachsen,Böhlen,4564,12.384024,51.184702,2024-07-08T00:35:00,2024-07-08T00:35:00,2024-07-08T00:35:00,2024-07-08T00:36:00,0,1,Bauarbeiten,on_time,on_time
-6721342196747517854-2407080028-13,6,Leipzig Hbf (tief)|Leipzig Markt|Leipzig Wilhelm-Leuschner-Platz|Leipzig Bayerischer Bahnhof|Leipzig MDR|Leipzig-Connewitz|Markkleeberg Nord|Markkleeberg|Markkleeberg-Großstädteln|Markkleeberg-Gaschwitz|Großdeuben|Böhlen(Leipzig),8011222,5,Böhlen Werke,Sachsen,Böhlen,4564,12.384024,51.184702,2024-07-08T00:55:00,2024-07-08T00:55:00,2024-07-08T00:55:00,2024-07-08T00:55:00,0,0,,on_time,on_time
8941838862716750169-2407072315-13,9,Bremen Hbf|Bremen-Hemelingen|Dreye|Kirchweyhe|Barrien|Syke|Bramstedt(b Syke)|Bassum|Twistringen|Barnstorf(Han)|Diepholz|Lemförde,8001071,5,Bohmte,Niedersachsen,Bohmte,49163,8.307525,52.361632,2024-07-08T00:19:00,2024-07-08T00:19:00,2024-07-08T00:29:00,2024-07-08T00:30:00,10,11,Information,delay,delay
-924266248706315035-2407072324-5,87,Stuttgart Hbf|Böblingen|Herrenberg|Gäufelden,8001080,4,Bondorf (b Herrenberg),Baden-Württemberg,Bondorf,71149,8.827662,48.523552,2024-07-08T00:03:00,2024-07-08T00:04:00,2024-07-08T00:03:00,2024-07-08T00:04:00,0,0,,on_time,on_time
-4890700159633136576-2407072326-17,26,Koblenz Hbf|Koblenz Stadtmitte|Koblenz-Lützel|Mülheim-Kärlich|Weißenthurm|Andernach|Namedy|Brohl|Bad Breisig|Sinzig(Rhein)|Remagen|Oberwinter|Rolandseck|Bonn-Mehlem|Bonn-Bad Godesberg|Bonn UN Campus,8000044,2,Bonn Hbf,Nordrhein-Westfalen,Bonn,53111,7.097136,50.732008,2024-07-08T00:31:00,2024-07-08T00:33:00,2024-07-08T00:34:00,2024-07-08T00:36:00,3,3,Bauarbeiten. (Quelle: zuginfo.nrw),on_time,on_time
1727253806425969981-2407080043-4,48,Bonn-Mehlem|Bonn-Bad Godesberg|Bonn UN Campus,8000044,2,Bonn Hbf,Nordrhein-Westfalen,Bonn,53111,7.097136,50.732008,2024-07-08T00:52:00,2024-07-08T00:53:00,2024-07-08T00:52:00,2024-07-08T00:53:00,0,0,Bauarbeiten. (Quelle: zuginfo.nrw),on_time,on_time
3321732101889754889-2407072304-14,48,Solingen Hbf|Leichlingen|Opladen|Leverkusen-Manfort|Köln-Mülheim|Köln Messe/Deutz|Köln Hbf|Köln West|Köln Süd|Hürth-Kalscheuren|Brühl|Sechtem|Roisdorf,8000044,2,Bonn Hbf,Nordrhein-Westfalen,Bonn,53111,7.097136,50.732008,2024-07-08T00:07:00,2024-07-08T00:08:00,2024-07-08T00:09:00,2024-07-08T00:10:00,2,2,Bauarbeiten. (Quelle: zuginfo.nrw),on_time,on_time
-4310995180962388424-2407080010-1,23,,8000044,2,Bonn Hbf,Nordrhein-Westfalen,Bonn,53111,7.097136,50.732008,,2024-07-08T00:10:00,,2024-07-08T00:10:00,0,0,,on_time,on_time
-3074360763218373139-2407080040-1,23,,8000044,2,Bonn Hbf,Nordrhein-Westfalen,Bonn,53111,7.097136,50.732008,,2024-07-08T00:40:00,,,0,0,,on_time,on_time
-2491163276465116170-2407072338-10,26,Köln/Bonn Flughafen|Köln Messe/Deutz|Köln Hbf|Köln West|Köln Süd|Hürth-Kalscheuren|Brühl|Sechtem|Roisdorf,8000044,2,Bonn Hbf,Nordrhein-Westfalen,Bonn,53111,7.097136,50.732008,2024-07-08T00:25:00,2024-07-08T00:27:00,2024-07-08T00:27:00,2024-07-08T00:29:00,2,2,Bauarbeiten. (Quelle: zuginfo.nrw),on_time,on_time
-4890700159633136576-2407072326-15,26,Koblenz Hbf|Koblenz Stadtmitte|Koblenz-Lützel|Mülheim-Kärlich|Weißenthurm|Andernach|Namedy|Brohl|Bad Breisig|Sinzig(Rhein)|Remagen|Oberwinter|Rolandseck|Bonn-Mehlem,8001082,3,Bonn-Bad Godesberg,Nordrhein-Westfalen,Bonn,53173,7.159555,50.683927,2024-07-08T00:24:00,2024-07-08T00:24:00,2024-07-08T00:27:00,2024-07-08T00:27:00,3,3,Bauarbeiten. (Quelle: zuginfo.nrw),on_time,on_time
1727253806425969981-2407080043-2,48,Bonn-Mehlem,8001082,3,Bonn-Bad Godesberg,Nordrhein-Westfalen,Bonn,53173,7.159555,50.683927,2024-07-08T00:45:00,2024-07-08T00:46:00,2024-07-08T00:45:00,2024-07-08T00:46:00,0,0,Bauarbeiten. (Quelle: zuginfo.nrw),on_time,on_time
3321732101889754889-2407072304-16,48,Solingen Hbf|Leichlingen|Opladen|Leverkusen-Manfort|Köln-Mülheim|Köln Messe/Deutz|Köln Hbf|Köln West|Köln Süd|Hürth-Kalscheuren|Brühl|Sechtem|Roisdorf|Bonn Hbf|Bonn UN Campus,8001082,3,Bonn-Bad Godesberg,Nordrhein-Westfalen,Bonn,53173,7.159555,50.683927,2024-07-08T00:14:00,2024-07-08T00:14:00,2024-07-08T00:16:00,2024-07-08T00:16:00,2,2,Bauarbeiten. (Quelle: zuginfo.nrw),on_time,on_time
-2491163276465116170-2407072338-12,26,Köln/Bonn Flughafen|Köln Messe/Deutz|Köln Hbf|Köln West|Köln Süd|Hürth-Kalscheuren|Brühl|Sechtem|Roisdorf|Bonn Hbf|Bonn UN Campus,8001082,3,Bonn-Bad Godesberg,Nordrhein-Westfalen,Bonn,53173,7.159555,50.683927,2024-07-08T00:33:00,2024-07-08T00:33:00,2024-07-08T00:34:00,2024-07-08T00:34:00,1,1,Bauarbeiten. (Quelle: zuginfo.nrw),on_time,on_time
4485059781476600935-2407072348-3,RB27,Niederdollendorf|Bonn-Oberkassel,8001083,4,Bonn-Beuel,Nordrhein-Westfalen,Bonn,53225,7.127657,50.738476,2024-07-08T00:06:00,2024-07-08T00:06:00,,,0,0,,on_time,on_time
53272219800141450-2407072351-4,RB27,Troisdorf|Friedrich Wilhelmshütte|Menden(Rheinl),8001083,4,Bonn-Beuel,Nordrhein-Westfalen,Bonn,53225,7.127657,50.738476,2024-07-08T00:15:00,2024-07-08T00:15:00,,,0,0,,on_time,on_time
-6803014548269254686-2407080028-4,RB27,Troisdorf|Friedrich Wilhelmshütte|Menden(Rheinl),8001083,4,Bonn-Beuel,Nordrhein-Westfalen,Bonn,53225,7.127657,50.738476,2024-07-08T00:52:00,2024-07-08T00:52:00,,,0,0,,on_time,on_time
-4890700159633136576-2407072326-14,26,Koblenz Hbf|Koblenz Stadtmitte|Koblenz-Lützel|Mülheim-Kärlich|Weißenthurm|Andernach|Namedy|Brohl|Bad Breisig|Sinzig(Rhein)|Remagen|Oberwinter|Rolandseck,8001085,4,Bonn-Mehlem,Nordrhein-Westfalen,Bonn,53179,7.181342,50.669153,2024-07-08T00:21:00,2024-07-08T00:22:00,2024-07-08T00:24:00,2024-07-08T00:25:00,3,3,Bauarbeiten. (Quelle: zuginfo.nrw),on_time,on_time
1727253806425969981-2407080043-1,48,,8001085,4,Bonn-Mehlem,Nordrhein-Westfalen,Bonn,53179,7.181342,50.669153,,2024-07-08T00:43:00,,2024-07-08T00:43:00,0,0,Bauarbeiten. (Quelle: zuginfo.nrw),on_time,on_time
-2491163276465116170-2407072338-13,26,Köln/Bonn Flughafen|Köln Messe/Deutz|Köln Hbf|Köln West|Köln Süd|Hürth-Kalscheuren|Brühl|Sechtem|Roisdorf|Bonn Hbf|Bonn UN Campus|Bonn-Bad Godesberg,8001085,4,Bonn-Mehlem,Nordrhein-Westfalen,Bonn,53179,7.181342,50.669153,2024-07-08T00:35:00,2024-07-08T00:36:00,2024-07-08T00:36:00,2024-07-08T00:37:00,1,1,Bauarbeiten. (Quelle: zuginfo.nrw),on_time,on_time
2461708462530359662-2407072328-5,RB27,Troisdorf|Friedrich Wilhelmshütte|Menden(Rheinl)|Bonn-Beuel,8001086,5,Bonn-Oberkassel,Nordrhein-Westfalen,Bonn,53227,7.1593,50.715073,2024-07-08T00:01:00,2024-07-08T00:01:00,2024-07-08T00:08:00,2024-07-08T00:08:00,7,7,,delay,delay
750929323432338306-2407080048-2,RB27,Niederdollendorf,8001086,5,Bonn-Oberkassel,Nordrhein-Westfalen,Bonn,53227,7.1593,50.715073,2024-07-08T00:57:00,2024-07-08T00:57:00,,,0,0,,on_time,on_time
53272219800141450-2407072351-5,RB27,Troisdorf|Friedrich Wilhelmshütte|Menden(Rheinl)|Bonn-Beuel,8001086,5,Bonn-Oberkassel,Nordrhein-Westfalen,Bonn,53227,7.1593,50.715073,2024-07-08T00:24:00,2024-07-08T00:24:00,,,0,0,,on_time,on_time
5078737997455806676-2407072302-18,26,Mainz Hbf|Mainz-Mombach|Budenheim|Uhlerborn|Heidesheim(Rheinhess)|Ingelheim|Gau Algesheim|Bingen-Gaulsheim|Bingen(Rhein) Stadt|Bingen(Rhein) Hbf|Trechtingshausen|Niederheimbach|Bacharach|Oberwesel|St Goar|Boppard-Hirzenach|Boppard-Bad Salzig,8000045,4,Boppard Hbf,Rheinland-Pfalz,Boppard,56154,7.586102,50.231413,2024-07-08T00:11:00,2024-07-08T00:11:00,2024-07-08T00:13:00,2024-07-08T00:13:00,2,2,Bauarbeiten. (Quelle: zuginfo.nrw),on_time,on_time
-3474801166578235903-2407072324-7,70,Hamburg Hbf|Hamburg Dammtor|Elmshorn|Wrist|Brokstedt|Neumünster,8001092,5,Bordesholm,Schleswig-Holstein,Bordesholm,24582,10.043711,54.174373,2024-07-08T00:23:00,2024-07-08T00:24:00,2024-07-08T00:23:00,2024-07-08T00:24:00,0,0,,on_time,on_time
600051504269545659-2407072343-7,7,Hamburg Hbf|Hamburg Dammtor|Pinneberg|Elmshorn|Neumünster|Einfeld,8001092,5,Bordesholm,Schleswig-Holstein,Bordesholm,24582,10.043711,54.174373,2024-07-08T00:49:00,2024-07-08T00:50:00,2024-07-08T00:49:00,2024-07-08T00:50:00,0,0,,on_time,on_time
-6711307188089838742-2407080005-3,7,Kiel Hbf|Flintbek,8001092,5,Bordesholm,Schleswig-Holstein,Bordesholm,24582,10.043711,54.174373,2024-07-08T00:17:00,2024-07-08T00:18:00,2024-07-08T00:17:00,2024-07-08T00:18:00,0,0,,on_time,on_time
-6035210325140340870-2407072254-33,1,Berlin-Wannsee (S)|Berlin-Nikolassee|Berlin-Schlachtensee|Berlin Mexikoplatz|Berlin-Zehlendorf|Berlin Sundgauer Str|Berlin-Lichterfelde West|Berlin Botanischer Garten|Berlin Rathaus Steglitz|Berlin Feuerbachstr.|Berlin-Friedenau|Berlin-Schöneberg|Berlin Julius-Leber-Brücke|Berlin Yorckstr.(S1)|Berlin Anhalter Bf|Berlin Potsdamer Platz (S)|Berlin Brandenburger Tor|Berlin Friedrichstraße (S)|Berlin Oranienburger Straße|Berlin Nordbahnhof|Berlin Humboldthain|Berlin Gesundbrunnen(S)|Berlin Bornholmer Str.|Berlin Wollankstraße|Berlin-Schönholz|Berlin-Wilhelmsruh|Berlin-Wittenau (Wilhelmsruher Damm)|Berlin-Waidmannslust|Berlin-Hermsdorf|Berlin-Frohnau|Hohen Neuendorf(b Berlin)|Birkenwerder(b Berlin),8080200,5,Borgsdorf,Brandenburg,Hohen Neuendorf OTBorgsdo,16556,13.27675,52.715252,2024-07-08T00:09:00,2024-07-08T00:09:00,2024-07-08T00:09:00,2024-07-08T00:09:00,0,0,,on_time,on_time
-5641342810993358765-2407080011-3,1,Oranienburg|Lehnitz,8080200,5,Borgsdorf,Brandenburg,Hohen Neuendorf OTBorgsdo,16556,13.27675,52.715252,2024-07-08T00:16:00,2024-07-08T00:17:00,2024-07-08T00:16:00,2024-07-08T00:17:00,0,0,,on_time,on_time
-211104171317325269-2407072314-33,1,Berlin-Wannsee (S)|Berlin-Nikolassee|Berlin-Schlachtensee|Berlin Mexikoplatz|Berlin-Zehlendorf|Berlin Sundgauer Str|Berlin-Lichterfelde West|Berlin Botanischer Garten|Berlin Rathaus Steglitz|Berlin Feuerbachstr.|Berlin-Friedenau|Berlin-Schöneberg|Berlin Julius-Leber-Brücke|Berlin Yorckstr.(S1)|Berlin Anhalter Bf|Berlin Potsdamer Platz (S)|Berlin Brandenburger Tor|Berlin Friedrichstraße (S)|Berlin Oranienburger Straße|Berlin Nordbahnhof|Berlin Humboldthain|Berlin Gesundbrunnen(S)|Berlin Bornholmer Str.|Berlin Wollankstraße|Berlin-Schönholz|Berlin-Wilhelmsruh|Berlin-Wittenau (Wilhelmsruher Damm)|Berlin-Waidmannslust|Berlin-Hermsdorf|Berlin-Frohnau|Hohen Neuendorf(b Berlin)|Birkenwerder(b Berlin),8080200,5,Borgsdorf,Brandenburg,Hohen Neuendorf OTBorgsdo,16556,13.27675,52.715252,2024-07-08T00:29:00,2024-07-08T00:29:00,2024-07-08T00:30:00,2024-07-08T00:30:00,1,1,,on_time,on_time
8848354961888364614-2407080031-3,1,Oranienburg|Lehnitz,8080200,5,Borgsdorf,Brandenburg,Hohen Neuendorf OTBorgsdo,16556,13.27675,52.715252,2024-07-08T00:36:00,2024-07-08T00:37:00,,,0,0,,on_time,on_time
-7234128127155025168-2407072334-33,1,Berlin-Wannsee (S)|Berlin-Nikolassee|Berlin-Schlachtensee|Berlin Mexikoplatz|Berlin-Zehlendorf|Berlin Sundgauer Str|Berlin-Lichterfelde West|Berlin Botanischer Garten|Berlin Rathaus Steglitz|Berlin Feuerbachstr.|Berlin-Friedenau|Berlin-Schöneberg|Berlin Julius-Leber-Brücke|Berlin Yorckstr.(S1)|Berlin Anhalter Bf|Berlin Potsdamer Platz (S)|Berlin Brandenburger Tor|Berlin Friedrichstraße (S)|Berlin Oranienburger Straße|Berlin Nordbahnhof|Berlin Humboldthain|Berlin Gesundbrunnen(S)|Berlin Bornholmer Str.|Berlin Wollankstraße|Berlin-Schönholz|Berlin-Wilhelmsruh|Berlin-Wittenau (Wilhelmsruher Damm)|Berlin-Waidmannslust|Berlin-Hermsdorf|Berlin-Frohnau|Hohen Neuendorf(b Berlin)|Birkenwerder(b Berlin),8080200,5,Borgsdorf,Brandenburg,Hohen Neuendorf OTBorgsdo,16556,13.27675,52.715252,2024-07-08T00:49:00,2024-07-08T00:49:00,2024-07-08T00:53:00,2024-07-08T00:53:00,4,4,,on_time,on_time
8542119838749842090-2407072221-15,RE98,Frankfurt(Main)Hbf|Friedberg(Hess)|Gießen|Marburg(Lahn)|Cölbe|Bürgeln|Anzefahr|Kirchhain(Bz Kassel)|Stadtallendorf|Neustadt(Kr Marburg)|Schwalmstadt-Wiera|Treysa|Schlierbach(Schwalm-Eder-Kr.)|Zimmersrode,8001098,5,Borken (Hess),Hessen,Borken (Hessen),34582,9.277,51.050684,2024-07-08T00:09:00,2024-07-08T00:10:00,2024-07-08T00:09:00,2024-07-08T00:10:00,0,0,,on_time,on_time
2011145065792028659-2407080051-1,6,,8011242,5,Borna (b Leipzig),Sachsen,Borna,4552,12.486291,51.117926,,2024-07-08T00:51:00,,,0,0,,on_time,on_time
-1308595689782672773-2407080000-19,2,Blankenfelde (S)|Mahlow|Berlin-Lichtenrade|Berlin Schichauweg|Berlin Buckower Chaussee|Berlin-Marienfelde|Berlin Attilastr.|Berlin Priesterweg|Berlin Südkreuz (S)|Berlin Yorckstr.(S2)|Berlin Anhalter Bf|Berlin Potsdamer Platz (S)|Berlin Brandenburger Tor|Berlin Friedrichstraße (S)|Berlin Oranienburger Straße|Berlin Nordbahnhof|Berlin Humboldthain|Berlin Gesundbrunnen(S),8089008,3,Bornholmer Straße,Berlin,Berlin,13187,13.397943,52.554491,2024-07-08T00:50:00,2024-07-08T00:50:00,2024-07-08T00:50:00,2024-07-08T00:50:00,0,0,,on_time,on_time
-5016423122386993955-2407072329-15,8,Berlin-Grünau|Berlin-Adlershof|Berlin-Johannisthal|Berlin-Schöneweide (S)|Berlin Baumschulenweg|Berlin Plänterwald|Berlin Treptower Park|Berlin Ostkreuz (S)|Berlin Frankfurter Allee|Berlin Storkower Str|Berlin Landsberger Allee|Berlin Greifswalder Str|Berlin Prenzlauer Allee|Berlin Schönhauser Allee,8089008,3,Bornholmer Straße,Berlin,Berlin,13187,13.397943,52.554491,2024-07-08T00:03:00,2024-07-08T00:05:00,2024-07-08T00:03:00,2024-07-08T00:05:00,0,0,,on_time,on_time
3983164985221343074-2407072340-19,2,Blankenfelde (S)|Mahlow|Berlin-Lichtenrade|Berlin Schichauweg|Berlin Buckower Chaussee|Berlin-Marienfelde|Berlin Attilastr.|Berlin Priesterweg|Berlin Südkreuz (S)|Berlin Yorckstr.(S2)|Berlin Anhalter Bf|Berlin Potsdamer Platz (S)|Berlin Brandenburger Tor|Berlin Friedrichstraße (S)|Berlin Oranienburger Straße|Berlin Nordbahnhof|Berlin Humboldthain|Berlin Gesundbrunnen(S),8089008,3,Bornholmer Straße,Berlin,Berlin,13187,13.397943,52.554491,2024-07-08T00:28:00,2024-07-08T00:28:00,2024-07-08T00:28:00,2024-07-08T00:28:00,0,0,,on_time,on_time
234481728399650543-2407080008-10,25,Hennigsdorf (S)|Berlin-Heiligensee|Berlin-Schulzendorf|Berlin-Tegel (S)|Berlin Eichborndamm|Berlin Karl-Bonhoeffer-Nervenklinik|Berlin Alt-Reinickendorf|Berlin-Schönholz|Berlin Wollankstraße,8089008,3,Bornholmer Straße,Berlin,Berlin,13187,13.397943,52.554491,2024-07-08T00:31:00,2024-07-08T00:33:00,2024-07-08T00:31:00,2024-07-08T00:33:00,0,0,,on_time,on_time
1493763324898451586-2407080005-18,25,Teltow Stadt|Berlin-Lichterfelde Süd|Berlin Osdorfer Straße|Berlin-Lichterfelde Ost (S)|Berlin-Lankwitz|Berlin Südende|Berlin Priesterweg|Berlin Südkreuz (S)|Berlin Yorckstr.(S2)|Berlin Anhalter Bf|Berlin Potsdamer Platz (S)|Berlin Brandenburger Tor|Berlin Friedrichstraße (S)|Berlin Oranienburger Straße|Berlin Nordbahnhof|Berlin Humboldthain|Berlin Gesundbrunnen(S),8089008,3,Bornholmer Straße,Berlin,Berlin,13187,13.397943,52.554491,2024-07-08T00:43:00,2024-07-08T00:44:00,2024-07-08T00:43:00,2024-07-08T00:44:00,0,0,,on_time,on_time
-499427496553395051-2407080025-4,8,Berlin-Blankenburg|Berlin-Pankow-Heinersdorf|Berlin-Pankow,8089008,3,Bornholmer Straße,Berlin,Berlin,13187,13.397943,52.554491,2024-07-08T00:32:00,2024-07-08T00:33:00,,,0,0,,on_time,on_time
1523711802490226836-2407080023-10,2,Bernau (S)|Bernau-Friedenstal|Zepernick(Bernau)|Röntgental|Berlin-Buch|Berlin-Karow|Berlin-Blankenburg|Berlin-Pankow-Heinersdorf|Berlin-Pankow,8089008,3,Bornholmer Straße,Berlin,Berlin,13187,13.397943,52.554491,2024-07-08T00:47:00,2024-07-08T00:48:00,,,0,0,,on_time,on_time
-5738915798531129536-2407072343-10,2,Bernau (S)|Bernau-Friedenstal|Zepernick(Bernau)|Röntgental|Berlin-Buch|Berlin-Karow|Berlin-Blankenburg|Berlin-Pankow-Heinersdorf|Berlin-Pankow,8089008,3,Bornholmer Straße,Berlin,Berlin,13187,13.397943,52.554491,2024-07-08T00:07:00,2024-07-08T00:08:00,2024-07-08T00:10:00,2024-07-08T00:10:00,3,2,,on_time,on_time
8676169454658901758-2407072351-13,1,Oranienburg|Lehnitz|Borgsdorf|Birkenwerder(b Berlin)|Hohen Neuendorf(b Berlin)|Berlin-Frohnau|Berlin-Hermsdorf|Berlin-Waidmannslust|Berlin-Wittenau (Wilhelmsruher Damm)|Berlin-Wilhelmsruh|Berlin-Schönholz|Berlin Wollankstraße,8089008,3,Bornholmer Straße,Berlin,Berlin,13187,13.397943,52.554491,2024-07-08T00:24:00,2024-07-08T00:25:00,2024-07-08T00:24:00,2024-07-08T00:25:00,0,0,,on_time,on_time
4341046623733827144-2407080050-2,8,Berlin-Pankow,8089008,3,Bornholmer Straße,Berlin,Berlin,13187,13.397943,52.554491,2024-07-08T00:52:00,2024-07-08T00:53:00,,,0,0,,on_time,on_time
-5641342810993358765-2407080011-13,1,Oranienburg|Lehnitz|Borgsdorf|Birkenwerder(b Berlin)|Hohen Neuendorf(b Berlin)|Berlin-Frohnau|Berlin-Hermsdorf|Berlin-Waidmannslust|Berlin-Wittenau (Wilhelmsruher Damm)|Berlin-Wilhelmsruh|Berlin-Schönholz|Berlin Wollankstraße,8089008,3,Bornholmer Straße,Berlin,Berlin,13187,13.397943,52.554491,2024-07-08T00:44:00,2024-07-08T00:45:00,2024-07-08T00:44:00,2024-07-08T00:45:00,0,0,,on_time,on_time
4696287817138109395-2407080009-15,8,Berlin-Grünau|Berlin-Adlershof|Berlin-Johannisthal|Berlin-Schöneweide (S)|Berlin Baumschulenweg|Berlin Plänterwald|Berlin Treptower Park|Berlin Ostkreuz (S)|Berlin Frankfurter Allee|Berlin Storkower Str|Berlin Landsberger Allee|Berlin Greifswalder Str|Berlin Prenzlauer Allee|Berlin Schönhauser Allee,8089008,3,Bornholmer Straße,Berlin,Berlin,13187,13.397943,52.554491,2024-07-08T00:43:00,2024-07-08T00:44:00,2024-07-08T00:43:00,,0,0,,on_time,on_time
-4846341387412847765-2407072348-10,25,Hennigsdorf (S)|Berlin-Heiligensee|Berlin-Schulzendorf|Berlin-Tegel (S)|Berlin Eichborndamm|Berlin Karl-Bonhoeffer-Nervenklinik|Berlin Alt-Reinickendorf|Berlin-Schönholz|Berlin Wollankstraße,8089008,3,Bornholmer Straße,Berlin,Berlin,13187,13.397943,52.554491,2024-07-08T00:11:00,2024-07-08T00:13:00,2024-07-08T00:11:00,2024-07-08T00:13:00,0,0,,on_time,on_time
201389137455149213-2407072325-18,25,Teltow Stadt|Berlin-Lichterfelde Süd|Berlin Osdorfer Straße|Berlin-Lichterfelde Ost (S)|Berlin-Lankwitz|Berlin Südende|Berlin Priesterweg|Berlin Südkreuz (S)|Berlin Yorckstr.(S2)|Berlin Anhalter Bf|Berlin Potsdamer Platz (S)|Berlin Brandenburger Tor|Berlin Friedrichstraße (S)|Berlin Oranienburger Straße|Berlin Nordbahnhof|Berlin Humboldthain|Berlin Gesundbrunnen(S),8089008,3,Bornholmer Straße,Berlin,Berlin,13187,13.397943,52.554491,2024-07-08T00:03:00,2024-07-08T00:04:00,2024-07-08T00:03:00,2024-07-08T00:04:00,0,0,,on_time,on_time
-211104171317325269-2407072314-23,1,Berlin-Wannsee (S)|Berlin-Nikolassee|Berlin-Schlachtensee|Berlin Mexikoplatz|Berlin-Zehlendorf|Berlin Sundgauer Str|Berlin-Lichterfelde West|Berlin Botanischer Garten|Berlin Rathaus Steglitz|Berlin Feuerbachstr.|Berlin-Friedenau|Berlin-Schöneberg|Berlin Julius-Leber-Brücke|Berlin Yorckstr.(S1)|Berlin Anhalter Bf|Berlin Potsdamer Platz (S)|Berlin Brandenburger Tor|Berlin Friedrichstraße (S)|Berlin Oranienburger Straße|Berlin Nordbahnhof|Berlin Humboldthain|Berlin Gesundbrunnen(S),8089008,3,Bornholmer Straße,Berlin,Berlin,13187,13.397943,52.554491,2024-07-08T00:00:00,2024-07-08T00:01:00,2024-07-08T00:00:00,2024-07-08T00:01:00,0,0,,on_time,on_time
3683594136415632334-2407080028-10,25,Hennigsdorf (S)|Berlin-Heiligensee|Berlin-Schulzendorf|Berlin-Tegel (S)|Berlin Eichborndamm|Berlin Karl-Bonhoeffer-Nervenklinik|Berlin Alt-Reinickendorf|Berlin-Schönholz|Berlin Wollankstraße,8089008,3,Bornholmer Straße,Berlin,Berlin,13187,13.397943,52.554491,2024-07-08T00:51:00,2024-07-08T00:53:00,,,0,0,,on_time,on_time
-4475853834191571998-2407072331-13,1,Oranienburg|Lehnitz|Borgsdorf|Birkenwerder(b Berlin)|Hohen Neuendorf(b Berlin)|Berlin-Frohnau|Berlin-Hermsdorf|Berlin-Waidmannslust|Berlin-Wittenau (Wilhelmsruher Damm)|Berlin-Wilhelmsruh|Berlin-Schönholz|Berlin Wollankstraße,8089008,3,Bornholmer Straße,Berlin,Berlin,13187,13.397943,52.554491,2024-07-08T00:04:00,2024-07-08T00:05:00,2024-07-08T00:04:00,2024-07-08T00:05:00,0,0,,on_time,on_time
-4079464492388970773-2407072345-18,25,Teltow Stadt|Berlin-Lichterfelde Süd|Berlin Osdorfer Straße|Berlin-Lichterfelde Ost (S)|Berlin-Lankwitz|Berlin Südende|Berlin Priesterweg|Berlin Südkreuz (S)|Berlin Yorckstr.(S2)|Berlin Anhalter Bf|Berlin Potsdamer Platz (S)|Berlin Brandenburger Tor|Berlin Friedrichstraße (S)|Berlin Oranienburger Straße|Berlin Nordbahnhof|Berlin Humboldthain|Berlin Gesundbrunnen(S),8089008,3,Bornholmer Straße,Berlin,Berlin,13187,13.397943,52.554491,2024-07-08T00:23:00,2024-07-08T00:24:00,2024-07-08T00:23:00,2024-07-08T00:24:00,0,0,,on_time,on_time
-7234128127155025168-2407072334-23,1,Berlin-Wannsee (S)|Berlin-Nikolassee|Berlin-Schlachtensee|Berlin Mexikoplatz|Berlin-Zehlendorf|Berlin Sundgauer Str|Berlin-Lichterfelde West|Berlin Botanischer Garten|Berlin Rathaus Steglitz|Berlin Feuerbachstr.|Berlin-Friedenau|Berlin-Schöneberg|Berlin Julius-Leber-Brücke|Berlin Yorckstr.(S1)|Berlin Anhalter Bf|Berlin Potsdamer Platz (S)|Berlin Brandenburger Tor|Berlin Friedrichstraße (S)|Berlin Oranienburger Straße|Berlin Nordbahnhof|Berlin Humboldthain|Berlin Gesundbrunnen(S),8089008,3,Bornholmer Straße,Berlin,Berlin,13187,13.397943,52.554491,2024-07-08T00:20:00,2024-07-08T00:21:00,2024-07-08T00:26:00,2024-07-08T00:26:00,6,5,,delay,on_time
7453506468933069990-2407080005-4,8,Berlin-Blankenburg|Berlin-Pankow-Heinersdorf|Berlin-Pankow,8089008,3,Bornholmer Straße,Berlin,Berlin,13187,13.397943,52.554491,2024-07-08T00:12:00,2024-07-08T00:13:00,2024-07-08T00:12:00,2024-07-08T00:13:00,0,0,,on_time,on_time
-8301379295245375921-2407080003-10,2,Bernau (S)|Bernau-Friedenstal|Zepernick(Bernau)|Röntgental|Berlin-Buch|Berlin-Karow|Berlin-Blankenburg|Berlin-Pankow-Heinersdorf|Berlin-Pankow,8089008,3,Bornholmer Straße,Berlin,Berlin,13187,13.397943,52.554491,2024-07-08T00:27:00,2024-07-08T00:28:00,2024-07-08T00:27:00,2024-07-08T00:28:00,0,0,,on_time,on_time
-2230601977227938209-2407072354-23,1,Berlin-Wannsee (S)|Berlin-Nikolassee|Berlin-Schlachtensee|Berlin Mexikoplatz|Berlin-Zehlendorf|Berlin Sundgauer Str|Berlin-Lichterfelde West|Berlin Botanischer Garten|Berlin Rathaus Steglitz|Berlin Feuerbachstr.|Berlin-Friedenau|Berlin-Schöneberg|Berlin Julius-Leber-Brücke|Berlin Yorckstr.(S1)|Berlin Anhalter Bf|Berlin Potsdamer Platz (S)|Berlin Brandenburger Tor|Berlin Friedrichstraße (S)|Berlin Oranienburger Straße|Berlin Nordbahnhof|Berlin Humboldthain|Berlin Gesundbrunnen(S),8089008,3,Bornholmer Straße,Berlin,Berlin,13187,13.397943,52.554491,2024-07-08T00:40:00,2024-07-08T00:41:00,2024-07-08T00:40:00,2024-07-08T00:41:00,0,0,,on_time,on_time
-2105664261925506836-2407072349-15,8,Berlin-Grünau|Berlin-Adlershof|Berlin-Johannisthal|Berlin-Schöneweide (S)|Berlin Baumschulenweg|Berlin Plänterwald|Berlin Treptower Park|Berlin Ostkreuz (S)|Berlin Frankfurter Allee|Berlin Storkower Str|Berlin Landsberger Allee|Berlin Greifswalder Str|Berlin Prenzlauer Allee|Berlin Schönhauser Allee,8089008,3,Bornholmer Straße,Berlin,Berlin,13187,13.397943,52.554491,2024-07-08T00:23:00,2024-07-08T00:25:00,2024-07-08T00:23:00,2024-07-08T00:25:00,0,0,,on_time,on_time
-4818159422843870228-2407072320-19,2,Blankenfelde (S)|Mahlow|Berlin-Lichtenrade|Berlin Schichauweg|Berlin Buckower Chaussee|Berlin-Marienfelde|Berlin Attilastr.|Berlin Priesterweg|Berlin Südkreuz (S)|Berlin Yorckstr.(S2)|Berlin Anhalter Bf|Berlin Potsdamer Platz (S)|Berlin Brandenburger Tor|Berlin Friedrichstraße (S)|Berlin Oranienburger Straße|Berlin Nordbahnhof|Berlin Humboldthain|Berlin Gesundbrunnen(S),8089008,3,Bornholmer Straße,Berlin,Berlin,13187,13.397943,52.554491,2024-07-08T00:08:00,2024-07-08T00:08:00,2024-07-08T00:08:00,2024-07-08T00:08:00,0,0,,on_time,on_time
8847647897684583519-2407072325-22,3,Halle(Saale)Hbf|Halle Messe|Dieskau|Gröbers|Großkugel|Schkeuditz West|Schkeuditz|Leipzig-Lützschena|Leipzig-Wahren|Leipzig Slevogtstraße|Leipzig Olbrichtstraße|Leipzig-Gohlis|Leipzig Hbf (tief)|Leipzig Markt|Leipzig Wilhelm-Leuschner-Platz|Leipzig Bayerischer Bahnhof|Leipzig MDR|Leipzig Völkerschlachtdenkmal|Leipzig-Stötteritz|Leipzig Anger-Crottendorf|Leipzig-Engelsdorf,8010059,5,Borsdorf (Sachs),Sachsen,Borsdorf,4451,12.541165,51.345705,2024-07-08T00:37:00,2024-07-08T00:38:00,2024-07-08T00:37:00,2024-07-08T00:38:00,0,0,,on_time,on_time
-1682413305963437786-2407072306-15,50,Dresden Hbf|Dresden Mitte|Dresden-Neustadt|Coswig(b Dresden)|Weinböhla Hp|Niederau|Priestewitz|Nünchritz|Glaubitz(Riesa)|Riesa|Oschatz|Dahlen(Sachs)|Kühren|Wurzen,8010059,5,Borsdorf (Sachs),Sachsen,Borsdorf,4451,12.541165,51.345705,2024-07-08T00:39:00,2024-07-08T00:40:00,2024-07-08T00:46:00,2024-07-08T00:46:00,7,6,,delay,delay
2347053826992548858-2407080007-3,42,Münster(Westf)Hbf|Münster-Albachten,8001065,5,Senden-Bösensell,Nordrhein-Westfalen,Senden-Bösensell,48308,7.487687,51.90703,2024-07-08T00:16:00,2024-07-08T00:16:00,2024-07-08T00:16:00,2024-07-08T00:16:00,0,0,,on_time,on_time
-7811368954226795941-2407072306-16,2,Düsseldorf Hbf|Düsseldorf Flughafen|Duisburg Hbf|Mülheim(Ruhr)Hbf|Essen Hbf|Gelsenkirchen Hbf|Wanne-Eickel Hbf|Recklinghausen Süd|Recklinghausen Hbf|Marl-Sinsen|Haltern am See|Sythen|Dülmen|Buldern|Nottuln-Appelhülsen,8001065,5,Senden-Bösensell,Nordrhein-Westfalen,Senden-Bösensell,48308,7.487687,51.90703,2024-07-08T00:41:00,2024-07-08T00:42:00,2024-07-08T00:41:00,2024-07-08T00:42:00,0,0,,on_time,on_time
8676169454658901758-2407072351-28,1,Oranienburg|Lehnitz|Borgsdorf|Birkenwerder(b Berlin)|Hohen Neuendorf(b Berlin)|Berlin-Frohnau|Berlin-Hermsdorf|Berlin-Waidmannslust|Berlin-Wittenau (Wilhelmsruher Damm)|Berlin-Wilhelmsruh|Berlin-Schönholz|Berlin Wollankstraße|Berlin Bornholmer Str.|Berlin Gesundbrunnen(S)|Berlin Humboldthain|Berlin Nordbahnhof|Berlin Oranienburger Straße|Berlin Friedrichstraße (S)|Berlin Brandenburger Tor|Berlin Potsdamer Platz (S)|Berlin Anhalter Bf|Berlin Yorckstr.(S1)|Berlin Julius-Leber-Brücke|Berlin-Schöneberg|Berlin-Friedenau|Berlin Feuerbachstr.|Berlin Rathaus Steglitz,8089009,4,Botanischer Garten,Berlin,Berlin,12203,13.306766,52.447784,2024-07-08T00:56:00,2024-07-08T00:56:00,2024-07-08T00:56:00,2024-07-08T00:56:00,0,0,,on_time,on_time
7649088808996046723-2407080014-8,1,Berlin-Wannsee (S)|Berlin-Nikolassee|Berlin-Schlachtensee|Berlin Mexikoplatz|Berlin-Zehlendorf|Berlin Sundgauer Str|Berlin-Lichterfelde West,8089009,4,Botanischer Garten,Berlin,Berlin,12203,13.306766,52.447784,2024-07-08T00:29:00,2024-07-08T00:29:00,2024-07-08T00:29:00,2024-07-08T00:29:00,0,0,,on_time,on_time
-2384604348370111441-2407072311-28,1,Oranienburg|Lehnitz|Borgsdorf|Birkenwerder(b Berlin)|Hohen Neuendorf(b Berlin)|Berlin-Frohnau|Berlin-Hermsdorf|Berlin-Waidmannslust|Berlin-Wittenau (Wilhelmsruher Damm)|Berlin-Wilhelmsruh|Berlin-Schönholz|Berlin Wollankstraße|Berlin Bornholmer Str.|Berlin Gesundbrunnen(S)|Berlin Humboldthain|Berlin Nordbahnhof|Berlin Oranienburger Straße|Berlin Friedrichstraße (S)|Berlin Brandenburger Tor|Berlin Potsdamer Platz (S)|Berlin Anhalter Bf|Berlin Yorckstr.(S1)|Berlin Julius-Leber-Brücke|Berlin-Schöneberg|Berlin-Friedenau|Berlin Feuerbachstr.|Berlin Rathaus Steglitz,8089009,4,Botanischer Garten,Berlin,Berlin,12203,13.306766,52.447784,2024-07-08T00:16:00,2024-07-08T00:16:00,2024-07-08T00:16:00,2024-07-08T00:16:00,0,0,,on_time,on_time
-4475853834191571998-2407072331-28,1,Oranienburg|Lehnitz|Borgsdorf|Birkenwerder(b Berlin)|Hohen Neuendorf(b Berlin)|Berlin-Frohnau|Berlin-Hermsdorf|Berlin-Waidmannslust|Berlin-Wittenau (Wilhelmsruher Damm)|Berlin-Wilhelmsruh|Berlin-Schönholz|Berlin Wollankstraße|Berlin Bornholmer Str.|Berlin Gesundbrunnen(S)|Berlin Humboldthain|Berlin Nordbahnhof|Berlin Oranienburger Straße|Berlin Friedrichstraße (S)|Berlin Brandenburger Tor|Berlin Potsdamer Platz (S)|Berlin Anhalter Bf|Berlin Yorckstr.(S1)|Berlin Julius-Leber-Brücke|Berlin-Schöneberg|Berlin-Friedenau|Berlin Feuerbachstr.|Berlin Rathaus Steglitz,8089009,4,Botanischer Garten,Berlin,Berlin,12203,13.306766,52.447784,2024-07-08T00:36:00,2024-07-08T00:36:00,2024-07-08T00:36:00,2024-07-08T00:36:00,0,0,,on_time,on_time
-4275406157660819340-2407080034-8,1,Berlin-Wannsee (S)|Berlin-Nikolassee|Berlin-Schlachtensee|Berlin Mexikoplatz|Berlin-Zehlendorf|Berlin Sundgauer Str|Berlin-Lichterfelde West,8089009,4,Botanischer Garten,Berlin,Berlin,12203,13.306766,52.447784,2024-07-08T00:49:00,2024-07-08T00:49:00,,,0,0,,on_time,on_time
-2230601977227938209-2407072354-8,1,Berlin-Wannsee (S)|Berlin-Nikolassee|Berlin-Schlachtensee|Berlin Mexikoplatz|Berlin-Zehlendorf|Berlin Sundgauer Str|Berlin-Lichterfelde West,8089009,4,Botanischer Garten,Berlin,Berlin,12203,13.306766,52.447784,2024-07-08T00:09:00,2024-07-08T00:09:00,2024-07-08T00:09:00,2024-07-08T00:09:00,0,0,,on_time,on_time
-3452448419349647887-2407080003-1,9,,8000047,4,Bottrop Hbf,Nordrhein-Westfalen,Bottrop,46244,6.936684,51.50945,,2024-07-08T00:03:00,,2024-07-08T00:03:00,0,0,Bauarbeiten. (Quelle: zuginfo.nrw),on_time,on_time
-1764616001057382001-2407072323-17,9,Köln Hbf|Köln Messe/Deutz|Porz(Rhein)|Troisdorf|Siegburg/Bonn|Hennef(Sieg)|Eitorf|Herchen|Schladern(Sieg)|Au(Sieg)|Etzbach|Wissen(Sieg)|Niederhövels|Scheuerfeld(Sieg)|Betzdorf(Sieg)|Kirchen,8001112,5,Brachbach,Rheinland-Pfalz,Mudersbach,57555,7.94205308,50.822099,2024-07-08T00:46:00,2024-07-08T00:47:00,2024-07-08T00:46:00,2024-07-08T00:47:00,0,0,Information. (Quelle: zuginfo.nrw),on_time,on_time
-2435548534074429787-2407080010-6,RB90,Siegen Hbf|Eiserfeld(Sieg)|Niederschelden Nord|Niederschelden|Mudersbach,8001112,5,Brachbach,Rheinland-Pfalz,Mudersbach,57555,7.94205308,50.822099,2024-07-08T00:22:00,2024-07-08T00:22:00,2024-07-08T00:22:00,2024-07-08T00:22:00,0,0,,on_time,on_time
-7723223610149163054-2407072310-15,69,Münster(Westf)Hbf|Münster-Hiltrup|Rinkerode|Drensteinfurt|Mersch(Westf)|Hamm-Bockum-Hövel|Hamm(Westf)Hbf|Hamm-Heessen|Ahlen(Westf)|Beckum-Neubeckum|Oelde|Rheda-Wiedenbrück|Gütersloh Hbf|Isselhorst-Avenwedde,8000048,4,Bielefeld-Brackwede,Nordrhein-Westfalen,Bielefeld,33647,8.498426,51.997378,2024-07-08T00:45:00,2024-07-08T00:46:00,2024-07-08T00:45:00,2024-07-08T00:46:00,0,0,,on_time,on_time
5729393359484274537-2407080007-2,69,Bielefeld Hbf,8000048,4,Bielefeld-Brackwede,Nordrhein-Westfalen,Bielefeld,33647,8.498426,51.997378,2024-07-08T00:10:00,2024-07-08T00:10:00,2024-07-08T00:10:00,2024-07-08T00:10:00,0,0,,on_time,on_time
-1925068453691323391-2407072323-12,RB74,Paderborn Hbf|Paderborn Kasseler Tor|Paderborn Nord|Paderborn-Schloss Neuhaus|Paderborn-Sennelager|Hövelhof|Hövelriege|Schloß Holte|Bielefeld-Sennestadt|Bielefeld-Windelsbleiche|Bielefeld-Senne,8000048,4,Bielefeld-Brackwede,Nordrhein-Westfalen,Bielefeld,33647,8.498426,51.997378,2024-07-08T00:12:00,2024-07-08T00:12:00,2024-07-08T00:19:00,2024-07-08T00:19:00,7,7,,delay,delay
3332797177951381353-2407080030-6,78,Minden(Westf)|Porta Westfalica|Bad Oeynhausen|Löhne(Westf)|Herford,8001118,5,Brake (b Bielefeld),Nordrhein-Westfalen,Bielefeld,33729,8.604914,52.069653,2024-07-08T00:59:00,2024-07-08T01:00:00,2024-07-08T00:59:00,2024-07-08T01:00:00,0,0,,on_time,on_time
58133983524038883-2407072321-12,1,Magdeburg Hbf|Magdeburg-Neustadt|Magdeburg Herrenkrug|Biederitz|Gerwisch|Möser|Burg(Magdeburg)|Güsen(b Genthin)|Genthin|Wusterwitz|Kirchmöser,8010060,3,Brandenburg Hbf,Brandenburg,Brandenburg an der Havel,14776,12.566138,52.400554,2024-07-08T00:21:00,2024-07-08T00:23:00,2024-07-08T00:22:00,2024-07-08T00:24:00,1,1,,on_time,on_time
4870413973009524025-2407080042-3,RB54,Rosenheim|Raubling,8001129,4,Brannenburg,Bayern,Brannenburg,83098,12.106464,47.741354,2024-07-08T00:51:00,2024-07-08T00:51:00,2024-07-08T00:51:00,2024-07-08T00:51:00,0,0,,on_time,on_time
5747192779851883957-2407080048-1,RE50,,8000049,2,Braunschweig Hbf,Niedersachsen,Braunschweig,38102,10.540295,52.252218,,2024-07-08T00:48:00,,2024-07-08T00:48:00,0,0,,on_time,on_time
-2534056427099012540-2407080020-1,RE70,,8000049,2,Braunschweig Hbf,Niedersachsen,Braunschweig,38102,10.540295,52.252218,,2024-07-08T00:20:00,,2024-07-08T00:20:00,0,0,,on_time,on_time
-3100141342500118652-2407080016-7,1,Sarreguemines|Hanweiler-Bad Rilchingen|Auersmacher|Kleinblittersdorf|Bübingen|Güdingen,8001135,5,Brebach,Saarland,Saarbrücken,66130,7.029176,49.215859,2024-07-08T00:32:00,2024-07-08T00:32:00,2024-07-08T00:32:00,2024-07-08T00:32:00,0,0,,on_time,on_time
-1983060718303092241-2407080017-1,1,,8001135,5,Brebach,Saarland,Saarbrücken,66130,7.029176,49.215859,,2024-07-08T00:17:00,,2024-07-08T00:17:00,0,0,,on_time,on_time
4377604011684620739-2407072320-7,6,Westerland(Sylt)|Keitum|Morsum|Klanxbüll|Niebüll|Langenhorn(Schlesw),8001139,4,Bredstedt,Schleswig-Holstein,Bredstedt,25821,8.970336,54.621166,2024-07-08T00:16:00,2024-07-08T00:16:00,2024-07-08T00:18:00,2024-07-08T00:19:00,2,3,,on_time,on_time
614571630077933170-2407080000-1,S5,,8001143,5,Breisach,Baden-Württemberg,Breisach,79206,7.58935,48.026918,,2024-07-08T00:00:00,,2024-07-08T00:00:00,0,0,,on_time,on_time
-2152942688786616343-2407072310-8,28,Nürnberg Hbf|Fürth(Bay)Hbf|Erlangen|Forchheim(Oberfr)|Hirschaid|Bamberg|Hallstadt(b Bamberg),8001149,5,Breitengüßbach,Bayern,Breitengüßbach,96149,10.887135,49.96683,2024-07-08T00:02:00,2024-07-08T00:02:00,2024-07-08T00:02:00,2024-07-08T00:03:00,0,1,Bauarbeiten,on_time,on_time
7468203225615052788-2407080014-1,RS3,,8000050,2,Bremen Hbf,Bremen,Bremen,28195,8.813834,53.083481,,2024-07-08T00:14:00,,2024-07-08T00:14:00,0,0,,on_time,on_time
5357940876960815586-2407080010-1,RS2,,8000050,2,Bremen Hbf,Bremen,Bremen,28195,8.813834,53.083481,,2024-07-08T00:10:00,,2024-07-08T00:10:00,0,0,Information,on_time,on_time
9095766634084152066-2407080015-1,RB41,,8000050,2,Bremen Hbf,Bremen,Bremen,28195,8.813834,53.083481,,2024-07-08T00:15:00,,2024-07-08T00:15:00,0,0,,on_time,on_time
-6027587483204218492-2407080013-1,8,,8000050,2,Bremen Hbf,Bremen,Bremen,28195,8.813834,53.083481,,2024-07-08T00:13:00,,2024-07-08T01:03:00,0,50,,on_time,delay
-1491077561497992764-2407072345-11,RS3,Bad Zwischenahn|Oldenburg-Wechloy|Oldenburg(Oldb)Hbf|Wüsting|Hude|Bookholzberg|Schierbrok|Hoykenkamp|Delmenhorst|Heidkrug,8001155,5,Bremen Neustadt,Bremen,Bremen,28199,8.785808,53.075782,2024-07-08T00:38:00,2024-07-08T00:39:00,2024-07-08T00:38:00,2024-07-08T00:39:00,0,0,,on_time,on_time
-8223625181914547404-2407072332-7,EV,Hude|Bookholzberg|Schierbrok|Hoykenkamp|Delmenhorst|Heidkrug,8001155,5,Bremen Neustadt,Bremen,Bremen,28199,8.785808,53.075782,2024-07-08T00:22:00,2024-07-08T00:22:00,,,0,0,,on_time,on_time
1283015018331837456-2407080006-4,EV,"Bremen Hbf/Hugo-Schauinsland-Platz, Bremen|Bremen-Walle|Bremen-Oslebshausen",8001156,4,Bremen-Burg,Bremen,Bremen,28719,8.704773,53.160288,2024-07-08T00:31:00,2024-07-08T00:31:00,,,0,0,Information,on_time,on_time
-5464253150860334606-2407072327-6,EV,Stubben|Lübberstedt|Oldenbüttel|Osterholz-Scharmbeck|Ritterhude,8001156,4,Bremen-Burg,Bremen,Bremen,28719,8.704773,53.160288,2024-07-08T00:32:00,2024-07-08T00:32:00,,,0,0,,on_time,on_time
-7890093874821566697-2407072339-4,EV,"Bremen Hbf/Hugo-Schauinsland-Platz, Bremen|Bremen-Walle|Bremen-Oslebshausen",8001156,4,Bremen-Burg,Bremen,Bremen,28719,8.704773,53.160288,2024-07-08T00:04:00,2024-07-08T00:04:00,,,0,0,Information,on_time,on_time
-5077710834022444018-2407080012-2,EV,"Bremen Hbf/Hugo-Schauinsland-Platz, Bremen",8001156,4,Bremen-Burg,Bremen,Bremen,28719,8.704773,53.160288,2024-07-08T00:37:00,2024-07-08T00:37:00,,,0,0,Information,on_time,on_time
4421136620182211111-2407072341-12,EV,Bremen-Farge|Bremen Turnerstraße|Bremen Kreinsloger|Bremen Mühlenstraße|Bremen-Blumenthal|Klinikum Bremen-Nord/Beckedorf|Bremen-Aumund|Bremen-Vegesack|Bremen-Schönebeck|Bremen-St Magnus|Bremen-Lesum,8001156,4,Bremen-Burg,Bremen,Bremen,28719,8.704773,53.160288,2024-07-08T00:27:00,2024-07-08T00:27:00,,,0,0,Information,on_time,on_time
1283015018331837456-2407080006-5,EV,"Bremen Hbf/Hugo-Schauinsland-Platz, Bremen|Bremen-Walle|Bremen-Oslebshausen|Bremen-Burg",8001159,5,Bremen-Lesum,Bremen,Bremen,28717,8.686152,53.170716,2024-07-08T00:37:00,2024-07-08T00:37:00,,,0,0,Information,on_time,on_time
-7890093874821566697-2407072339-5,EV,"Bremen Hbf/Hugo-Schauinsland-Platz, Bremen|Bremen-Walle|Bremen-Oslebshausen|Bremen-Burg",8001159,5,Bremen-Lesum,Bremen,Bremen,28717,8.686152,53.170716,2024-07-08T00:10:00,2024-07-08T00:10:00,,,0,0,Information,on_time,on_time
4421136620182211111-2407072341-11,EV,Bremen-Farge|Bremen Turnerstraße|Bremen Kreinsloger|Bremen Mühlenstraße|Bremen-Blumenthal|Klinikum Bremen-Nord/Beckedorf|Bremen-Aumund|Bremen-Vegesack|Bremen-Schönebeck|Bremen-St Magnus,8001159,5,Bremen-Lesum,Bremen,Bremen,28717,8.686152,53.170716,2024-07-08T00:21:00,2024-07-08T00:21:00,,,0,0,Information,on_time,on_time
-6027587483204218492-2407080013-3,8,Bremen Hbf|Bremen-Sebaldsbrück,8001160,4,Bremen-Mahndorf,Bremen,Bremen,28307,8.944627,53.039762,2024-07-08T00:22:00,2024-07-08T00:22:00,2024-07-08T01:11:00,2024-07-08T01:12:00,49,50,,delay,delay
1283015018331837456-2407080006-3,EV,"Bremen Hbf/Hugo-Schauinsland-Platz, Bremen|Bremen-Walle",8001162,5,Bremen-Oslebshausen,Bremen,Bremen,28239,8.740801,53.135298,2024-07-08T00:23:00,2024-07-08T00:23:00,,,0,0,Information,on_time,on_time
4421136620182211111-2407072341-13,EV,Bremen-Farge|Bremen Turnerstraße|Bremen Kreinsloger|Bremen Mühlenstraße|Bremen-Blumenthal|Klinikum Bremen-Nord/Beckedorf|Bremen-Aumund|Bremen-Vegesack|Bremen-Schönebeck|Bremen-St Magnus|Bremen-Lesum|Bremen-Burg,8001162,5,Bremen-Oslebshausen,Bremen,Bremen,28239,8.740801,53.135298,2024-07-08T00:35:00,2024-07-08T00:35:00,,,0,0,Information,on_time,on_time
1283015018331837456-2407080006-7,EV,"Bremen Hbf/Hugo-Schauinsland-Platz, Bremen|Bremen-Walle|Bremen-Oslebshausen|Bremen-Burg|Bremen-Lesum|Bremen-St Magnus",8001163,5,Bremen-Schönebeck,Bremen,Bremen,28759,8.649481,53.1728,2024-07-08T00:44:00,2024-07-08T00:44:00,,,0,0,Information,on_time,on_time
-7890093874821566697-2407072339-7,EV,"Bremen Hbf/Hugo-Schauinsland-Platz, Bremen|Bremen-Walle|Bremen-Oslebshausen|Bremen-Burg|Bremen-Lesum|Bremen-St Magnus",8001163,5,Bremen-Schönebeck,Bremen,Bremen,28759,8.649481,53.1728,2024-07-08T00:17:00,2024-07-08T00:17:00,,,0,0,Information,on_time,on_time
4421136620182211111-2407072341-9,EV,Bremen-Farge|Bremen Turnerstraße|Bremen Kreinsloger|Bremen Mühlenstraße|Bremen-Blumenthal|Klinikum Bremen-Nord/Beckedorf|Bremen-Aumund|Bremen-Vegesack,8001163,5,Bremen-Schönebeck,Bremen,Bremen,28759,8.649481,53.1728,2024-07-08T00:14:00,2024-07-08T00:14:00,,,0,0,Information,on_time,on_time
3731645877869987353-2407072320-13,1,Hannover Hbf|Wunstorf|Neustadt am Rübenberge|Nienburg(Weser)|Eystrup|Dörverden|Verden(Aller)|Langwedel|Etelsen|Baden(Verden)|Achim|Bremen-Mahndorf,8001164,5,Bremen-Sebaldsbrück,Bremen,Bremen,28309,8.887383,53.061355,2024-07-08T00:42:00,2024-07-08T00:42:00,2024-07-08T00:42:00,2024-07-08T00:43:00,0,1,,on_time,on_time
-6027587483204218492-2407080013-2,8,Bremen Hbf,8001164,5,Bremen-Sebaldsbrück,Bremen,Bremen,28309,8.887383,53.061355,2024-07-08T00:18:00,2024-07-08T00:18:00,2024-07-08T01:07:00,2024-07-08T01:08:00,49,50,,delay,delay
1283015018331837456-2407080006-6,EV,"Bremen Hbf/Hugo-Schauinsland-Platz, Bremen|Bremen-Walle|Bremen-Oslebshausen|Bremen-Burg|Bremen-Lesum",8001165,5,Bremen-St Magnus,Bremen,Bremen,28759,8.669732,53.17158,2024-07-08T00:39:00,2024-07-08T00:39:00,,,0,0,Information,on_time,on_time
-7890093874821566697-2407072339-6,EV,"Bremen Hbf/Hugo-Schauinsland-Platz, Bremen|Bremen-Walle|Bremen-Oslebshausen|Bremen-Burg|Bremen-Lesum",8001165,5,Bremen-St Magnus,Bremen,Bremen,28759,8.669732,53.17158,2024-07-08T00:12:00,2024-07-08T00:12:00,,,0,0,Information,on_time,on_time
4421136620182211111-2407072341-10,EV,Bremen-Farge|Bremen Turnerstraße|Bremen Kreinsloger|Bremen Mühlenstraße|Bremen-Blumenthal|Klinikum Bremen-Nord/Beckedorf|Bremen-Aumund|Bremen-Vegesack|Bremen-Schönebeck,8001165,5,Bremen-St Magnus,Bremen,Bremen,28759,8.669732,53.17158,2024-07-08T00:19:00,2024-07-08T00:19:00,,,0,0,Information,on_time,on_time
1283015018331837456-2407080006-8,EV,"Bremen Hbf/Hugo-Schauinsland-Platz, Bremen|Bremen-Walle|Bremen-Oslebshausen|Bremen-Burg|Bremen-Lesum|Bremen-St Magnus|Bremen-Schönebeck",8001166,5,Bremen-Vegesack,Bremen,Bremen,28757,8.629968,53.169716,2024-07-08T00:50:00,2024-07-08T00:50:00,,,0,0,Information,on_time,on_time
-7890093874821566697-2407072339-8,EV,"Bremen Hbf/Hugo-Schauinsland-Platz, Bremen|Bremen-Walle|Bremen-Oslebshausen|Bremen-Burg|Bremen-Lesum|Bremen-St Magnus|Bremen-Schönebeck",8001166,5,Bremen-Vegesack,Bremen,Bremen,28757,8.629968,53.169716,2024-07-08T00:23:00,2024-07-08T00:23:00,,,0,0,Information,on_time,on_time
4421136620182211111-2407072341-8,EV,Bremen-Farge|Bremen Turnerstraße|Bremen Kreinsloger|Bremen Mühlenstraße|Bremen-Blumenthal|Klinikum Bremen-Nord/Beckedorf|Bremen-Aumund,8001166,5,Bremen-Vegesack,Bremen,Bremen,28757,8.629968,53.169716,2024-07-08T00:08:00,2024-07-08T00:08:00,,,0,0,Information,on_time,on_time
1283015018331837456-2407080006-2,EV,"Bremen Hbf/Hugo-Schauinsland-Platz, Bremen",8001167,4,Bremen-Walle,Bremen,Bremen,28219,8.786241,53.103792,2024-07-08T00:13:00,2024-07-08T00:13:00,,,0,0,Information,on_time,on_time
4421136620182211111-2407072341-14,EV,Bremen-Farge|Bremen Turnerstraße|Bremen Kreinsloger|Bremen Mühlenstraße|Bremen-Blumenthal|Klinikum Bremen-Nord/Beckedorf|Bremen-Aumund|Bremen-Vegesack|Bremen-Schönebeck|Bremen-St Magnus|Bremen-Lesum|Bremen-Burg|Bremen-Oslebshausen,8001167,4,Bremen-Walle,Bremen,Bremen,28219,8.786241,53.103792,2024-07-08T00:45:00,2024-07-08T00:45:00,,,0,0,Information,on_time,on_time
-3874627203602538205-2407080042-5,RS2,Stubben|Lunestedt|Loxstedt|Bremerhaven-Wulsdorf,8000051,3,Bremerhaven Hbf,Bremen,Bremerhaven,27570,8.599555,53.534912,2024-07-08T00:57:00,2024-07-08T00:58:00,2024-07-08T00:57:00,2024-07-08T00:58:00,0,0,Information,on_time,on_time
-160417542298965233-2407072315-2,EV,"Bremen Hbf/Hugo-Schauinsland-Platz, Bremen",8000051,3,Bremerhaven Hbf,Bremen,Bremerhaven,27570,8.599555,53.534912,2024-07-08T00:15:00,2024-07-08T00:15:00,,,0,0,,on_time,on_time
-7113663931471534874-2407072315-24,4,"Karlsruhe Albtalbahnhof|Karlsruhe Bahnhofsvorplatz|Poststraße, Karlsruhe|Augartenstraße, Karlsruhe|Kongresszentrum (U), Karlsruhe|Ettlinger Tor/Staatstheater (U), Karlsruhe|Marktplatz (Pyramide U), Karlsruhe|Kronenplatz (U), Karlsruhe|Durlacher Tor/KIT-Campus Süd (U), Karlsruhe|Gottesauer Platz/BGV, Karlsruhe|Tullastraße/Alter Schlachthof, Karlsruhe|Weinweg, Karlsruhe|Durlach Untermühlstraße, Karlsruhe|Karlsruhe-Durlach|Grötzingen|Grötzingen Oberausstraße|Berghausen Hummelberg|Jöhlingen West|Jöhlingen|Wössingen|Wössingen Ost|Dürrenbüchig|Rinklingen",8000053,4,Bretten,Baden-Württemberg,Bretten,75015,8.693448,49.0369,2024-07-07T23:58:00,2024-07-08T00:08:00,2024-07-07T23:58:00,2024-07-08T00:08:00,0,0,,on_time,on_time
8084279724480230536-2407072359-7,45,Eppingen|Sulzfeld(Baden)|Zaisenhausen|Oberderdingen-Flehingen|Gölshausen|Bretten Stadtmitte,8000053,4,Bretten,Baden-Württemberg,Bretten,75015,8.693448,49.0369,2024-07-08T00:20:00,2024-07-08T00:22:00,2024-07-08T00:21:00,2024-07-08T00:24:00,1,2,,on_time,on_time
-5945863034489837010-2407080025-14,4,Eppingen|Eppingen West|Sulzfeld(Baden)|Zaisenhausen|Flehingen|Oberderdingen-Flehingen|Bauerbach|Gölshausen Industriegebiet|Gölshausen|Bretten Kupferhälde|Bretten Schulzentrum|Bretten Wannenweg|Bretten Stadtmitte,8000053,4,Bretten,Baden-Württemberg,Bretten,75015,8.693448,49.0369,2024-07-08T00:55:00,2024-07-08T00:59:00,2024-07-08T00:55:00,2024-07-08T00:59:00,0,0,,on_time,on_time
568059394542159172-2407072345-8,17c,Mühlacker|Ötisheim|Maulbronn West|Ölbronn-Dürrn|Knittlingen-Kleinvillars|Bretten-Ruit|Bretten Rechberg,8000053,4,Bretten,Baden-Württemberg,Bretten,75015,8.693448,49.0369,2024-07-08T00:04:00,2024-07-08T00:05:00,2024-07-08T00:05:00,2024-07-08T00:06:00,1,1,,on_time,on_time
-7192660433394696583-2407080015-24,4,"Karlsruhe Albtalbahnhof|Karlsruhe Bahnhofsvorplatz|Poststraße, Karlsruhe|Augartenstraße, Karlsruhe|Kongresszentrum (U), Karlsruhe|Ettlinger Tor/Staatstheater (U), Karlsruhe|Marktplatz (Pyramide U), Karlsruhe|Kronenplatz (U), Karlsruhe|Durlacher Tor/KIT-Campus Süd (U), Karlsruhe|Gottesauer Platz/BGV, Karlsruhe|Tullastraße/Alter Schlachthof, Karlsruhe|Weinweg, Karlsruhe|Durlach Untermühlstraße, Karlsruhe|Karlsruhe-Durlach|Grötzingen|Grötzingen Oberausstraße|Berghausen Hummelberg|Jöhlingen West|Jöhlingen|Wössingen|Wössingen Ost|Dürrenbüchig|Rinklingen",8000053,4,Bretten,Baden-Württemberg,Bretten,75015,8.693448,49.0369,2024-07-08T00:58:00,2024-07-08T01:00:00,,,0,0,,on_time,on_time
-8294488612689916544-2407072229-19,26,Köln/Bonn Flughafen|Köln Messe/Deutz|Köln Hbf|Köln West|Köln Süd|Hürth-Kalscheuren|Brühl|Sechtem|Roisdorf|Bonn Hbf|Bonn UN Campus|Bonn-Bad Godesberg|Bonn-Mehlem|Rolandseck|Oberwinter|Remagen|Sinzig(Rhein)|Bad Breisig,8001186,5,Brohl,Rheinland-Pfalz,Brohl,56656,7.332639,50.481429,2024-07-08T00:01:00,2024-07-08T00:02:00,2024-07-08T00:05:00,2024-07-08T00:06:00,4,4,,on_time,on_time
5078737997455806676-2407072302-28,26,Mainz Hbf|Mainz-Mombach|Budenheim|Uhlerborn|Heidesheim(Rheinhess)|Ingelheim|Gau Algesheim|Bingen-Gaulsheim|Bingen(Rhein) Stadt|Bingen(Rhein) Hbf|Trechtingshausen|Niederheimbach|Bacharach|Oberwesel|St Goar|Boppard-Hirzenach|Boppard-Bad Salzig|Boppard Hbf|Spay|Rhens|Koblenz Hbf|Koblenz Stadtmitte|Koblenz-Lützel|Mülheim-Kärlich|Weißenthurm|Andernach|Namedy,8001186,5,Brohl,Rheinland-Pfalz,Brohl,56656,7.332639,50.481429,2024-07-08T00:54:00,2024-07-08T00:55:00,2024-07-08T00:55:00,2024-07-08T00:56:00,1,1,Bauarbeiten. (Quelle: zuginfo.nrw),on_time,on_time
-6611325982784550294-2407080015-2,6,Friedberg(Hess),8001196,5,Bruchenbrücken,Hessen,Friedberg (Hess.),61169,8.788402,50.301965,2024-07-08T00:18:00,2024-07-08T00:19:00,2024-07-08T00:18:00,2024-07-08T00:19:00,0,0,,on_time,on_time
3060463630199030135-2407072353-20,6,Frankfurt(Main)Süd|Frankfurt(M)Lokalbahnhof|Frankfurt(M)Ostendstraße|Frankfurt(M)Konstablerwache|Frankfurt(M)Hauptwache|Frankfurt(M)Taunusanlage|Frankfurt Hbf (tief)|Frankfurt(M)Galluswarte|Frankfurt(Main)Messe|Frankfurt(Main)West|Frankfurt-Eschersheim|Frankfurt-Frankfurter Berg|Frankfurt-Berkersheim|Bad Vilbel Süd|Bad Vilbel|Dortelweil|Groß Karben|Okarben|Nieder Wöllstadt,8001196,5,Bruchenbrücken,Hessen,Friedberg (Hess.),61169,8.788402,50.301965,2024-07-08T00:48:00,2024-07-08T00:48:00,2024-07-08T00:48:00,2024-07-08T00:48:00,0,0,,on_time,on_time
-5907409293012768917-2407072323-20,6,Frankfurt(Main)Süd|Frankfurt(M)Lokalbahnhof|Frankfurt(M)Ostendstraße|Frankfurt(M)Konstablerwache|Frankfurt(M)Hauptwache|Frankfurt(M)Taunusanlage|Frankfurt Hbf (tief)|Frankfurt(M)Galluswarte|Frankfurt(Main)Messe|Frankfurt(Main)West|Frankfurt-Eschersheim|Frankfurt-Frankfurter Berg|Frankfurt-Berkersheim|Bad Vilbel Süd|Bad Vilbel|Dortelweil|Groß Karben|Okarben|Nieder Wöllstadt,8001196,5,Bruchenbrücken,Hessen,Friedberg (Hess.),61169,8.788402,50.301965,2024-07-08T00:07:00,2024-07-08T00:07:00,2024-07-08T00:09:00,2024-07-08T00:10:00,2,3,,on_time,on_time
-1416161827936740648-2407080013-2,2,Homburg(Saar)Hbf,8001200,5,Bruchmühlbach-Miesau,Rheinland-Pfalz,Bruchmühlbach-Miesau,66892,7.443979,49.385343,2024-07-08T00:19:00,2024-07-08T00:20:00,2024-07-08T00:19:00,2024-07-08T00:20:00,0,0,,on_time,on_time
7549242416341637866-2407080020-13,32,Menzingen(Baden)|Bahnbrücken|Gochsheim(Baden)|Münzesheim Ost|Münzesheim|Oberöwisheim|Unteröwisheim Bf|Unteröwisheim M.-Luther-Str.|Ubstadt Salzbrunnenstr|Ubstadt Ort|Bruchsal Stegwiesen|Bruchsal Schloßgarten,8000055,2,Bruchsal,Baden-Württemberg,Bruchsal,76646,8.589649,49.124622,2024-07-08T00:50:00,2024-07-08T01:02:00,2024-07-08T00:51:00,2024-07-08T01:03:00,1,1,,on_time,on_time
-8949090213117616639-2407080011-3,2,Karlsruhe Hbf|Karlsruhe-Durlach,8000055,2,Bruchsal,Baden-Württemberg,Bruchsal,76646,8.589649,49.124622,2024-07-08T00:26:00,2024-07-08T00:27:00,2024-07-08T00:26:00,2024-07-08T00:28:00,0,1,,on_time,on_time
4582243912997203612-2407080038-3,73,Karlsruhe Hbf|Karlsruhe-Durlach,8000055,2,Bruchsal,Baden-Württemberg,Bruchsal,76646,8.589649,49.124622,2024-07-08T00:56:00,2024-07-08T00:57:00,,,0,0,,on_time,on_time
-5257827597182823412-2407080008-13,32,Menzingen(Baden)|Bahnbrücken|Gochsheim(Baden)|Münzesheim Ost|Münzesheim|Oberöwisheim|Unteröwisheim Bf|Unteröwisheim M.-Luther-Str.|Ubstadt Salzbrunnenstr|Ubstadt Ort|Bruchsal Stegwiesen|Bruchsal Schloßgarten,8000055,2,Bruchsal,Baden-Württemberg,Bruchsal,76646,8.589649,49.124622,2024-07-08T00:33:00,2024-07-08T00:34:00,2024-07-08T00:33:00,2024-07-08T00:34:00,0,0,,on_time,on_time
-8062106018536775798-2407080025-1,33,,8000055,2,Bruchsal,Baden-Württemberg,Bruchsal,76646,8.589649,49.124622,,2024-07-08T00:25:00,,2024-07-08T00:25:00,0,0,,on_time,on_time
-4890700159633136576-2407072326-20,26,Koblenz Hbf|Koblenz Stadtmitte|Koblenz-Lützel|Mülheim-Kärlich|Weißenthurm|Andernach|Namedy|Brohl|Bad Breisig|Sinzig(Rhein)|Remagen|Oberwinter|Rolandseck|Bonn-Mehlem|Bonn-Bad Godesberg|Bonn UN Campus|Bonn Hbf|Roisdorf|Sechtem,8001215,4,Brühl,Nordrhein-Westfalen,Brühl,50321,6.912718,50.829249,2024-07-08T00:44:00,2024-07-08T00:45:00,2024-07-08T00:47:00,2024-07-08T00:48:00,3,3,Bauarbeiten. (Quelle: zuginfo.nrw),on_time,on_time
4719322772771461124-2407080037-5,48,Köln Hbf|Köln West|Köln Süd|Hürth-Kalscheuren,8001215,4,Brühl,Nordrhein-Westfalen,Brühl,50321,6.912718,50.829249,2024-07-08T00:53:00,2024-07-08T00:54:00,2024-07-08T00:54:00,2024-07-08T00:55:00,1,1,Bauarbeiten. (Quelle: zuginfo.nrw),on_time,on_time
-2491163276465116170-2407072338-7,26,Köln/Bonn Flughafen|Köln Messe/Deutz|Köln Hbf|Köln West|Köln Süd|Hürth-Kalscheuren,8001215,4,Brühl,Nordrhein-Westfalen,Brühl,50321,6.912718,50.829249,2024-07-08T00:11:00,2024-07-08T00:12:00,2024-07-08T00:13:00,2024-07-08T00:14:00,2,2,Bauarbeiten. (Quelle: zuginfo.nrw),on_time,on_time
-3100141342500118652-2407080016-5,1,Sarreguemines|Hanweiler-Bad Rilchingen|Auersmacher|Kleinblittersdorf,8001238,5,Bübingen,Saarland,Saarbrücken,66129,7.034846,49.179636,2024-07-08T00:27:00,2024-07-08T00:27:00,2024-07-08T00:27:00,2024-07-08T00:27:00,0,0,,on_time,on_time
8020114050452310896-2407080010-6,RE83,Lübeck Hbf|Lübeck Hochschulstadtteil|Lübeck Flughafen|Ratzeburg|Mölln(Lauenb),8000058,3,Büchen,Schleswig-Holstein,Büchen,21514,10.623298,53.474972,2024-07-08T00:48:00,2024-07-08T00:50:00,,,0,0,,on_time,on_time
-776270658940385442-2407072345-4,RE83,Lüneburg|Echem|Lauenburg(Elbe),8000058,3,Büchen,Schleswig-Holstein,Büchen,21514,10.623298,53.474972,2024-07-08T00:08:00,2024-07-08T00:09:00,2024-07-08T00:08:00,2024-07-08T00:09:00,0,0,,on_time,on_time
-5352013237915279188-2407072331-17,4,München Ost|München Rosenheimer Platz|München Isartor|München Marienplatz|München Karlsplatz|München Hbf (tief)|München Hackerbrücke|München Donnersbergerbrücke|München Hirschgarten|München-Laim|München-Pasing|München Leienfelsstr.|München-Aubing|Puchheim|Eichenau(Oberbay)|Fürstenfeldbruck,8001229,5,Buchenau (Oberbay),Bayern,Fürstenfeldbruck,82256,11.224497,48.160277,2024-07-08T00:09:00,2024-07-08T00:11:00,2024-07-08T00:11:00,2024-07-08T00:12:00,2,1,,on_time,on_time
-845153543566029596-2407080014-5,4,Geltendorf|Türkenfeld|Grafrath|Schöngeising,8001229,5,Buchenau (Oberbay),Bayern,Fürstenfeldbruck,82256,11.224497,48.160277,2024-07-08T00:27:00,2024-07-08T00:28:00,2024-07-08T00:27:00,2024-07-08T00:28:00,0,0,,on_time,on_time
7668798946135144723-2407072351-17,4,München Ost|München Rosenheimer Platz|München Isartor|München Marienplatz|München Karlsplatz|München Hbf (tief)|München Hackerbrücke|München Donnersbergerbrücke|München Hirschgarten|München-Laim|München-Pasing|München Leienfelsstr.|München-Aubing|Puchheim|Eichenau(Oberbay)|Fürstenfeldbruck,8001229,5,Buchenau (Oberbay),Bayern,Fürstenfeldbruck,82256,11.224497,48.160277,2024-07-08T00:29:00,2024-07-08T00:31:00,2024-07-08T00:31:00,2024-07-08T00:31:00,2,0,,on_time,on_time
-8894360290589207845-2407080011-17,4,München Ost|München Rosenheimer Platz|München Isartor|München Marienplatz|München Karlsplatz|München Hbf (tief)|München Hackerbrücke|München Donnersbergerbrücke|München Hirschgarten|München-Laim|München-Pasing|München Leienfelsstr.|München-Aubing|Puchheim|Eichenau(Oberbay)|Fürstenfeldbruck,8001229,5,Buchenau (Oberbay),Bayern,Fürstenfeldbruck,82256,11.224497,48.160277,2024-07-08T00:49:00,2024-07-08T00:51:00,2024-07-08T00:51:00,2024-07-08T00:51:00,2,0,,on_time,on_time
1674966660498318693-2407080010-2,2,Roth,8001242,5,Büchenbach,Bayern,Büchenbach,91186,11.0741919,49.267766,2024-07-08T00:12:00,2024-07-08T00:13:00,2024-07-08T00:12:00,2024-07-08T00:13:00,0,0,,on_time,on_time
-6197612431327243516-2407072341-11,2,Nürnberg Hbf|Nürnberg-Steinbühl|Nürnberg-Sandreuth|Nürnberg-Eibach|Nürnberg-Reichelsdorf|Reichelsdorfer Keller|Katzwang|Schwabach-Limbach|Schwabach|Rednitzhembach,8001242,5,Büchenbach,Bayern,Büchenbach,91186,11.0741919,49.267766,2024-07-08T00:07:00,2024-07-08T00:07:00,2024-07-08T00:07:00,2024-07-08T00:08:00,0,1,,on_time,on_time
-4260948404223494624-2407072337-5,RB41,Hamburg Hbf|Hamburg-Harburg|Hittfeld|Klecken,8000056,3,Buchholz (Nordheide),Niedersachsen,Buchholz i.d.Nordheide,21244,9.876266,53.324683,2024-07-08T00:04:00,2024-07-08T00:05:00,2024-07-08T00:05:00,2024-07-08T00:06:00,1,1,,on_time,on_time
-916605933920845546-2407080016-1,38,,8000056,3,Buchholz (Nordheide),Niedersachsen,Buchholz i.d.Nordheide,21244,9.876266,53.324683,,2024-07-08T00:16:00,,2024-07-08T00:16:00,0,0,,on_time,on_time
-5610966871480323789-2407072312-11,RB41,Bremen Hbf|Bremen-Oberneuland|Sagehorn|Ottersberg(Han)|Sottrum|Rotenburg(Wümme)|Scheeßel|Lauenbrück|Tostedt|Sprötze,8000056,3,Buchholz (Nordheide),Niedersachsen,Buchholz i.d.Nordheide,21244,9.876266,53.324683,2024-07-08T00:19:00,2024-07-08T00:20:00,2024-07-08T00:19:00,2024-07-08T00:20:00,0,0,,on_time,on_time
5653537330727532664-2407072320-5,70,München Hbf Gl.27-36|München-Pasing|Geltendorf|Kaufering,8000057,3,Buchloe,Bayern,Buchloe,86807,10.716217,48.033723,2024-07-08T00:04:00,2024-07-08T00:07:00,2024-07-08T00:17:00,2024-07-08T00:18:00,13,11,,delay,delay
-2117726194312836395-2407072308-7,71,Memmingen|Sontheim(Schwab)|Stetten(Schwab)|Mindelheim|Rammingen(Bay)|Türkheim(Bay)Bf,8000057,3,Buchloe,Bayern,Buchloe,86807,10.716217,48.033723,2024-07-07T23:50:00,2024-07-08T00:10:00,2024-07-07T23:52:00,2024-07-08T00:20:00,2,10,,on_time,delay
601626001908116179-2407080035-8,3,Darmstadt Hbf|Darmstadt-Arheilgen|Darmstadt-Wixhausen|Erzhausen|Egelsbach|Langen(Hess)|Langen-Flugsicherung,8001236,4,Dreieich-Buchschlag,Hessen,Dreieich,63303,8.66115063,50.0224771,2024-07-08T00:53:00,2024-07-08T00:53:00,,,0,0,,on_time,on_time
-1295838831872431980-2407072350-22,3,Bad Soden(Taunus)|Sulzbach(Taunus)Nord|Schwalbach(Taunus)Limes|Schwalbach(Taunus)Nord|Niederhöchstadt|Eschborn|Eschborn Süd|Frankfurt-Rödelheim|Frankfurt(Main)West|Frankfurt(Main)Messe|Frankfurt(M)Galluswarte|Frankfurt Hbf (tief)|Frankfurt(M)Taunusanlage|Frankfurt(M)Hauptwache|Frankfurt(M)Konstablerwache|Frankfurt(M)Ostendstraße|Frankfurt(M)Lokalbahnhof|Frankfurt(Main)Süd|Frankfurt(M)Stresemannallee|Frankfurt-Louisa|Neu-Isenburg,8001236,4,Dreieich-Buchschlag,Hessen,Dreieich,63303,8.66115063,50.0224771,2024-07-08T00:37:00,2024-07-08T00:38:00,2024-07-08T00:38:00,2024-07-08T00:38:00,1,0,,on_time,on_time
3966244955607959299-2407080017-2,61,Frankfurt(Main)Hbf,8001236,4,Dreieich-Buchschlag,Hessen,Dreieich,63303,8.66115063,50.0224771,2024-07-08T00:26:00,2024-07-08T00:27:00,2024-07-08T00:26:00,2024-07-08T00:27:00,0,0,,on_time,on_time
1643065743470394396-2407080005-8,3,Darmstadt Hbf|Darmstadt-Arheilgen|Darmstadt-Wixhausen|Erzhausen|Egelsbach|Langen(Hess)|Langen-Flugsicherung,8001236,4,Dreieich-Buchschlag,Hessen,Dreieich,63303,8.66115063,50.0224771,2024-07-08T00:23:00,2024-07-08T00:23:00,2024-07-08T00:23:00,2024-07-08T00:23:00,0,0,,on_time,on_time
-3550640731679439284-2407072320-22,3,Bad Soden(Taunus)|Sulzbach(Taunus)Nord|Schwalbach(Taunus)Limes|Schwalbach(Taunus)Nord|Niederhöchstadt|Eschborn|Eschborn Süd|Frankfurt-Rödelheim|Frankfurt(Main)West|Frankfurt(Main)Messe|Frankfurt(M)Galluswarte|Frankfurt Hbf (tief)|Frankfurt(M)Taunusanlage|Frankfurt(M)Hauptwache|Frankfurt(M)Konstablerwache|Frankfurt(M)Ostendstraße|Frankfurt(M)Lokalbahnhof|Frankfurt(Main)Süd|Frankfurt(M)Stresemannallee|Frankfurt-Louisa|Neu-Isenburg,8001236,4,Dreieich-Buchschlag,Hessen,Dreieich,63303,8.66115063,50.0224771,2024-07-08T00:07:00,2024-07-08T00:08:00,2024-07-08T00:08:00,2024-07-08T00:09:00,1,1,,on_time,on_time
4731596700926155152-2407072320-11,RE70,Braunschweig Hbf|Vechelde|Peine|Vöhrum|Hämelerwald|Lehrte|Hannover Hbf|Wunstorf|Haste|Stadthagen,8001245,4,Bückeburg,Niedersachsen,Bückeburg,31675,9.04753625,52.2676584,2024-07-08T00:44:00,2024-07-08T00:45:00,2024-07-08T00:44:00,2024-07-08T00:45:00,0,0,,on_time,on_time
4236289435269760247-2407072328-12,1,Hannover Hbf|Hannover-Nordstadt|Hannover-Leinhausen|Letter|Seelze|Dedensen-Gümmer|Wunstorf|Haste|Lindhorst(Schaumb-Lippe)|Stadthagen|Kirchhorsten,8001245,4,Bückeburg,Niedersachsen,Bückeburg,31675,9.04753625,52.2676584,2024-07-08T00:16:00,2024-07-08T00:16:00,2024-07-08T00:33:00,2024-07-08T00:33:00,17,17,,delay,delay
-1308595689782672773-2407080000-5,2,Blankenfelde (S)|Mahlow|Berlin-Lichtenrade|Berlin Schichauweg,8089010,5,Buckower Chaussee,Berlin,Berlin,12277,13.382912,52.410351,2024-07-08T00:15:00,2024-07-08T00:15:00,2024-07-08T00:15:00,2024-07-08T00:15:00,0,0,,on_time,on_time
-2963774187440278538-2407072323-24,2,Bernau (S)|Bernau-Friedenstal|Zepernick(Bernau)|Röntgental|Berlin-Buch|Berlin-Karow|Berlin-Blankenburg|Berlin-Pankow-Heinersdorf|Berlin-Pankow|Berlin Bornholmer Str.|Berlin Gesundbrunnen(S)|Berlin Humboldthain|Berlin Nordbahnhof|Berlin Oranienburger Straße|Berlin Friedrichstraße (S)|Berlin Brandenburger Tor|Berlin Potsdamer Platz (S)|Berlin Anhalter Bf|Berlin Yorckstr.(S2)|Berlin Südkreuz (S)|Berlin Priesterweg|Berlin Attilastr.|Berlin-Marienfelde,8089010,5,Buckower Chaussee,Berlin,Berlin,12277,13.382912,52.410351,2024-07-08T00:20:00,2024-07-08T00:21:00,2024-07-08T00:22:00,2024-07-08T00:22:00,2,1,,on_time,on_time
-5738915798531129536-2407072343-24,2,Bernau (S)|Bernau-Friedenstal|Zepernick(Bernau)|Röntgental|Berlin-Buch|Berlin-Karow|Berlin-Blankenburg|Berlin-Pankow-Heinersdorf|Berlin-Pankow|Berlin Bornholmer Str.|Berlin Gesundbrunnen(S)|Berlin Humboldthain|Berlin Nordbahnhof|Berlin Oranienburger Straße|Berlin Friedrichstraße (S)|Berlin Brandenburger Tor|Berlin Potsdamer Platz (S)|Berlin Anhalter Bf|Berlin Yorckstr.(S2)|Berlin Südkreuz (S)|Berlin Priesterweg|Berlin Attilastr.|Berlin-Marienfelde,8089010,5,Buckower Chaussee,Berlin,Berlin,12277,13.382912,52.410351,2024-07-08T00:40:00,2024-07-08T00:41:00,2024-07-08T00:40:00,2024-07-08T00:41:00,0,0,,on_time,on_time
613801693990250200-2407072303-24,2,Bernau (S)|Bernau-Friedenstal|Zepernick(Bernau)|Röntgental|Berlin-Buch|Berlin-Karow|Berlin-Blankenburg|Berlin-Pankow-Heinersdorf|Berlin-Pankow|Berlin Bornholmer Str.|Berlin Gesundbrunnen(S)|Berlin Humboldthain|Berlin Nordbahnhof|Berlin Oranienburger Straße|Berlin Friedrichstraße (S)|Berlin Brandenburger Tor|Berlin Potsdamer Platz (S)|Berlin Anhalter Bf|Berlin Yorckstr.(S2)|Berlin Südkreuz (S)|Berlin Priesterweg|Berlin Attilastr.|Berlin-Marienfelde,8089010,5,Buckower Chaussee,Berlin,Berlin,12277,13.382912,52.410351,2024-07-08T00:00:00,2024-07-08T00:01:00,2024-07-08T00:03:00,2024-07-08T00:04:00,3,3,,on_time,on_time
-5950091281616137024-2407080020-5,2,Blankenfelde (S)|Mahlow|Berlin-Lichtenrade|Berlin Schichauweg,8089010,5,Buckower Chaussee,Berlin,Berlin,12277,13.382912,52.410351,2024-07-08T00:35:00,2024-07-08T00:35:00,,,0,0,,on_time,on_time
-4800519778142256146-2407080010-3,26,Mainz Hbf|Mainz-Mombach,8001237,5,Budenheim,Rheinland-Pfalz,Budenheim,55257,8.174062,50.026835,2024-07-08T00:18:00,2024-07-08T00:18:00,2024-07-08T00:18:00,2024-07-08T00:18:00,0,0,,on_time,on_time
2741997306877341621-2407080001-8,33,Bad Kreuznach|Gensingen-Horrweiler|Ockenheim|Gau Algesheim|Ingelheim|Heidesheim(Rheinhess)|Uhlerborn,8001237,5,Budenheim,Rheinland-Pfalz,Budenheim,55257,8.174062,50.026835,2024-07-08T00:31:00,2024-07-08T00:32:00,2024-07-08T00:33:00,2024-07-08T00:34:00,2,2,,on_time,on_time
5206920481857362754-2407080011-1,44,,8001252,5,Bühl (Baden),Baden-Württemberg,Bühl,77815,8.129299,48.696676,,2024-07-08T00:11:00,,2024-07-08T00:11:00,0,0,,on_time,on_time
-267926644212326984-2407080006-8,7,Karlsruhe Hbf|Ettlingen West|Bruchhausen(b Ettlingen)|Malsch|Muggensturm|Rastatt|Baden-Baden,8001252,5,Bühl (Baden),Baden-Württemberg,Bühl,77815,8.129299,48.696676,2024-07-08T00:40:00,2024-07-08T00:41:00,2024-07-08T00:40:00,2024-07-08T00:41:00,0,0,Information,on_time,on_time
-2928408064260179161-2407080003-3,19,Düren|Merzenich,8001264,5,Buir,Nordrhein-Westfalen,Kerpen,50170,6.574514,50.862401,2024-07-08T00:09:00,2024-07-08T00:10:00,2024-07-08T00:10:00,2024-07-08T00:10:00,1,0,,on_time,on_time
-3830421042408965021-2407072301-19,19,Hennef(Sieg)|Siegburg/Bonn|Troisdorf|Spich|Porz-Wahn|Köln/Bonn Flughafen|Köln Frankfurter Straße|Köln Trimbornstr|Köln Messe/Deutz|Köln Hbf|Köln Hansaring|Köln-Ehrenfeld|Köln-Müngersdorf Technologiepark|Lövenich|Köln-Weiden West|Frechen-Königsdorf|Horrem|Sindorf,8001264,5,Buir,Nordrhein-Westfalen,Kerpen,50170,6.574514,50.862401,2024-07-08T00:08:00,2024-07-08T00:09:00,2024-07-08T00:13:00,2024-07-08T00:14:00,5,5,,on_time,on_time
2347053826992548858-2407080007-5,42,Münster(Westf)Hbf|Münster-Albachten|Senden-Bösensell|Nottuln-Appelhülsen,8001266,5,Buldern,Nordrhein-Westfalen,Dülmen,48249,7.370479,51.863054,2024-07-08T00:23:00,2024-07-08T00:24:00,2024-07-08T00:23:00,2024-07-08T00:24:00,0,0,,on_time,on_time
-7811368954226795941-2407072306-14,2,Düsseldorf Hbf|Düsseldorf Flughafen|Duisburg Hbf|Mülheim(Ruhr)Hbf|Essen Hbf|Gelsenkirchen Hbf|Wanne-Eickel Hbf|Recklinghausen Süd|Recklinghausen Hbf|Marl-Sinsen|Haltern am See|Sythen|Dülmen,8001266,5,Buldern,Nordrhein-Westfalen,Dülmen,48249,7.370479,51.863054,2024-07-08T00:33:00,2024-07-08T00:34:00,2024-07-08T00:33:00,2024-07-08T00:34:00,0,0,,on_time,on_time
-8497928154226262856-2407072351-2,RE1,Cochem(Mosel),8001267,3,Bullay DB,Rheinland-Pfalz,Bullay,56859,7.134584,50.05446,2024-07-08T00:31:00,2024-07-08T00:31:00,2024-07-08T00:31:00,2024-07-08T00:31:00,0,0,,on_time,on_time
-2643704412061969793-2407080002-4,RB82,Wittlich Hbf|Ürzig(DB)|Bengel,8001267,3,Bullay DB,Rheinland-Pfalz,Bullay,56859,7.134584,50.05446,2024-07-08T00:43:00,2024-07-08T00:43:00,,,0,0,,on_time,on_time
-1310306075530528700-2407072324-4,RB81,Cochem(Mosel)|Ediger-Eller|Neef,8001267,3,Bullay DB,Rheinland-Pfalz,Bullay,56859,7.134584,50.05446,2024-07-08T00:13:00,2024-07-08T00:13:00,2024-07-08T00:16:00,2024-07-08T00:16:00,3,3,,on_time,on_time
4456518626465571419-2407072220-17,RE60,Braunschweig Hbf|Vechelde|Peine|Vöhrum|Hämelerwald|Lehrte|Hannover Hbf|Wunstorf|Haste|Stadthagen|Bückeburg|Minden(Westf)|Porta Westfalica|Bad Oeynhausen|Löhne(Westf)|Kirchlengern,8000059,3,Bünde (Westf),Nordrhein-Westfalen,Bünde,32257,8.573876,52.202075,2024-07-08T00:19:00,2024-07-08T00:20:00,2024-07-08T00:28:00,2024-07-08T00:29:00,9,9,,delay,delay
-8189148788276870459-2407072341-17,46,Königs Wusterhausen|Wildau|Zeuthen|Eichwalde|Berlin-Grünau|Berlin-Adlershof|Berlin-Johannisthal|Berlin-Schöneweide (S)|Berlin Baumschulenweg|Berlin Köllnische Heide|Berlin-Neukölln|Berlin Hermannstraße|Berlin-Tempelhof|Berlin Südkreuz (S)|Berlin-Schöneberg|Berlin Innsbrucker Platz,8089107,4,Bundesplatz,Berlin,Berlin,10715,13.32959,52.477617,2024-07-08T00:26:00,2024-07-08T00:26:00,,,0,0,,on_time,on_time
-6946957915671022744-2407072358-9,42,Berlin Beusselstraße|Berlin Jungfernheide (S)|Berlin Westend|Berlin Messe Nord/ICC (Witzleben)|Berlin Westkreuz|Berlin-Halensee|Berlin Hohenzollerndamm|Berlin Heidelberger Platz,8089107,4,Bundesplatz,Berlin,Berlin,10715,13.32959,52.477617,2024-07-08T00:14:00,2024-07-08T00:15:00,2024-07-08T00:14:00,2024-07-08T00:15:00,0,0,,on_time,on_time
1959714227586052913-2407080008-20,41,Berlin Beusselstraße|Berlin Westhafen|Berlin-Wedding|Berlin Gesundbrunnen(S)|Berlin Schönhauser Allee|Berlin Prenzlauer Allee|Berlin Greifswalder Str|Berlin Landsberger Allee|Berlin Storkower Str|Berlin Frankfurter Allee|Berlin Ostkreuz (S)|Berlin Treptower Park|Berlin Sonnenallee|Berlin-Neukölln|Berlin Hermannstraße|Berlin-Tempelhof|Berlin Südkreuz (S)|Berlin-Schöneberg|Berlin Innsbrucker Platz,8089107,4,Bundesplatz,Berlin,Berlin,10715,13.32959,52.477617,2024-07-08T00:50:00,2024-07-08T00:51:00,2024-07-08T00:50:00,2024-07-08T00:51:00,0,0,,on_time,on_time
-55396792884219896-2407072321-17,46,Königs Wusterhausen|Wildau|Zeuthen|Eichwalde|Berlin-Grünau|Berlin-Adlershof|Berlin-Johannisthal|Berlin-Schöneweide (S)|Berlin Baumschulenweg|Berlin Köllnische Heide|Berlin-Neukölln|Berlin Hermannstraße|Berlin-Tempelhof|Berlin Südkreuz (S)|Berlin-Schöneberg|Berlin Innsbrucker Platz,8089107,4,Bundesplatz,Berlin,Berlin,10715,13.32959,52.477617,2024-07-08T00:06:00,2024-07-08T00:06:00,2024-07-08T00:06:00,2024-07-08T00:06:00,0,0,,on_time,on_time
3882944869250236994-2407080018-9,42,Berlin Beusselstraße|Berlin Jungfernheide (S)|Berlin Westend|Berlin Messe Nord/ICC (Witzleben)|Berlin Westkreuz|Berlin-Halensee|Berlin Hohenzollerndamm|Berlin Heidelberger Platz,8089107,4,Bundesplatz,Berlin,Berlin,10715,13.32959,52.477617,2024-07-08T00:34:00,2024-07-08T00:35:00,2024-07-08T00:34:00,2024-07-08T00:35:00,0,0,,on_time,on_time
4387045462730231935-2407072358-7,46,Berlin Westend|Berlin Messe Nord/ICC (Witzleben)|Berlin Westkreuz|Berlin-Halensee|Berlin Hohenzollerndamm|Berlin Heidelberger Platz,8089107,4,Bundesplatz,Berlin,Berlin,10715,13.32959,52.477617,2024-07-08T00:09:00,2024-07-08T00:09:00,2024-07-08T00:09:00,2024-07-08T00:09:00,0,0,,on_time,on_time
3411058158594026962-2407072328-20,41,Berlin Beusselstraße|Berlin Westhafen|Berlin-Wedding|Berlin Gesundbrunnen(S)|Berlin Schönhauser Allee|Berlin Prenzlauer Allee|Berlin Greifswalder Str|Berlin Landsberger Allee|Berlin Storkower Str|Berlin Frankfurter Allee|Berlin Ostkreuz (S)|Berlin Treptower Park|Berlin Sonnenallee|Berlin-Neukölln|Berlin Hermannstraße|Berlin-Tempelhof|Berlin Südkreuz (S)|Berlin-Schöneberg|Berlin Innsbrucker Platz,8089107,4,Bundesplatz,Berlin,Berlin,10715,13.32959,52.477617,2024-07-08T00:10:00,2024-07-08T00:11:00,2024-07-08T00:10:00,2024-07-08T00:11:00,0,0,,on_time,on_time
-2790898132614475060-2407080008-9,42,Berlin Beusselstraße|Berlin Jungfernheide (S)|Berlin Westend|Berlin Messe Nord/ICC (Witzleben)|Berlin Westkreuz|Berlin-Halensee|Berlin Hohenzollerndamm|Berlin Heidelberger Platz,8089107,4,Bundesplatz,Berlin,Berlin,10715,13.32959,52.477617,2024-07-08T00:24:00,2024-07-08T00:25:00,2024-07-08T00:24:00,2024-07-08T00:25:00,0,0,,on_time,on_time
5776070001612816527-2407080028-9,42,Berlin Beusselstraße|Berlin Jungfernheide (S)|Berlin Westend|Berlin Messe Nord/ICC (Witzleben)|Berlin Westkreuz|Berlin-Halensee|Berlin Hohenzollerndamm|Berlin Heidelberger Platz,8089107,4,Bundesplatz,Berlin,Berlin,10715,13.32959,52.477617,2024-07-08T00:44:00,2024-07-08T00:45:00,,,0,0,,on_time,on_time
1201503909184688416-2407072318-20,41,Berlin Beusselstraße|Berlin Westhafen|Berlin-Wedding|Berlin Gesundbrunnen(S)|Berlin Schönhauser Allee|Berlin Prenzlauer Allee|Berlin Greifswalder Str|Berlin Landsberger Allee|Berlin Storkower Str|Berlin Frankfurter Allee|Berlin Ostkreuz (S)|Berlin Treptower Park|Berlin Sonnenallee|Berlin-Neukölln|Berlin Hermannstraße|Berlin-Tempelhof|Berlin Südkreuz (S)|Berlin-Schöneberg|Berlin Innsbrucker Platz,8089107,4,Bundesplatz,Berlin,Berlin,10715,13.32959,52.477617,2024-07-08T00:00:00,2024-07-08T00:01:00,2024-07-08T00:00:00,2024-07-08T00:01:00,0,0,,on_time,on_time
-1953822519201541759-2407072348-9,42,Berlin Beusselstraße|Berlin Jungfernheide (S)|Berlin Westend|Berlin Messe Nord/ICC (Witzleben)|Berlin Westkreuz|Berlin-Halensee|Berlin Hohenzollerndamm|Berlin Heidelberger Platz,8089107,4,Bundesplatz,Berlin,Berlin,10715,13.32959,52.477617,2024-07-08T00:04:00,2024-07-08T00:05:00,2024-07-08T00:04:00,2024-07-08T00:05:00,0,0,,on_time,on_time
-7977806028619017735-2407072358-20,41,Berlin Beusselstraße|Berlin Westhafen|Berlin-Wedding|Berlin Gesundbrunnen(S)|Berlin Schönhauser Allee|Berlin Prenzlauer Allee|Berlin Greifswalder Str|Berlin Landsberger Allee|Berlin Storkower Str|Berlin Frankfurter Allee|Berlin Ostkreuz (S)|Berlin Treptower Park|Berlin Sonnenallee|Berlin-Neukölln|Berlin Hermannstraße|Berlin-Tempelhof|Berlin Südkreuz (S)|Berlin-Schöneberg|Berlin Innsbrucker Platz,8089107,4,Bundesplatz,Berlin,Berlin,10715,13.32959,52.477617,2024-07-08T00:40:00,2024-07-08T00:41:00,2024-07-08T00:40:00,2024-07-08T00:41:00,0,0,,on_time,on_time
6742226968666454536-2407072348-20,41,Berlin Beusselstraße|Berlin Westhafen|Berlin-Wedding|Berlin Gesundbrunnen(S)|Berlin Schönhauser Allee|Berlin Prenzlauer Allee|Berlin Greifswalder Str|Berlin Landsberger Allee|Berlin Storkower Str|Berlin Frankfurter Allee|Berlin Ostkreuz (S)|Berlin Treptower Park|Berlin Sonnenallee|Berlin-Neukölln|Berlin Hermannstraße|Berlin-Tempelhof|Berlin Südkreuz (S)|Berlin-Schöneberg|Berlin Innsbrucker Platz,8089107,4,Bundesplatz,Berlin,Berlin,10715,13.32959,52.477617,2024-07-08T00:30:00,2024-07-08T00:31:00,2024-07-08T00:30:00,2024-07-08T00:31:00,0,0,,on_time,on_time
-8236367455607985793-2407080018-7,46,Berlin Westend|Berlin Messe Nord/ICC (Witzleben)|Berlin Westkreuz|Berlin-Halensee|Berlin Hohenzollerndamm|Berlin Heidelberger Platz,8089107,4,Bundesplatz,Berlin,Berlin,10715,13.32959,52.477617,2024-07-08T00:29:00,2024-07-08T00:29:00,2024-07-08T00:29:00,2024-07-08T00:29:00,0,0,,on_time,on_time
1995051390375763386-2407080038-7,46,Berlin Westend|Berlin Messe Nord/ICC (Witzleben)|Berlin Westkreuz|Berlin-Halensee|Berlin Hohenzollerndamm|Berlin Heidelberger Platz,8089107,4,Bundesplatz,Berlin,Berlin,10715,13.32959,52.477617,2024-07-08T00:49:00,2024-07-08T00:49:00,,,0,0,,on_time,on_time
-1079183259924026376-2407080038-9,42,Berlin Beusselstraße|Berlin Jungfernheide (S)|Berlin Westend|Berlin Messe Nord/ICC (Witzleben)|Berlin Westkreuz|Berlin-Halensee|Berlin Hohenzollerndamm|Berlin Heidelberger Platz,8089107,4,Bundesplatz,Berlin,Berlin,10715,13.32959,52.477617,2024-07-08T00:54:00,2024-07-08T00:55:00,,,0,0,,on_time,on_time
-1523060404600637285-2407072338-20,41,Berlin Beusselstraße|Berlin Westhafen|Berlin-Wedding|Berlin Gesundbrunnen(S)|Berlin Schönhauser Allee|Berlin Prenzlauer Allee|Berlin Greifswalder Str|Berlin Landsberger Allee|Berlin Storkower Str|Berlin Frankfurter Allee|Berlin Ostkreuz (S)|Berlin Treptower Park|Berlin Sonnenallee|Berlin-Neukölln|Berlin Hermannstraße|Berlin-Tempelhof|Berlin Südkreuz (S)|Berlin-Schöneberg|Berlin Innsbrucker Platz,8089107,4,Bundesplatz,Berlin,Berlin,10715,13.32959,52.477617,2024-07-08T00:20:00,2024-07-08T00:21:00,2024-07-08T00:20:00,2024-07-08T00:21:00,0,0,,on_time,on_time
1160641199814617012-2407072337-17,45,Flughafen BER (S-Bahn)|Waßmannsdorf|Schönefeld(bei Berlin)|Berlin Grünbergallee|Berlin-Altglienicke|Berlin-Adlershof|Berlin-Johannisthal|Berlin-Schöneweide (S)|Berlin Baumschulenweg|Berlin Köllnische Heide|Berlin-Neukölln|Berlin Hermannstraße|Berlin-Tempelhof|Berlin Südkreuz (S)|Berlin-Schöneberg|Berlin Innsbrucker Platz,8089107,4,Bundesplatz,Berlin,Berlin,10715,13.32959,52.477617,2024-07-08T00:23:00,2024-07-08T00:23:00,2024-07-08T00:23:00,2024-07-08T00:23:00,0,0,,on_time,on_time
6891407687717538498-2407072124-30,1,Frankfurt(Oder)|Frankfurt(Oder)-Rosengarten|Pillgram|Jacobsdorf(Mark)|Briesen(Mark)|Berkenbrück|Fürstenwalde(Spree)|Hangelsberg|Fangschleuse|Erkner|Berlin Ostkreuz|Berlin Ostbahnhof|Berlin Alexanderplatz|Berlin Friedrichstraße|Berlin Hbf|Berlin Zoologischer Garten|Berlin-Charlottenburg|Berlin-Wannsee|Potsdam Hbf|Potsdam Charlottenhof|Potsdam Park Sanssouci|Werder(Havel)|Groß Kreutz|Götz|Brandenburg Hbf|Kirchmöser|Wusterwitz|Genthin|Güsen(b Genthin),8011294,4,Burg (b Magdeburg),Sachsen-Anhalt,Burg,39288,11.840356,52.274406,2024-07-08T00:16:00,2024-07-08T00:17:00,2024-07-08T00:18:00,2024-07-08T00:19:00,2,2,,on_time,on_time
-8198662771829687325-2407072258-21,9,München Hbf|München-Pasing|Mammendorf|Haspelmoor|Althegnenberg|Mering|Mering-St Afra|Kissing|Augsburg-Hochzoll|Augsburg Haunstetterstraße|Augsburg Hbf|Augsburg-Oberhausen|Neusäß|Westheim(Schwab)|Diedorf(Schwab)|Gessertshausen|Kutzenhausen|Dinkelscherben|Freihalden|Jettingen,8001276,5,Burgau (Schwab),Bayern,Burgau,89331,10.427012,48.424797,2024-07-08T00:32:00,2024-07-08T00:33:00,,,0,0,,on_time,on_time
-4623299408447653945-2407072324-8,9,Ulm Hbf|Neu-Ulm|Nersingen|Leipheim|Günzburg|Offingen|Mindelaltheim,8001276,5,Burgau (Schwab),Bayern,Burgau,89331,10.427012,48.424797,2024-07-07T23:56:00,2024-07-08T00:02:00,2024-07-07T23:56:00,2024-07-08T00:02:00,0,0,,on_time,on_time
1640260421649276864-2407080004-8,7,Hannover Hbf|Hannover-Kleefeld|Hannover Karl-Wiechert-Allee|Hannover Anderten-Misburg|Ahlten|Lehrte|Aligse,8001279,4,Burgdorf (Han),Niedersachsen,Burgdorf,31303,10.002837,52.448708,2024-07-08T00:33:00,2024-07-08T00:34:00,2024-07-08T00:41:00,2024-07-08T00:42:00,8,8,Information,delay,delay
